"","actual_t1_cover","game_id","t1_team","t2_team","pred_t1_cp","pred_t1_cover","actual_t1_win","pred_t1_wp","pred_t1_win","actual_over","pred_op","pred_over","t1_book_spread","book_over_under","week","season","t1_home","neutral_site","t1_conference","t2_conference","t1_moneyline","t2_moneyline","spread_correct","spread_winnings","naive_spread_winnings","cover_confidence","t1_ml_prob","t2_ml_prob","pred_t1_ml_value","pred_t2_ml_value","pred_t1_ml_bet","pred_t2_ml_bet","ml_correct","ml_winnings","naive_ml_winnings","ml_value","ou_correct","ou_winnings","naive_ou_winnings","ou_confidence"
"1",1,401282811,"Ohio State","Akron",0.4744,0,1,0.753,1,0,0.4917,0,-48.5,66.5,4,2021,1,0,"Big Ten","Mid-American",NA,NA,0,0,0.954545455,0.0256,NA,NA,NA,NA,NA,NA,NA,NA,NA,NA,1,1.909090909,0.954545455,0.0083
"2",0,401309859,"Oregon","Arizona",0.5279,1,1,0.7365,1,1,0.5479,1,-29.5,59,4,2021,1,0,"Pac-12","Pac-12",-6500,1325,0,0,0.954545455,0.0279,0.984848485,0.070175439,-0.248348485,0.193324561,0,1,0,0,0.507692308,0.193324561,1,1.909090909,0.954545455,0.0479
"3",0,401282082,"Texas A&M","Arkansas",0.3596,0,0,0.5966,1,0,0.5269,1,-4.5,47,4,2021,0,1,"SEC","SEC",-195,165,1,1.909090909,0.954545455,0.1404,0.661016949,0.377358491,-0.064416949,0.026041509,0,1,1,2.65,1.325,0.026041509,0,0,0.954545455,0.0269
"4",0,401301011,"Tulsa","Arkansas State",0.5755,1,1,0.7115,1,1,0.3954,0,-14.5,65,4,2021,1,0,"American Athletic","Sun Belt",-665,450,0,0,0.954545455,0.0755,0.869281046,0.181818182,-0.157781046,0.106681818,0,1,0,0,0.57518797,0.106681818,0,0,0.954545455,0.1046
"5",0,401310706,"Utah State","Boise State",0.6131,1,0,0.3932,0,0,0.4529,0,9.5,69.5,4,2021,1,0,"Mountain West","Mountain West",280,-360,0,0,0.954545455,0.1131,0.263157895,0.782608696,0.130042105,-0.175808696,1,0,0,0,0.638888889,0.130042105,1,1.909090909,0.954545455,0.0471
"6",0,401282792,"Minnesota","Bowling Green",0.5503,1,0,0.7399,1,0,0.5747,1,-30.5,51,4,2021,1,0,"Big Ten","Mid-American",NA,NA,0,0,0.954545455,0.0503,NA,NA,NA,NA,NA,NA,NA,NA,NA,NA,0,0,0.954545455,0.0747
"7",1,401282209,"Old Dominion","Buffalo",0.5857,1,0,0.3472,0,1,0.3637,0,13,50.5,4,2021,1,0,"Conference USA","Mid-American",390,-545,1,1.909090909,0.954545455,0.0857,0.204081633,0.84496124,0.143118367,-0.19216124,1,0,0,0,0.591743119,0.143118367,0,0,0.954545455,0.1363
"8",0,401309857,"Washington","California",0.5635,1,1,0.639,1,1,0.6351,1,-7.5,47.5,4,2021,1,0,"Pac-12","Pac-12",-320,260,0,0,0.954545455,0.0635,0.761904762,0.277777778,-0.122904762,0.083222222,0,1,0,0,0.65625,0.083222222,1,1.909090909,0.954545455,0.1351
"9",1,401282643,"NC State","Clemson",0.3659,0,1,0.3143,0,1,0.647,1,10.5,47.5,4,2021,1,0,"ACC","ACC",290,-380,0,0,0.954545455,0.1341,0.256410256,0.791666667,0.057889744,-0.105966667,1,0,1,3.9,1.95,0.057889744,1,1.909090909,0.954545455,0.147
"10",0,401282756,"Iowa","Colorado State",0.3713,0,1,0.7283,1,0,0.4876,0,-23.5,43.5,4,2021,1,0,"Big Ten","Mountain West",-2500,1050,1,1.909090909,0.954545455,0.1287,0.961538462,0.086956522,-0.233238462,0.184743478,0,1,0,0,0.52,0.184743478,1,1.909090909,0.954545455,0.0124
"11",0,401282088,"Vanderbilt","Georgia",0.5319,1,0,0.2362,0,1,0.5287,1,36,54,4,2021,1,0,"SEC","SEC",NA,NA,0,0,0.954545455,0.0319,NA,NA,NA,NA,NA,NA,NA,NA,NA,NA,1,1.909090909,0.954545455,0.0287
"12",0,401282641,"North Carolina","Georgia Tech",0.6205,1,0,0.724,1,1,0.3951,0,-14.5,65.5,4,2021,0,1,"ACC","ACC",-555,395,0,0,0.954545455,0.1205,0.847328244,0.202020202,-0.123328244,0.073979798,0,1,1,4.95,2.475,0.073979798,0,0,0.954545455,0.1049
"13",0,401310708,"New Mexico State","Hawai'i",0.5616,1,0,0.3242,0,0,0.4922,0,17,63,4,2021,1,0,"FBS Independents","Mountain West",575,-900,0,0,0.954545455,0.0616,0.148148148,0.9,0.176051852,-0.2242,1,0,0,0,0.555555556,0.176051852,1,1.909090909,0.954545455,0.0078
"14",0,401282716,"Purdue","Illinois",0.3919,0,1,0.6594,1,0,0.5528,1,-10.5,53.5,4,2021,1,0,"Big Ten","Big Ten",-455,335,1,1.909090909,0.954545455,0.1081,0.81981982,0.229885057,-0.16041982,0.110714943,0,1,0,0,0.60989011,0.110714943,0,0,0.954545455,0.0528
"15",1,401282214,"Western Kentucky","Indiana",0.6307,1,0,0.4188,0,1,0.5463,1,9.5,62.5,4,2021,1,0,"Conference USA","Big Ten",280,-360,1,1.909090909,0.954545455,0.1307,0.263157895,0.782608696,0.155642105,-0.201408696,1,0,0,0,0.638888889,0.155642105,1,1.909090909,0.954545455,0.0463
"16",1,401287909,"Oklahoma State","Kansas State",0.6102,1,1,0.6387,1,1,0.4031,0,-6,47.5,4,2021,1,0,"Big 12","Big 12",-210,175,1,1.909090909,0.954545455,0.1102,0.677419355,0.363636364,-0.038719355,-0.002336364,0,0,0,1,0.738095238,-0.002336364,0,0,0.954545455,0.0969
"17",1,401282765,"Maryland","Kent State",0.4322,0,1,0.6604,1,0,0.5981,1,-13,71.5,4,2021,1,0,"Big Ten","Mid-American",-635,435,0,0,0.954545455,0.0678,0.863945578,0.186915888,-0.203545578,0.152684112,0,1,0,0,0.578740157,0.152684112,0,0,0.954545455,0.0981
"18",0,401282087,"South Carolina","Kentucky",0.5006,1,0,0.3726,0,0,0.4671,0,4.5,49,4,2021,1,0,"SEC","SEC",170,-200,0,0,0.954545455,6e-04,0.37037037,0.666666667,0.00222963,-0.039266667,1,0,0,0,0.75,0.00222963,1,1.909090909,0.954545455,0.0329
"19",0,401282085,"Mississippi State","LSU",0.6616,1,0,0.4702,0,0,0.5561,1,1.5,55,4,2021,1,0,"SEC","SEC",105,-125,0,0,0.954545455,0.1616,0.487804878,0.555555556,-0.017604878,-0.025755556,0,0,0,1,0.9,-0.017604878,0,0,0.954545455,0.0561
"20",1,401282637,"Syracuse","Liberty",0.3385,0,1,0.3581,0,0,0.6017,1,6.5,54,4,2021,1,0,"ACC","FBS Independents",210,-250,0,0,0.954545455,0.1615,0.322580645,0.714285714,0.035519355,-0.072385714,1,0,1,3.1,1.55,0.035519355,0,0,0.954545455,0.1017
"21",1,401282212,"UTEP","New Mexico",0.6425,1,1,0.5195,1,0,0.4107,0,2.5,54,4,2021,1,0,"Conference USA","Mountain West",110,-130,1,1.909090909,0.954545455,0.1425,0.476190476,0.565217391,0.043309524,-0.084717391,1,0,1,2.1,1.05,0.043309524,1,1.909090909,0.954545455,0.0893
"22",0,401282707,"Wisconsin","Notre Dame",0.463,0,0,0.6026,1,1,0.5463,1,-6,44,4,2021,0,1,"Big Ten","FBS Independents",-225,185,1,1.909090909,0.954545455,0.037,0.692307692,0.350877193,-0.089707692,0.046522807,0,1,1,2.85,1.425,0.046522807,1,1.909090909,0.954545455,0.0463
"23",0,401309860,"USC","Oregon State",0.4216,0,0,0.652,1,1,0.515,1,-11,63,4,2021,1,0,"Pac-12","Pac-12",-460,340,1,1.909090909,0.954545455,0.0784,0.821428571,0.227272727,-0.169428571,0.120727273,0,1,1,4.4,2.2,0.120727273,1,1.909090909,0.954545455,0.015
"24",0,401287910,"TCU","SMU",0.4601,0,0,0.5989,1,1,0.4876,0,-9.5,65.5,4,2021,1,0,"Big 12","American Athletic",-380,290,1,1.909090909,0.954545455,0.0399,0.791666667,0.256410256,-0.192766667,0.144689744,0,1,1,3.9,1.95,0.144689744,0,0,0.954545455,0.0124
"25",1,401309554,"Western Michigan","San José State",0.4518,0,1,0.5052,1,0,0.5112,1,-2.5,62,4,2021,1,0,"Mid-American","Mountain West",-140,120,0,0,0.954545455,0.0482,0.583333333,0.454545455,-0.078133333,0.040254545,0,1,0,0,0.857142857,0.040254545,0,0,0.954545455,0.0112
"26",1,401309611,"UL Monroe","Troy",0.3881,0,1,0.2468,0,0,0.5096,1,23.5,49.5,4,2021,1,0,"Sun Belt","Sun Belt",1050,-2500,0,0,0.954545455,0.1119,0.086956522,0.961538462,0.159843478,-0.208338462,1,0,1,11.5,5.75,0.159843478,0,0,0.954545455,0.0096
"27",0,401310710,"New Mexico","Air Force",0.441,0,0,0.0961,0,1,0.6501,1,11.5,45.5,5,2021,1,0,"Mountain West","Mountain West",335,-455,1,1.909090909,0.954545455,0.059,0.229885057,0.81981982,-0.133785057,0.08408018,0,1,1,1.21978022,0.60989011,0.08408018,1,1.909090909,0.954545455,0.1501
"28",0,401309612,"Georgia State","App State",0.5285,1,0,0.2557,0,1,0.4973,0,10,54.5,5,2021,1,0,"Sun Belt","Sun Belt",300,-395,0,0,0.954545455,0.0285,0.25,0.797979798,0.0057,-0.053679798,1,0,0,0,0.626582278,0.0057,0,0,0.954545455,0.0027
"29",0,401309866,"UCLA","Arizona State",0.4108,0,0,0.5027,1,1,0.5018,1,-3,56,5,2021,1,0,"Pac-12","Pac-12",-145,125,1,1.909090909,0.954545455,0.0892,0.591836735,0.444444444,-0.089136735,0.052855556,0,1,1,2.25,1.125,0.052855556,1,1.909090909,0.954545455,0.0018
"30",1,401282090,"Georgia","Arkansas",0.6016,1,1,0.8756,1,0,0.5193,1,-16.5,48.5,5,2021,1,0,"SEC","SEC",-700,475,1,1.909090909,0.954545455,0.1016,0.875,0.173913043,6e-04,-0.049513043,1,0,1,1.142857143,0.571428571,6e-04,0,0,0.954545455,0.0193
"31",1,401309613,"Georgia Southern","Arkansas State",0.4413,0,1,0.5208,1,1,0.3251,0,-2,66,5,2021,1,0,"Sun Belt","Sun Belt",-125,105,0,0,0.954545455,0.0587,0.555555556,0.487804878,-0.034755556,-0.008604878,0,0,0,1,0.9,-0.008604878,0,0,0.954545455,0.1749
"32",1,401309559,"Ball State","Army",0.4624,0,1,0.2752,0,0,0.4921,0,10,47.5,5,2021,1,0,"Mid-American","FBS Independents",310,-415,0,0,0.954545455,0.0376,0.243902439,0.805825243,0.031297561,-0.081025243,1,0,1,4.1,2.05,0.031297561,1,1.909090909,0.954545455,0.0079
"33",0,401309912,"Utah State","BYU",0.4935,0,0,0.229,0,0,0.5302,1,8,65.5,5,2021,1,0,"Mountain West","FBS Independents",310,-415,1,1.909090909,0.954545455,0.0065,0.243902439,0.805825243,-0.014902439,-0.034825243,0,0,0,1,0.620481928,-0.014902439,0,0,0.954545455,0.0302
"34",1,401287914,"Oklahoma State","Baylor",0.557,1,1,0.6356,1,0,0.4485,0,-4,47,5,2021,1,0,"Big 12","Big 12",-175,150,1,1.909090909,0.954545455,0.057,0.636363636,0.4,-0.000763636,-0.0356,0,0,0,1,0.785714286,-0.000763636,1,1.909090909,0.954545455,0.0515
"35",0,401282647,"Clemson","Boston College",0.5667,1,1,0.8448,1,0,0.5665,1,-14.5,46.5,5,2021,1,0,"ACC","ACC",-655,445,0,0,0.954545455,0.0667,0.867549669,0.183486239,-0.022749669,-0.028286239,0,0,0,1,0.576335878,-0.022749669,0,0,0.954545455,0.0665
"36",0,401309562,"Kent State","Bowling Green",0.6472,1,1,0.939,1,0,0.5051,1,-16.5,56,5,2021,1,0,"Mid-American","Mid-American",-850,550,0,0,0.954545455,0.1472,0.894736842,0.153846154,0.044263158,-0.092846154,1,0,1,1.117647059,0.558823529,0.044263158,0,0,0.954545455,0.0051
"37",1,401308835,"Miami (OH)","Central Michigan",0.4045,0,1,0.4891,0,0,0.4947,0,1.5,56,5,2021,1,0,"Mid-American","Mid-American",-115,-120,0,0,0.954545455,0.0955,0.534883721,0.545454545,-0.045783721,-0.034554545,0,0,0,1,0.934782609,-0.034554545,1,1.909090909,0.954545455,0.0053
"38",0,401282219,"Illinois","Charlotte",0.5664,1,1,0.8531,1,0,0.5819,1,-10.5,54,5,2021,1,0,"Big Ten","Conference USA",-415,310,0,0,0.954545455,0.0664,0.805825243,0.243902439,0.047274757,-0.097002439,1,0,1,1.240963855,0.620481928,0.047274757,0,0,0.954545455,0.0819
"39",0,401282708,"Notre Dame","Cincinnati",0.5466,1,0,0.7064,1,0,0.4921,0,2,50,5,2021,1,0,"FBS Independents","American Athletic",105,-120,0,0,0.954545455,0.0466,0.487804878,0.545454545,0.218595122,-0.251854545,1,0,0,0,0.916666667,0.218595122,1,1.909090909,0.954545455,0.0079
"40",1,401282650,"North Carolina","Duke",0.5112,1,1,0.9153,1,0,0.4368,0,-19.5,74.5,5,2021,1,0,"ACC","ACC",-1200,700,1,1.909090909,0.954545455,0.0112,0.923076923,0.125,-0.007776923,-0.0403,0,0,0,1,0.541666667,-0.007776923,1,1.909090909,0.954545455,0.0632
"41",1,401309558,"Northern Illinois","Eastern Michigan",0.4334,0,1,0.4421,0,0,0.4452,0,-1.5,62,5,2021,1,0,"Mid-American","Mid-American",-120,-115,0,0,0.954545455,0.0666,0.545454545,0.534883721,-0.103354545,0.023016279,0,1,0,0,0.916666667,0.023016279,1,1.909090909,0.954545455,0.0548
"42",1,401282091,"Kentucky","Florida",0.4693,0,1,0.2438,0,0,0.3781,0,7.5,56.5,5,2021,1,0,"SEC","SEC",260,-320,0,0,0.954545455,0.0307,0.277777778,0.761904762,-0.033977778,-0.005704762,0,0,0,1,1.8,-0.005704762,1,1.909090909,0.954545455,0.1219
"43",1,401310712,"Hawai'i","Fresno State",0.4709,0,1,0.2845,0,0,0.4588,0,10.5,64.5,5,2021,1,0,"Mountain West","Mountain West",310,-415,0,0,0.954545455,0.0291,0.243902439,0.805825243,0.040597561,-0.090325243,1,0,1,4.1,2.05,0.040597561,1,1.909090909,0.954545455,0.0412
"44",0,401301012,"Tulsa","Houston",0.5306,1,0,0.642,1,1,0.5292,1,-3.5,54,5,2021,1,0,"American Athletic","American Athletic",-170,145,0,0,0.954545455,0.0306,0.62962963,0.408163265,0.01237037,-0.050163265,1,0,0,0,1.225,0.01237037,1,1.909090909,0.954545455,0.0292
"45",1,401282729,"Penn State","Indiana",0.5406,1,1,0.8821,1,0,0.4349,0,-12.5,54,5,2021,1,0,"Big Ten","Big Ten",-520,375,1,1.909090909,0.954545455,0.0406,0.838709677,0.210526316,0.043390323,-0.092626316,1,0,1,1.192307692,0.596153846,0.043390323,1,1.909090909,0.954545455,0.0651
"46",0,401282759,"Maryland","Iowa",0.5875,1,0,0.5674,1,1,0.4209,0,3,47.5,5,2021,1,0,"Big Ten","Big Ten",140,-165,0,0,0.954545455,0.0875,0.416666667,0.622641509,0.150733333,-0.190041509,1,0,0,0,0.803030303,0.150733333,0,0,0.954545455,0.0791
"47",0,401282221,"UAB","Liberty",0.4437,0,0,0.4199,0,0,0.4483,0,-3,49.5,5,2021,1,0,"Conference USA","FBS Independents",-135,115,1,1.909090909,0.954545455,0.0563,0.574468085,0.465116279,-0.154568085,0.114983721,0,1,1,2.15,1.075,0.114983721,1,1.909090909,0.954545455,0.0517
"48",1,401309615,"South Alabama","Louisiana",0.4643,0,0,0.1957,0,0,0.5123,1,12,52.5,5,2021,1,0,"Sun Belt","Sun Belt",360,-500,0,0,0.954545455,0.0357,0.217391304,0.833333333,-0.021691304,-0.029033333,0,0,0,1,0.6,-0.021691304,0,0,0.954545455,0.0123
"49",0,401282220,"NC State","Louisiana Tech",0.4727,0,1,0.8464,1,1,0.5281,1,-17.5,56,5,2021,1,0,"ACC","Conference USA",-1100,650,1,1.909090909,0.954545455,0.0273,0.916666667,0.133333333,-0.070266667,0.020266667,0,1,0,0,0.545454545,0.020266667,1,1.909090909,0.954545455,0.0281
"50",0,401282651,"Wake Forest","Louisville",0.4803,0,1,0.6837,1,1,0.6501,1,-7,64.5,5,2021,1,0,"ACC","ACC",-280,230,1,1.909090909,0.954545455,0.0197,0.736842105,0.303030303,-0.053142105,0.013269697,0,1,0,0,0.678571429,0.013269697,1,1.909090909,0.954545455,0.1501
"51",1,401282216,"Middle Tennessee","Marshall",0.4513,0,1,0.2405,0,0,0.3879,0,10.5,65.5,5,2021,1,0,"Conference USA","Conference USA",300,-395,0,0,0.954545455,0.0487,0.25,0.797979798,-0.0095,-0.038479798,0,0,0,1,2,-0.0095,1,1.909090909,0.954545455,0.1121
"52",1,401301015,"Temple","Memphis",0.5608,1,1,0.1875,0,1,0.4924,0,11,59,5,2021,1,0,"American Athletic","American Athletic",320,-430,1,1.909090909,0.954545455,0.0608,0.238095238,0.811320755,-0.050595238,0.001179245,0,1,0,0,2.1,0.001179245,0,0,0.954545455,0.0076
"53",0,401282776,"Wisconsin","Michigan",0.5702,1,0,0.4024,0,1,0.478,0,-2.5,43.5,5,2021,1,0,"Big Ten","Big Ten",-125,105,0,0,0.954545455,0.0702,0.555555556,0.487804878,-0.153155556,0.109795122,0,1,1,2.05,1.025,0.109795122,0,0,0.954545455,0.022
"54",0,401282793,"Purdue","Minnesota",0.5242,1,0,0.5019,1,0,0.6354,1,-2.5,46,5,2021,1,0,"Big Ten","Big Ten",-130,110,0,0,0.954545455,0.0242,0.565217391,0.476190476,-0.063317391,0.021909524,0,1,1,2.1,1.05,0.021909524,0,0,0.954545455,0.1354
"55",0,401282095,"Texas A&M","Mississippi State",0.2899,0,0,0.4558,0,1,0.5587,1,-7,45.5,5,2021,1,0,"SEC","SEC",-300,250,1,1.909090909,0.954545455,0.2101,0.75,0.285714286,-0.2942,0.258485714,0,1,1,3.5,1.75,0.258485714,1,1.909090909,0.954545455,0.0587
"56",0,401310713,"San José State","New Mexico State",0.3607,0,1,0.7461,1,1,0.5386,1,-25.5,51.5,5,2021,1,0,"Mountain West","FBS Independents",NA,NA,1,1.909090909,0.954545455,0.1393,NA,NA,NA,NA,NA,NA,NA,NA,NA,NA,1,1.909090909,0.954545455,0.0386
"57",0,401282813,"Rutgers","Ohio State",0.4534,0,0,0.1844,0,1,0.5694,1,15,58,5,2021,1,0,"Big Ten","Big Ten",475,-700,1,1.909090909,0.954545455,0.0466,0.173913043,0.875,0.010486957,-0.0594,1,0,0,0,0.571428571,0.010486957,1,1.909090909,0.954545455,0.0694
"58",1,401282217,"UTEP","Old Dominion",0.4394,0,1,0.4652,0,1,0.399,0,-5.5,48.5,5,2021,1,0,"Conference USA","Conference USA",-230,190,0,0,0.954545455,0.0606,0.696969697,0.344827586,-0.231769697,0.189972414,0,1,0,0,0.717391304,0.189972414,0,0,0.954545455,0.101
"59",1,401309864,"Stanford","Oregon",0.3777,0,1,0.1162,0,0,0.487,0,8.5,57.5,5,2021,1,0,"Pac-12","Pac-12",255,-310,0,0,0.954545455,0.1223,0.281690141,0.756097561,-0.165490141,0.127702439,0,1,0,0,1.775,0.127702439,1,1.909090909,0.954545455,0.013
"60",0,401287916,"West Virginia","Texas Tech",0.4923,0,0,0.6673,1,0,0.4031,0,-7.5,55.5,5,2021,1,0,"Big 12","Big 12",-280,230,1,1.909090909,0.954545455,0.0077,0.736842105,0.303030303,-0.069542105,0.029669697,0,1,1,3.3,1.65,0.029669697,1,1.909090909,0.954545455,0.0969
"61",0,401282096,"Vanderbilt","UConn",0.3879,0,1,0.6494,1,1,0.4177,0,-14.5,51,5,2021,1,0,"SEC","FBS Independents",-665,450,1,1.909090909,0.954545455,0.1121,0.869281046,0.181818182,-0.219881046,0.168781818,0,1,0,0,0.57518797,0.168781818,0,0,0.954545455,0.0823
"62",0,401282222,"UTSA","UNLV",0.4595,0,1,0.9452,1,0,0.3732,0,-21.5,55.5,5,2021,1,0,"Conference USA","Mountain West",-1500,775,1,1.909090909,0.954545455,0.0405,0.9375,0.114285714,0.0077,-0.059485714,1,0,1,1.066666667,0.533333333,0.0077,1,1.909090909,0.954545455,0.1268
"63",0,401309566,"Bowling Green","Akron",0.4723,0,0,0.6646,1,1,0.4288,0,-14,46,6,2021,1,0,"Mid-American","Mid-American",-565,400,1,1.909090909,0.954545455,0.0277,0.84962406,0.2,-0.18502406,0.1354,0,1,1,5,2.5,0.1354,0,0,0.954545455,0.0712
"64",1,401282103,"Texas A&M","Alabama",0.3318,0,1,0.0777,0,1,0.4574,0,18.5,51,6,2021,1,0,"SEC","SEC",700,-1200,0,0,0.954545455,0.1682,0.125,0.923076923,-0.0473,-0.000776923,0,0,0,1,4,-0.000776923,0,0,0.954545455,0.0426
"65",0,401282100,"Ole Miss","Arkansas",0.4648,0,1,0.6448,1,1,0.5017,1,-5,66.5,6,2021,1,0,"SEC","SEC",-195,165,1,1.909090909,0.954545455,0.0352,0.661016949,0.377358491,-0.016216949,-0.022158491,0,0,0,1,0.756410256,-0.016216949,1,1.909090909,0.954545455,0.0017
"66",0,401309563,"Western Michigan","Ball State",0.4566,0,0,0.714,1,1,0.4881,0,-12.5,57.5,6,2021,1,0,"Mid-American","Mid-American",-500,360,1,1.909090909,0.954545455,0.0434,0.833333333,0.217391304,-0.119333333,0.068608696,0,1,1,4.6,2.3,0.068608696,0,0,0.954545455,0.0119
"67",0,401309913,"BYU","Boise State",0.5643,1,0,0.8195,1,0,0.4624,0,-6,58,6,2021,1,0,"FBS Independents","Mountain West",-235,195,0,0,0.954545455,0.0643,0.701492537,0.338983051,0.118007463,-0.158483051,1,0,0,0,1.475,0.118007463,1,1.909090909,0.954545455,0.0376
"68",1,401309565,"Kent State","Buffalo",0.5655,1,1,0.7551,1,1,0.4738,0,-7,66,6,2021,1,0,"Mid-American","Mid-American",-230,190,1,1.909090909,0.954545455,0.0655,0.696969697,0.344827586,0.058130303,-0.099927586,1,0,1,1.434782609,0.717391304,0.058130303,0,0,0.954545455,0.0262
"69",1,401309567,"Ohio","Central Michigan",0.4252,0,0,0.2945,0,0,0.4976,0,5,57.5,6,2021,1,0,"Mid-American","Mid-American",175,-210,0,0,0.954545455,0.0748,0.363636364,0.677419355,-0.069136364,0.028080645,0,1,1,1.476190476,0.738095238,0.028080645,1,1.909090909,0.954545455,0.0024
"70",0,401282224,"Florida International","Charlotte",0.4597,0,0,0.2699,0,1,0.393,0,3.5,60.5,6,2021,1,0,"Conference USA","Conference USA",150,-175,1,1.909090909,0.954545455,0.0403,0.4,0.636363636,-0.1301,0.093736364,0,1,1,1.571428571,0.785714286,0.093736364,0,0,0.954545455,0.107
"71",0,401301019,"UCF","East Carolina",0.6277,1,1,0.7966,1,0,0.4231,0,-10,65.5,6,2021,1,0,"American Athletic","American Athletic",-380,290,0,0,0.954545455,0.1277,0.791666667,0.256410256,0.004933333,-0.053010256,1,0,1,1.263157895,0.631578947,0.004933333,1,1.909090909,0.954545455,0.0769
"72",1,401282225,"UAB","Florida Atlantic",0.6667,1,1,0.6707,1,0,0.4964,0,-3.5,49,6,2021,1,0,"Conference USA","Conference USA",-180,155,1,1.909090909,0.954545455,0.1667,0.642857143,0.392156863,0.027842857,-0.062856863,1,0,1,1.555555556,0.777777778,0.027842857,1,1.909090909,0.954545455,0.0036
"73",0,401282654,"North Carolina","Florida State",0.5568,1,0,0.8901,1,0,0.47,0,-17.5,64.5,6,2021,1,0,"ACC","ACC",-900,575,0,0,0.954545455,0.0568,0.9,0.148148148,-0.0099,-0.038248148,0,0,0,1,3.375,-0.0099,1,1.909090909,0.954545455,0.03
"74",0,401309617,"Troy","Georgia Southern",0.3945,0,1,0.5319,1,1,0.5858,1,-5.5,50.5,6,2021,1,0,"Sun Belt","Sun Belt",-220,180,1,1.909090909,0.954545455,0.1055,0.6875,0.357142857,-0.1556,0.110957143,0,1,0,0,0.727272727,0.110957143,1,1.909090909,0.954545455,0.0858
"75",0,401309618,"UL Monroe","Georgia State",0.3761,0,0,0.1019,0,1,0.4998,0,16,49.5,6,2021,1,0,"Sun Belt","Sun Belt",500,-750,1,1.909090909,0.954545455,0.1239,0.166666667,0.882352941,-0.064766667,0.015747059,0,1,1,1.133333333,0.566666667,0.015747059,0,0,0.954545455,2e-04
"76",0,401301017,"Tulane","Houston",0.3567,0,0,0.1627,0,1,0.5393,1,6.5,60,6,2021,1,0,"American Athletic","American Athletic",170,-200,1,1.909090909,0.954545455,0.1433,0.37037037,0.666666667,-0.20767037,0.170633333,0,1,1,1.5,0.75,0.170633333,1,1.909090909,0.954545455,0.0393
"77",1,401282769,"Ohio State","Maryland",0.5373,1,1,0.9323,1,1,0.5088,1,-21.5,71.5,6,2021,1,0,"Big Ten","Big Ten",-1600,800,1,1.909090909,0.954545455,0.0373,0.941176471,0.111111111,-0.008876471,-0.043411111,0,0,0,1,0.53125,-0.008876471,1,1.909090909,0.954545455,0.0088
"78",1,401301020,"Tulsa","Memphis",0.6029,1,1,0.6453,1,1,0.4919,0,-3,60.5,6,2021,1,0,"American Athletic","American Athletic",-160,135,1,1.909090909,0.954545455,0.1029,0.615384615,0.425531915,0.029915385,-0.070831915,1,0,1,1.625,0.8125,0.029915385,0,0,0.954545455,0.0081
"79",0,401282788,"Rutgers","Michigan State",0.5015,1,0,0.4512,0,0,0.3979,0,4,49.5,6,2021,1,0,"Big Ten","Big Ten",165,-195,0,0,0.954545455,0.0015,0.377358491,0.661016949,0.073841509,-0.112216949,1,0,0,0,0.756410256,0.073841509,1,1.909090909,0.954545455,0.1021
"80",1,401310716,"San Diego State","New Mexico",0.5553,1,1,0.9349,1,0,0.6193,1,-19.5,42.5,6,2021,1,0,"Mountain West","Mountain West",-1200,700,1,1.909090909,0.954545455,0.0553,0.923076923,0.125,0.011823077,-0.0599,1,0,1,1.083333333,0.541666667,0.011823077,0,0,0.954545455,0.1193
"81",0,401309564,"Toledo","Northern Illinois",0.537,1,0,0.7102,1,0,0.4935,0,-13,51,6,2021,1,0,"Mid-American","Mid-American",-520,375,0,0,0.954545455,0.037,0.838709677,0.210526316,-0.128509677,0.079273684,0,1,1,4.75,2.375,0.079273684,1,1.909090909,0.954545455,0.0065
"82",0,401282656,"Virginia Tech","Notre Dame",0.5178,1,0,0.4422,0,1,0.4961,0,-1,47,6,2021,1,0,"ACC","FBS Independents",-105,-115,0,0,0.954545455,0.0178,0.512195122,0.534883721,-0.069995122,0.022916279,0,1,1,1.869565217,0.934782609,0.022916279,0,0,0.954545455,0.0039
"83",0,401287918,"Texas","Oklahoma",0.3668,0,0,0.2186,0,1,0.3938,0,4,65,6,2021,0,1,"Big 12","Big 12",130,-150,1,1.909090909,0.954545455,0.1332,0.434782609,0.6,-0.216182609,0.1814,0,1,1,1.666666667,0.833333333,0.1814,0,0,0.954545455,0.1062
"84",1,401309869,"Washington State","Oregon State",0.5316,1,1,0.3935,0,0,0.3309,0,4,59,6,2021,1,0,"Pac-12","Pac-12",155,-180,1,1.909090909,0.954545455,0.0316,0.392156863,0.642857143,0.001343137,-0.036357143,1,0,1,2.55,1.275,0.001343137,1,1.909090909,0.954545455,0.1691
"85",1,401309619,"Texas State","South Alabama",0.4077,0,1,0.4015,0,1,0.3578,0,4,52.5,6,2021,1,0,"Sun Belt","Sun Belt",155,-180,0,0,0.954545455,0.0923,0.392156863,0.642857143,0.009343137,-0.044357143,1,0,1,2.55,1.275,0.009343137,0,0,0.954545455,0.1422
"86",1,401282102,"Tennessee","South Carolina",0.5108,1,1,0.7985,1,1,0.3666,0,-10.5,56.5,6,2021,1,0,"SEC","SEC",-420,315,1,1.909090909,0.954545455,0.0108,0.807692308,0.240963855,-0.009192308,-0.039463855,0,0,0,1,0.619047619,-0.009192308,0,0,0.954545455,0.1334
"87",0,401287919,"Texas Tech","TCU",0.595,1,0,0.7497,1,1,0.452,0,2.5,60.5,6,2021,1,0,"Big 12","Big 12",110,-130,0,0,0.954545455,0.095,0.476190476,0.565217391,0.273509524,-0.314917391,1,0,0,0,0.884615385,0.273509524,0,0,0.954545455,0.048
"88",0,401282228,"Western Kentucky","UTSA",0.4674,0,0,0.6236,1,1,0.3542,0,-3.5,71.5,6,2021,1,0,"Conference USA","Conference USA",-165,140,1,1.909090909,0.954545455,0.0326,0.622641509,0.416666667,0.000958491,-0.040266667,1,0,0,0,1.2,0.000958491,0,0,0.954545455,0.1458
"89",0,401310718,"Boise State","Air Force",0.4196,0,0,0.3916,0,0,0.501,1,-3,52,7,2021,1,0,"Mountain West","Mountain West",-170,145,1,1.909090909,0.954545455,0.0804,0.62962963,0.408163265,-0.23802963,0.200236735,0,1,1,2.45,1.225,0.200236735,0,0,0.954545455,0.001
"90",0,401308837,"Miami (OH)","Akron",0.527,1,1,0.8574,1,1,0.376,0,-20,51,7,2021,1,0,"Mid-American","Mid-American",-1200,700,0,0,0.954545455,0.027,0.923076923,0.125,-0.065676923,0.0176,0,1,0,0,0.541666667,0.0176,0,0,0.954545455,0.124
"91",0,401282107,"Mississippi State","Alabama",0.5149,1,0,0.1292,0,0,0.4157,0,17.5,59.5,7,2021,1,0,"SEC","SEC",625,-1000,0,0,0.954545455,0.0149,0.137931034,0.909090909,-0.008731034,-0.038290909,0,0,0,1,0.55,-0.008731034,1,1.909090909,0.954545455,0.0843
"92",1,401309620,"Louisiana","App State",0.5165,1,1,0.4572,0,0,0.373,0,4,57.5,7,2021,1,0,"Sun Belt","Sun Belt",170,-200,1,1.909090909,0.954545455,0.0165,0.37037037,0.666666667,0.08682963,-0.123866667,1,0,1,2.7,1.35,0.08682963,1,1.909090909,0.954545455,0.127
"93",1,401309875,"Colorado","Arizona",0.4326,0,1,0.5929,1,0,0.4105,0,-6,46.5,7,2021,1,0,"Pac-12","Pac-12",-235,195,0,0,0.954545455,0.0674,0.701492537,0.338983051,-0.108592537,0.068116949,0,1,0,0,0.712765957,0.068116949,1,1.909090909,0.954545455,0.0895
"94",1,401309876,"Utah","Arizona State",0.4654,0,1,0.4488,0,1,0.4528,0,-1.5,51.5,7,2021,1,0,"Pac-12","Pac-12",-115,-105,0,0,0.954545455,0.0346,0.534883721,0.512195122,-0.086083721,0.039004878,0,1,0,0,0.934782609,0.039004878,0,0,0.954545455,0.0472
"95",0,401282826,"Wisconsin","Army",0.4336,0,1,0.7041,1,0,0.5124,1,-14,37.5,7,2021,1,0,"Big Ten","FBS Independents",-605,420,1,1.909090909,0.954545455,0.0664,0.858156028,0.192307692,-0.154056028,0.103592308,0,1,0,0,0.582644628,0.103592308,0,0,0.954545455,0.0124
"96",0,401309568,"Eastern Michigan","Ball State",0.4441,0,0,0.5688,1,1,0.4837,0,1,55,7,2021,1,0,"Mid-American","Mid-American",105,-120,1,1.909090909,0.954545455,0.0559,0.487804878,0.545454545,0.080995122,-0.114254545,1,0,0,0,0.916666667,0.080995122,0,0,0.954545455,0.0163
"97",0,401309570,"Northern Illinois","Bowling Green",0.5513,1,1,0.8152,1,1,0.4852,0,-9,45,7,2021,1,0,"Mid-American","Mid-American",-350,275,0,0,0.954545455,0.0513,0.777777778,0.266666667,0.037422222,-0.081866667,1,0,1,1.285714286,0.642857143,0.037422222,0,0,0.954545455,0.0148
"98",0,401309872,"Oregon","California",0.5141,1,1,0.8878,1,0,0.4466,0,-13.5,53.5,7,2021,1,0,"Pac-12","Pac-12",-615,425,0,0,0.954545455,0.0141,0.86013986,0.19047619,0.02766014,-0.07827619,1,0,1,1.162601626,0.581300813,0.02766014,1,1.909090909,0.954545455,0.0534
"99",1,401282657,"Syracuse","Clemson",0.4513,0,0,0.1772,0,0,0.4697,0,13.5,44,7,2021,1,0,"ACC","ACC",400,-565,0,0,0.954545455,0.0487,0.2,0.84962406,-0.0228,-0.02682406,0,0,0,1,0.588495575,-0.0228,1,1.909090909,0.954545455,0.0303
"100",0,401310719,"New Mexico","Colorado State",0.3597,0,0,0.1201,0,0,0.5158,1,13,45,7,2021,1,0,"Mountain West","Mountain West",340,-460,1,1.909090909,0.954545455,0.1403,0.227272727,0.821428571,-0.107172727,0.058471429,0,1,1,1.217391304,0.608695652,0.058471429,0,0,0.954545455,0.0158
"101",1,401282660,"Virginia","Duke",0.5266,1,1,0.7589,1,0,0.4098,0,-10.5,69.5,7,2021,1,0,"ACC","ACC",-430,320,1,1.909090909,0.954545455,0.0266,0.811320755,0.238095238,-0.052420755,0.003004762,0,1,0,0,0.61627907,0.003004762,1,1.909090909,0.954545455,0.0902
"102",1,401309621,"South Alabama","Georgia Southern",0.5101,1,1,0.448,0,1,0.5266,1,-2.5,49.5,7,2021,1,0,"Sun Belt","Sun Belt",-160,135,1,1.909090909,0.954545455,0.0101,0.615384615,0.425531915,-0.167384615,0.126468085,0,1,0,0,0.8125,0.126468085,1,1.909090909,0.954545455,0.0266
"103",1,401310722,"Nevada","Hawai'i",0.4827,0,1,0.7434,1,0,0.5388,1,-14,61.5,7,2021,1,0,"Mountain West","Mountain West",-645,440,0,0,0.954545455,0.0173,0.865771812,0.185185185,-0.122371812,0.071414815,0,1,0,0,0.57751938,0.071414815,0,0,0.954545455,0.0388
"104",0,401287922,"Kansas State","Iowa State",0.456,0,0,0.3261,0,1,0.4177,0,6.5,51,7,2021,1,0,"Big 12","Big 12",210,-250,1,1.909090909,0.954545455,0.044,0.322580645,0.714285714,0.003519355,-0.040385714,1,0,0,0,0.7,0.003519355,0,0,0.954545455,0.0823
"105",1,401309572,"Western Michigan","Kent State",0.5105,1,1,0.5736,1,1,0.4572,0,-7,68.5,7,2021,1,0,"Mid-American","Mid-American",-260,215,1,1.909090909,0.954545455,0.0105,0.722222222,0.317460317,-0.148622222,0.108939683,0,1,0,0,0.692307692,0.108939683,0,0,0.954545455,0.0428
"106",1,401286296,"UL Monroe","Liberty",0.3434,0,1,0.0392,0,1,0.4322,0,32.5,56.5,7,2021,1,0,"Sun Belt","FBS Independents",NA,NA,0,0,0.954545455,0.1566,NA,NA,NA,NA,NA,NA,NA,NA,NA,NA,0,0,0.954545455,0.0678
"107",1,401282230,"UTEP","Louisiana Tech",0.5501,1,1,0.4522,0,0,0.4318,0,6.5,55.5,7,2021,1,0,"Conference USA","Conference USA",220,-270,1,1.909090909,0.954545455,0.0501,0.3125,0.72972973,0.1397,-0.18192973,1,0,1,3.2,1.6,0.1397,1,1.909090909,0.954545455,0.0682
"108",0,401282231,"North Texas","Marshall",0.5277,1,0,0.2527,0,1,0.5082,1,11,66,7,2021,1,0,"Conference USA","Conference USA",320,-430,0,0,0.954545455,0.0277,0.238095238,0.811320755,0.014604762,-0.064020755,1,0,0,0,0.61627907,0.014604762,1,1.909090909,0.954545455,0.0082
"109",0,401282659,"North Carolina","Miami",0.5787,1,1,0.8023,1,1,0.5333,1,-7.5,63.5,7,2021,1,0,"ACC","ACC",-290,240,0,0,0.954545455,0.0787,0.743589744,0.294117647,0.058710256,-0.096417647,1,0,1,1.344827586,0.672413793,0.058710256,1,1.909090909,0.954545455,0.0333
"110",0,401287924,"Texas","Oklahoma State",0.2902,0,0,0.293,0,0,0.5335,1,-3.5,61,7,2021,1,0,"Big 12","Big 12",-165,140,1,1.909090909,0.954545455,0.2098,0.622641509,0.416666667,-0.329641509,0.290333333,0,1,1,2.4,1.2,0.290333333,0,0,0.954545455,0.0335
"111",0,401282110,"Tennessee","Ole Miss",0.5433,1,0,0.5291,1,0,0.3424,0,1,82.5,7,2021,1,0,"SEC","SEC",120,-140,0,0,0.954545455,0.0433,0.454545455,0.583333333,0.074554545,-0.112433333,1,0,0,0,0.857142857,0.074554545,1,1.909090909,0.954545455,0.1576
"112",0,401282661,"Virginia Tech","Pittsburgh",0.4395,0,0,0.3074,0,0,0.5585,1,6.5,56,7,2021,1,0,"ACC","ACC",175,-210,1,1.909090909,0.954545455,0.0605,0.363636364,0.677419355,-0.056236364,0.015180645,0,1,1,1.476190476,0.738095238,0.015180645,0,0,0.954545455,0.0585
"113",1,401282233,"UTSA","Rice",0.5466,1,1,0.9177,1,0,0.4321,0,-17,53.5,7,2021,1,0,"Conference USA","Conference USA",-1000,625,1,1.909090909,0.954545455,0.0466,0.909090909,0.137931034,0.008609091,-0.055631034,1,0,1,1.1,0.55,0.008609091,1,1.909090909,0.954545455,0.0679
"114",1,401310723,"San José State","San Diego State",0.5062,1,0,0.368,0,0,0.3923,0,9.5,41,7,2021,1,0,"Mountain West","Mountain West",280,-360,1,1.909090909,0.954545455,0.0062,0.263157895,0.782608696,0.104842105,-0.150608696,1,0,0,0,0.638888889,0.104842105,1,1.909090909,0.954545455,0.1077
"115",1,401309873,"Washington State","Stanford",0.6335,1,1,0.7693,1,1,0.514,1,-1,53,7,2021,1,0,"Pac-12","Pac-12",-115,-105,1,1.909090909,0.954545455,0.1335,0.534883721,0.512195122,0.234416279,-0.281495122,1,0,1,1.869565217,0.934782609,0.234416279,1,1.909090909,0.954545455,0.014
"116",0,401309874,"Washington","UCLA",0.3737,0,0,0.3329,0,0,0.4595,0,-1.5,55.5,7,2021,1,0,"Pac-12","Pac-12",-120,105,1,1.909090909,0.954545455,0.1263,0.545454545,0.487804878,-0.212554545,0.179295122,0,1,1,2.05,1.025,0.179295122,1,1.909090909,0.954545455,0.0405
"117",1,401309881,"Washington State","BYU",0.594,1,0,0.3902,0,0,0.5518,1,3.5,56.5,8,2021,1,0,"Pac-12","FBS Independents",155,-180,1,1.909090909,0.954545455,0.094,0.392156863,0.642857143,-0.001956863,-0.033057143,0,0,0,1,0.777777778,-0.001956863,0,0,0.954545455,0.0518
"118",1,401282664,"Louisville","Boston College",0.5501,1,1,0.789,1,0,0.4285,0,-4,57.5,8,2021,1,0,"ACC","ACC",-220,180,1,1.909090909,0.954545455,0.0501,0.6875,0.357142857,0.1015,-0.146142857,1,0,1,1.454545455,0.727272727,0.1015,1,1.909090909,0.954545455,0.0715
"119",1,401301027,"Navy","Cincinnati",0.5296,1,0,0.0593,0,0,0.4774,0,28.5,48.5,8,2021,1,0,"American Athletic","American Athletic",1225,-4100,1,1.909090909,0.954545455,0.0296,0.075471698,0.976190476,-0.016171698,-0.035490476,0,0,0,1,0.512195122,-0.016171698,1,1.909090909,0.954545455,0.0226
"120",1,401282666,"Pittsburgh","Clemson",0.5253,1,1,0.6676,1,0,0.4476,0,-3.5,47,8,2021,1,0,"ACC","ACC",-160,135,1,1.909090909,0.954545455,0.0253,0.615384615,0.425531915,0.052215385,-0.093131915,1,0,1,1.625,0.8125,0.052215385,1,1.909090909,0.954545455,0.0524
"121",1,401310725,"Utah State","Colorado State",0.5207,1,1,0.4996,0,0,0.5064,1,3,58.5,8,2021,1,0,"Mountain West","Mountain West",135,-160,1,1.909090909,0.954545455,0.0207,0.425531915,0.615384615,0.074068085,-0.114984615,1,0,1,2.35,1.175,0.074068085,0,0,0.954545455,0.0064
"122",0,401301028,"Houston","East Carolina",0.591,1,1,0.8681,1,0,0.5218,1,-13.5,56.5,8,2021,1,0,"American Athletic","American Athletic",-565,400,0,0,0.954545455,0.091,0.84962406,0.2,0.01847594,-0.0681,1,0,1,1.17699115,0.588495575,0.01847594,0,0,0.954545455,0.0218
"123",1,401282667,"Virginia","Georgia Tech",0.559,1,1,0.6949,1,1,0.4552,0,-6.5,65.5,8,2021,1,0,"ACC","ACC",-240,200,1,1.909090909,0.954545455,0.059,0.705882353,0.333333333,-0.010982353,-0.028233333,0,0,0,1,0.708333333,-0.010982353,0,0,0.954545455,0.0448
"124",0,401282717,"Penn State","Illinois",0.4768,0,0,0.8987,1,0,0.5837,1,-24.5,45.5,8,2021,1,0,"Big Ten","Big Ten",-2500,1050,1,1.909090909,0.954545455,0.0232,0.961538462,0.086956522,-0.062838462,0.014343478,0,1,1,11.5,5.75,0.014343478,0,0,0.954545455,0.0837
"125",0,401287928,"Texas Tech","Kansas State",0.4382,0,0,0.5213,1,0,0.4979,0,1,60.5,8,2021,1,0,"Big 12","Big 12",-105,-115,1,1.909090909,0.954545455,0.0618,0.512195122,0.534883721,0.009104878,-0.056183721,1,0,0,0,0.934782609,0.009104878,1,1.909090909,0.954545455,0.0021
"126",0,401309576,"Ohio","Kent State",0.4528,0,0,0.3092,0,0,0.5341,1,5.5,68.5,8,2021,1,0,"Mid-American","Mid-American",180,-220,1,1.909090909,0.954545455,0.0472,0.357142857,0.6875,-0.047942857,0.0033,0,1,1,1.454545455,0.727272727,0.0033,0,0,0.954545455,0.0341
"127",1,401282113,"Ole Miss","LSU",0.4306,0,1,0.7052,1,0,0.394,0,-9,77,8,2021,1,0,"SEC","SEC",-330,265,0,0,0.954545455,0.0694,0.76744186,0.273972603,-0.06224186,0.020827397,0,1,0,0,0.651515152,0.020827397,1,1.909090909,0.954545455,0.106
"128",1,401282240,"North Texas","Liberty",0.5274,1,0,0.1533,0,0,0.4503,0,21,61,8,2021,1,0,"Conference USA","FBS Independents",850,-1700,1,1.909090909,0.954545455,0.0274,0.105263158,0.944444444,0.048036842,-0.097744444,1,0,0,0,0.529411765,0.048036842,1,1.909090909,0.954545455,0.0497
"129",1,401282767,"Minnesota","Maryland",0.453,0,1,0.6133,1,0,0.4821,0,-4,53,8,2021,1,0,"Big Ten","Big Ten",-185,160,0,0,0.954545455,0.047,0.649122807,0.384615385,-0.035822807,0.002084615,0,1,0,0,0.77027027,0.002084615,1,1.909090909,0.954545455,0.0179
"130",1,401301026,"UCF","Memphis",0.4107,0,1,0.6016,1,0,0.4661,0,-1,63,8,2021,1,0,"American Athletic","American Athletic",110,-130,0,0,0.954545455,0.0893,0.476190476,0.565217391,0.125409524,-0.166817391,1,0,1,2.1,1.05,0.125409524,1,1.909090909,0.954545455,0.0339
"131",0,401282239,"UConn","Middle Tennessee",0.496,0,0,0.1369,0,1,0.3103,0,14,54,8,2021,1,0,"FBS Independents","Conference USA",475,-700,1,1.909090909,0.954545455,0.004,0.173913043,0.875,-0.037013043,-0.0119,0,0,0,1,0.571428571,-0.0119,0,0,0.954545455,0.1897
"132",0,401282115,"Vanderbilt","Mississippi State",0.4984,0,0,0.0769,0,0,0.3316,0,20.5,53,8,2021,1,0,"SEC","SEC",900,-1900,1,1.909090909,0.954545455,0.0016,0.1,0.95,-0.0231,-0.0269,0,0,0,1,0.526315789,-0.0231,1,1.909090909,0.954545455,0.1684
"133",0,401309879,"UCLA","Oregon",0.5197,1,0,0.5293,1,1,0.4295,0,-1,61.5,8,2021,1,0,"Pac-12","Pac-12",-115,-105,0,0,0.954545455,0.0197,0.534883721,0.512195122,-0.005583721,-0.041495122,0,0,0,1,0.976190476,-0.005583721,0,0,0.954545455,0.0705
"134",0,401282238,"UAB","Rice",0.5355,1,0,0.9248,1,1,0.5144,1,-23.5,44.5,8,2021,1,0,"Conference USA","Conference USA",-2200,1000,0,0,0.954545455,0.0355,0.956521739,0.090909091,-0.031721739,-0.015709091,0,0,0,1,5.5,-0.015709091,1,1.909090909,0.954545455,0.0144
"135",1,401309626,"UL Monroe","South Alabama",0.5075,1,1,0.201,0,1,0.502,1,13.5,51,8,2021,1,0,"Sun Belt","Sun Belt",395,-555,1,1.909090909,0.954545455,0.0075,0.202020202,0.847328244,-0.001020202,-0.048328244,0,0,0,1,2.475,-0.001020202,1,1.909090909,0.954545455,0.002
"136",1,401282114,"Texas A&M","South Carolina",0.4007,0,1,0.8942,1,1,0.5021,1,-19.5,46,8,2021,1,0,"SEC","SEC",-1400,750,0,0,0.954545455,0.0993,0.933333333,0.117647059,-0.039133333,-0.011847059,0,0,0,1,0.535714286,-0.011847059,1,1.909090909,0.954545455,0.0021
"137",0,401282668,"Virginia Tech","Syracuse",0.5575,1,0,0.7605,1,1,0.5115,1,-3.5,45.5,8,2021,1,0,"ACC","ACC",-165,140,0,0,0.954545455,0.0575,0.622641509,0.416666667,0.137858491,-0.177166667,1,0,0,0,1.2,0.137858491,1,1.909090909,0.954545455,0.0115
"138",0,401309886,"USC","Arizona",0.4334,0,1,0.8727,1,1,0.4424,0,-21.5,55.5,9,2021,1,0,"Pac-12","Pac-12",-1700,850,1,1.909090909,0.954545455,0.0666,0.944444444,0.105263158,-0.071744444,0.022036842,0,1,0,0,0.529411765,0.022036842,0,0,0.954545455,0.0576
"139",1,401309629,"South Alabama","Arkansas State",0.5456,1,1,0.6644,1,0,0.4786,0,-9,66,9,2021,1,0,"Sun Belt","Sun Belt",-350,275,1,1.909090909,0.954545455,0.0456,0.777777778,0.266666667,-0.113377778,0.068933333,0,1,0,0,0.642857143,0.068933333,1,1.909090909,0.954545455,0.0214
"140",0,401310730,"Colorado State","Boise State",0.4601,0,0,0.5556,1,0,0.521,1,2,51.5,9,2021,1,0,"Mountain West","Mountain West",115,-135,1,1.909090909,0.954545455,0.0399,0.465116279,0.574468085,0.090483721,-0.130068085,1,0,0,0,0.87037037,0.090483721,0,0,0.954545455,0.021
"141",1,401282675,"Syracuse","Boston College",0.6056,1,1,0.7297,1,0,0.5594,1,-6.5,51.5,9,2021,1,0,"ACC","ACC",-245,205,1,1.909090909,0.954545455,0.1056,0.710144928,0.327868852,0.019555072,-0.057568852,1,0,1,1.408163265,0.704081633,0.019555072,0,0,0.954545455,0.0594
"142",0,401309578,"Buffalo","Bowling Green",0.5327,1,0,0.7556,1,1,0.3769,0,-13.5,51.5,9,2021,1,0,"Mid-American","Mid-American",-565,400,0,0,0.954545455,0.0327,0.84962406,0.2,-0.09402406,0.0444,0,1,1,5,2.5,0.0444,0,0,0.954545455,0.1231
"143",1,401282241,"Western Kentucky","Charlotte",0.4695,0,1,0.9328,1,0,0.3787,0,-19.5,72,9,2021,1,0,"Conference USA","Conference USA",-1000,625,0,0,0.954545455,0.0305,0.909090909,0.137931034,0.023709091,-0.070731034,1,0,1,1.1,0.55,0.023709091,1,1.909090909,0.954545455,0.1213
"144",1,401301032,"Tulane","Cincinnati",0.4775,0,0,0.0712,0,0,0.4173,0,28,61.5,9,2021,1,0,"American Athletic","American Athletic",1200,-3800,0,0,0.954545455,0.0225,0.076923077,0.974358974,-0.005723077,-0.045558974,0,0,0,1,0.513157895,-0.005723077,1,1.909090909,0.954545455,0.0827
"145",0,401309884,"Oregon","Colorado",0.4953,0,1,0.9374,1,1,0.5465,1,-24.5,49.5,9,2021,1,0,"Pac-12","Pac-12",-3500,1175,1,1.909090909,0.954545455,0.0047,0.972222222,0.078431373,-0.034822222,-0.015831373,0,0,0,1,0.514285714,-0.015831373,1,1.909090909,0.954545455,0.0465
"146",1,401282676,"Wake Forest","Duke",0.5373,1,1,0.9063,1,0,0.3713,0,-16.5,71.5,9,2021,1,0,"ACC","ACC",-800,525,1,1.909090909,0.954545455,0.0373,0.888888889,0.16,0.017411111,-0.0663,1,0,1,1.125,0.5625,0.017411111,1,1.909090909,0.954545455,0.1287
"147",1,401282117,"Georgia","Florida",0.4094,0,1,0.8238,1,0,0.475,0,-14,50.5,9,2021,0,1,"SEC","SEC",-615,425,0,0,0.954545455,0.0906,0.86013986,0.19047619,-0.03633986,-0.01427619,0,0,0,1,0.581300813,-0.01427619,1,1.909090909,0.954545455,0.025
"148",1,401282242,"Marshall","Florida International",0.5633,1,1,0.923,1,0,0.3716,0,-21.5,64,9,2021,1,0,"Conference USA","Conference USA",-1700,850,1,1.909090909,0.954545455,0.0633,0.944444444,0.105263158,-0.021444444,-0.028263158,0,0,0,1,0.529411765,-0.021444444,1,1.909090909,0.954545455,0.1284
"149",0,401310733,"San Diego State","Fresno State",0.4616,0,0,0.5107,1,1,0.401,0,2.5,44.5,9,2021,1,0,"Mountain West","Mountain West",-105,-120,1,1.909090909,0.954545455,0.0384,0.512195122,0.545454545,-0.001495122,-0.056154545,0,0,0,1,0.916666667,-0.001495122,0,0,0.954545455,0.099
"150",1,401310731,"Utah State","Hawai'i",0.4328,0,1,0.5996,1,1,0.4357,0,-4.5,66,9,2021,1,0,"Mountain West","Mountain West",-200,170,0,0,0.954545455,0.0672,0.666666667,0.37037037,-0.067066667,0.03002963,0,1,0,0,0.75,0.03002963,0,0,0.954545455,0.0643
"151",0,401282726,"Maryland","Indiana",0.6234,1,1,0.7924,1,1,0.4953,0,-3.5,48,9,2021,1,0,"Big Ten","Big Ten",-185,160,0,0,0.954545455,0.1234,0.649122807,0.384615385,0.143277193,-0.177015385,1,0,1,1.540540541,0.77027027,0.143277193,0,0,0.954545455,0.0047
"152",1,401282763,"Wisconsin","Iowa",0.474,0,1,0.5419,1,0,0.503,1,-3,36,9,2021,1,0,"Big Ten","Big Ten",-160,135,0,0,0.954545455,0.026,0.615384615,0.425531915,-0.073484615,0.032568085,0,1,0,0,0.8125,0.032568085,0,0,0.954545455,0.003
"153",1,401287933,"West Virginia","Iowa State",0.4457,0,1,0.3035,0,1,0.4059,0,7.5,49,9,2021,1,0,"Big 12","Big 12",250,-300,0,0,0.954545455,0.0543,0.285714286,0.75,0.017785714,-0.0535,1,0,1,3.5,1.75,0.017785714,0,0,0.954545455,0.0941
"154",1,401287932,"Oklahoma State","Kansas",0.4732,0,1,0.9387,1,1,0.4028,0,-29,54.5,9,2021,1,0,"Big 12","Big 12",NA,NA,0,0,0.954545455,0.0268,NA,NA,NA,NA,NA,NA,NA,NA,NA,NA,0,0,0.954545455,0.0972
"155",1,401282118,"Mississippi State","Kentucky",0.5801,1,1,0.6314,1,1,0.4024,0,-1,47,9,2021,1,0,"SEC","SEC",-115,-105,1,1.909090909,0.954545455,0.0801,0.534883721,0.512195122,0.096516279,-0.143595122,1,0,1,1.869565217,0.934782609,0.096516279,0,0,0.954545455,0.0976
"156",1,401282244,"Old Dominion","Louisiana Tech",0.4286,0,1,0.3264,0,0,0.4757,0,4,52.5,9,2021,1,0,"Conference USA","Conference USA",160,-185,0,0,0.954545455,0.0714,0.384615385,0.649122807,-0.058215385,0.024477193,0,1,0,0,1.3,0.024477193,1,1.909090909,0.954545455,0.0243
"157",1,401282672,"NC State","Louisville",0.4364,0,1,0.5897,1,0,0.4947,0,-6,57,9,2021,1,0,"ACC","ACC",-235,195,0,0,0.954545455,0.0636,0.701492537,0.338983051,-0.111792537,0.071316949,0,1,0,0,0.712765957,0.071316949,1,1.909090909,0.954545455,0.0053
"158",0,401282674,"Pittsburgh","Miami",0.5779,1,0,0.8782,1,1,0.4131,0,-9.5,61,9,2021,1,0,"ACC","ACC",-370,285,0,0,0.954545455,0.0779,0.787234043,0.25974026,0.090965957,-0.13794026,1,0,0,0,1.925,0.090965957,0,0,0.954545455,0.0869
"159",1,401282777,"Michigan State","Michigan",0.4984,0,1,0.3515,0,1,0.462,0,4,50.5,9,2021,1,0,"Big Ten","Big Ten",160,-185,0,0,0.954545455,0.0016,0.384615385,0.649122807,-0.033115385,-0.000622807,0,0,0,1,1.3,-0.000622807,0,0,0.954545455,0.038
"160",0,401282795,"Northwestern","Minnesota",0.3585,0,0,0.2141,0,1,0.3884,0,7.5,44,9,2021,1,0,"Big Ten","Big Ten",250,-300,1,1.909090909,0.954545455,0.1415,0.285714286,0.75,-0.071614286,0.0359,0,1,1,1.333333333,0.666666667,0.0359,0,0,0.954545455,0.1116
"161",1,401282119,"Vanderbilt","Missouri",0.4103,0,0,0.098,0,1,0.4444,0,16,62.5,9,2021,1,0,"SEC","SEC",525,-800,0,0,0.954545455,0.0897,0.16,0.888888889,-0.062,0.013111111,0,1,1,1.125,0.5625,0.013111111,0,0,0.954545455,0.0556
"162",0,401301030,"Tulsa","Navy",0.4818,0,0,0.8508,1,0,0.4569,0,-11,46,9,2021,1,0,"American Athletic","American Athletic",-435,325,1,1.909090909,0.954545455,0.0182,0.813084112,0.235294118,0.037715888,-0.086094118,1,0,0,0,2.125,0.037715888,1,1.909090909,0.954545455,0.0431
"163",1,401282673,"Notre Dame","North Carolina",0.522,1,1,0.6857,1,1,0.5514,1,-3.5,62.5,9,2021,1,0,"FBS Independents","ACC",-175,150,1,1.909090909,0.954545455,0.022,0.636363636,0.4,0.049336364,-0.0857,1,0,1,1.571428571,0.785714286,0.049336364,1,1.909090909,0.954545455,0.0514
"164",0,401282246,"Rice","North Texas",0.3572,0,0,0.4427,0,0,0.4518,0,-1.5,55,9,2021,1,0,"Conference USA","Conference USA",-120,110,1,1.909090909,0.954545455,0.1428,0.545454545,0.476190476,-0.102754545,0.081109524,0,1,1,2.1,1.05,0.081109524,1,1.909090909,0.954545455,0.0482
"165",1,401309887,"Utah","UCLA",0.5712,1,1,0.6487,1,1,0.3952,0,-6.5,60.5,9,2021,1,0,"Pac-12","Pac-12",-250,210,1,1.909090909,0.954545455,0.0712,0.714285714,0.322580645,-0.065585714,0.028719355,0,1,0,0,0.7,0.028719355,0,0,0.954545455,0.1048
"166",1,401310253,"Army","Air Force",0.564,1,1,0.4568,0,0,0.5626,1,2.5,37.5,10,2021,0,1,"FBS Independents","Mountain West",120,-140,1,1.909090909,0.954545455,0.064,0.454545455,0.583333333,0.002254545,-0.040133333,1,0,1,2.2,1.1,0.002254545,0,0,0.954545455,0.0626
"167",0,401309633,"Arkansas State","App State",0.4378,0,0,0.2191,0,0,0.4155,0,21.5,68,10,2021,1,0,"Sun Belt","Sun Belt",800,-1600,1,1.909090909,0.954545455,0.0622,0.111111111,0.941176471,0.107988889,-0.160276471,1,0,0,0,0.53125,0.107988889,1,1.909090909,0.954545455,0.0845
"168",1,401282126,"Texas A&M","Auburn",0.4936,0,1,0.5795,1,0,0.4961,0,-4.5,49.5,10,2021,1,0,"SEC","SEC",-200,170,0,0,0.954545455,0.0064,0.666666667,0.37037037,-0.087166667,0.05012963,0,1,0,0,0.75,0.05012963,1,1.909090909,0.954545455,0.0039
"169",1,401287936,"TCU","Baylor",0.5013,1,1,0.3237,0,1,0.3995,0,7.5,57,10,2021,1,0,"Big 12","Big 12",225,-275,1,1.909090909,0.954545455,0.0013,0.307692308,0.733333333,0.016007692,-0.057033333,1,0,1,3.25,1.625,0.016007692,0,0,0.954545455,0.1005
"170",0,401310735,"Fresno State","Boise State",0.5068,1,0,0.6467,1,0,0.4928,0,-4,61,10,2021,1,0,"Mountain West","Mountain West",-210,175,0,0,0.954545455,0.0068,0.677419355,0.363636364,-0.030719355,-0.010336364,0,0,0,1,1.375,-0.010336364,1,1.909090909,0.954545455,0.0072
"171",0,401309581,"Western Michigan","Central Michigan",0.5034,1,0,0.587,1,1,0.3417,0,-9,64.5,10,2021,1,0,"Mid-American","Mid-American",-395,300,0,0,0.954545455,0.0034,0.797979798,0.25,-0.210979798,0.163,0,1,1,4,2,0.163,0,0,0.954545455,0.1583
"172",0,401282680,"Louisville","Clemson",0.5006,1,0,0.3762,0,1,0.4173,0,3.5,46.5,10,2021,1,0,"ACC","ACC",160,-185,0,0,0.954545455,6e-04,0.384615385,0.649122807,-0.008415385,-0.025322807,0,0,0,1,0.77027027,-0.008415385,0,0,0.954545455,0.0827
"173",0,401309634,"Georgia Southern","Coastal Carolina",0.5649,1,0,0.222,0,0,0.477,0,16,56.5,10,2021,1,0,"Sun Belt","Sun Belt",700,-1200,0,0,0.954545455,0.0649,0.125,0.923076923,0.097,-0.145076923,1,0,0,0,0.541666667,0.097,1,1.909090909,0.954545455,0.023
"174",0,401309580,"Toledo","Eastern Michigan",0.5116,1,0,0.6482,1,1,0.3857,0,-9.5,54.5,10,2021,1,0,"Mid-American","Mid-American",-360,280,0,0,0.954545455,0.0116,0.782608696,0.263157895,-0.134408696,0.088642105,0,1,1,3.8,1.9,0.088642105,0,0,0.954545455,0.1143
"175",1,401282125,"South Carolina","Florida",0.4359,0,1,0.2505,0,1,0.3567,0,20.5,52,10,2021,1,0,"SEC","SEC",775,-1500,0,0,0.954545455,0.0641,0.114285714,0.9375,0.136214286,-0.188,1,0,1,8.75,4.375,0.136214286,0,0,0.954545455,0.1433
"176",0,401309632,"Louisiana","Georgia State",0.5761,1,1,0.7163,1,0,0.5252,1,-13.5,53.5,10,2021,1,0,"Sun Belt","Sun Belt",-500,360,0,0,0.954545455,0.0761,0.833333333,0.217391304,-0.117033333,0.066308696,0,1,0,0,0.6,0.066308696,0,0,0.954545455,0.0252
"177",0,401282681,"Miami","Georgia Tech",0.5646,1,1,0.6647,1,0,0.4933,0,-10,63,10,2021,1,0,"ACC","ACC",-415,310,0,0,0.954545455,0.0646,0.805825243,0.243902439,-0.141125243,0.091397561,0,1,0,0,0.620481928,0.091397561,1,1.909090909,0.954545455,0.0067
"178",1,401301038,"South Florida","Houston",0.5079,1,0,0.2688,0,1,0.426,0,13.5,53,10,2021,1,0,"American Athletic","American Athletic",400,-565,1,1.909090909,0.954545455,0.0079,0.2,0.84962406,0.0688,-0.11842406,1,0,0,0,0.588495575,0.0688,0,0,0.954545455,0.074
"179",0,401282720,"Minnesota","Illinois",0.5593,1,0,0.7525,1,0,0.5692,1,-14.5,44,10,2021,1,0,"Big Ten","Big Ten",-700,475,0,0,0.954545455,0.0593,0.875,0.173913043,-0.1225,0.073586957,0,1,1,5.75,2.875,0.073586957,0,0,0.954545455,0.0692
"180",1,401282727,"Michigan","Indiana",0.537,1,1,0.7898,1,0,0.4547,0,-20.5,51,10,2021,1,0,"Big Ten","Big Ten",-1500,775,1,1.909090909,0.954545455,0.037,0.9375,0.114285714,-0.1477,0.095914286,0,1,0,0,0.533333333,0.095914286,1,1.909090909,0.954545455,0.0453
"181",1,401282757,"Northwestern","Iowa",0.41,0,0,0.2726,0,0,0.4908,0,12,40.5,10,2021,1,0,"Big Ten","Big Ten",360,-500,0,0,0.954545455,0.09,0.217391304,0.833333333,0.055208696,-0.105933333,1,0,0,0,0.6,0.055208696,1,1.909090909,0.954545455,0.0092
"182",1,401282124,"Ole Miss","Liberty",0.5639,1,1,0.6687,1,0,0.5109,1,-7.5,67,10,2021,1,0,"SEC","FBS Independents",-350,275,1,1.909090909,0.954545455,0.0639,0.777777778,0.266666667,-0.109077778,0.064633333,0,1,0,0,0.642857143,0.064633333,0,0,0.954545455,0.0109
"183",1,401282250,"UAB","Louisiana Tech",0.5153,1,1,0.6705,1,1,0.5333,1,-13.5,49,10,2021,1,0,"Conference USA","Conference USA",-555,395,1,1.909090909,0.954545455,0.0153,0.847328244,0.202020202,-0.176828244,0.127479798,0,1,0,0,0.59009009,0.127479798,1,1.909090909,0.954545455,0.0333
"184",1,401308839,"Ohio","Miami (OH)",0.4068,0,1,0.3439,0,1,0.374,0,7,54.5,10,2021,1,0,"Mid-American","Mid-American",230,-280,0,0,0.954545455,0.0932,0.303030303,0.736842105,0.040869697,-0.080742105,1,0,1,3.3,1.65,0.040869697,0,0,0.954545455,0.126
"185",1,401282787,"Purdue","Michigan State",0.4777,0,1,0.4668,0,1,0.4991,0,2.5,53.5,10,2021,1,0,"Big Ten","Big Ten",130,-150,0,0,0.954545455,0.0223,0.434782609,0.6,0.032017391,-0.0668,1,0,1,2.3,1.15,0.032017391,0,0,0.954545455,9e-04
"186",1,401282251,"Western Kentucky","Middle Tennessee",0.4833,0,1,0.7606,1,1,0.3959,0,-17.5,66.5,10,2021,1,0,"Conference USA","Conference USA",-900,575,0,0,0.954545455,0.0167,0.9,0.148148148,-0.1394,0.091251852,0,1,0,0,0.555555556,0.091251852,0,0,0.954545455,0.1041
"187",1,401282710,"Notre Dame","Navy",0.4715,0,1,0.7882,1,0,0.4812,0,-21,47.5,10,2021,1,0,"FBS Independents","American Athletic",-1600,800,0,0,0.954545455,0.0285,0.941176471,0.111111111,-0.152976471,0.100688889,0,1,0,0,0.53125,0.100688889,1,1.909090909,0.954545455,0.0188
"188",0,401282252,"Southern Miss","North Texas",0.4387,0,0,0.3348,0,1,0.342,0,5.5,49,10,2021,1,0,"Conference USA","Conference USA",180,-220,1,1.909090909,0.954545455,0.0613,0.357142857,0.6875,-0.022342857,-0.0223,0,0,0,1,0.727272727,-0.0223,0,0,0.954545455,0.158
"189",0,401287937,"West Virginia","Oklahoma State",0.42,0,0,0.3702,0,0,0.4499,0,3.5,49,10,2021,1,0,"Big 12","Big 12",150,-175,1,1.909090909,0.954545455,0.08,0.4,0.636363636,-0.0298,-0.006563636,0,0,0,1,0.785714286,-0.006563636,1,1.909090909,0.954545455,0.0501
"190",0,401309890,"Washington","Oregon",0.4753,0,0,0.3493,0,0,0.5105,1,7,48,10,2021,1,0,"Pac-12","Pac-12",225,-275,1,1.909090909,0.954545455,0.0247,0.307692308,0.733333333,0.041607692,-0.082633333,1,0,0,0,0.681818182,0.041607692,0,0,0.954545455,0.0105
"191",1,401309636,"Troy","South Alabama",0.5171,1,1,0.6088,1,1,0.4941,0,-3.5,47.5,10,2021,1,0,"Sun Belt","Sun Belt",-180,155,1,1.909090909,0.954545455,0.0171,0.642857143,0.392156863,-0.034057143,-0.000956863,0,0,0,1,0.777777778,-0.000956863,0,0,0.954545455,0.0059
"192",0,401301036,"UCF","Tulane",0.508,1,1,0.7343,1,0,0.4902,0,-13.5,57,10,2021,1,0,"American Athletic","American Athletic",-535,385,0,0,0.954545455,0.008,0.842519685,0.206185567,-0.108219685,0.059514433,0,1,0,0,0.593457944,0.059514433,1,1.909090909,0.954545455,0.0098
"193",0,401310741,"Colorado State","Air Force",0.5332,1,0,0.4229,0,1,0.6141,1,3,45,11,2021,1,0,"Mountain West","Mountain West",115,-135,0,0,0.954545455,0.0332,0.465116279,0.574468085,-0.042216279,0.002631915,0,1,1,1.740740741,0.87037037,0.002631915,1,1.909090909,0.954545455,0.1141
"194",0,401309584,"Western Michigan","Akron",0.523,1,1,0.8938,1,1,0.3907,0,-24.5,62,11,2021,1,0,"Mid-American","Mid-American",-3500,1175,0,0,0.954545455,0.023,0.972222222,0.078431373,-0.078422222,0.027768627,0,1,0,0,0.514285714,0.027768627,0,0,0.954545455,0.1093
"195",1,401309897,"Washington","Arizona State",0.446,0,0,0.292,0,1,0.5009,1,6,45.5,11,2021,1,0,"Pac-12","Pac-12",185,-225,0,0,0.954545455,0.054,0.350877193,0.692307692,-0.058877193,0.015692308,0,1,1,1.444444444,0.722222222,0.015692308,1,1.909090909,0.954545455,9e-04
"196",0,401309638,"UL Monroe","Arkansas State",0.5161,1,0,0.4799,0,0,0.3739,0,-3,66.5,11,2021,1,0,"Sun Belt","Sun Belt",-150,130,0,0,0.954545455,0.0161,0.6,0.434782609,-0.1201,0.085317391,0,1,1,2.3,1.15,0.085317391,1,1.909090909,0.954545455,0.1261
"197",1,401309587,"Northern Illinois","Ball State",0.3642,0,1,0.3991,0,0,0.3109,0,2.5,60,11,2021,1,0,"Mid-American","Mid-American",110,-130,0,0,0.954545455,0.1358,0.476190476,0.565217391,-0.077090476,0.035682609,0,1,0,0,1.05,0.035682609,1,1.909090909,0.954545455,0.1891
"198",0,401282686,"Georgia Tech","Boston College",0.4916,0,0,0.4471,0,1,0.4755,0,1.5,55.5,11,2021,1,0,"ACC","ACC",-115,-105,1,1.909090909,0.954545455,0.0084,0.534883721,0.512195122,-0.087783721,0.040704878,0,1,1,1.952380952,0.976190476,0.040704878,0,0,0.954545455,0.0245
"199",1,401308840,"Miami (OH)","Buffalo",0.4102,0,1,0.6819,1,1,0.5284,1,-7,58,11,2021,1,0,"Mid-American","Mid-American",-290,240,0,0,0.954545455,0.0898,0.743589744,0.294117647,-0.061689744,0.023982353,0,1,0,0,0.672413793,0.023982353,1,1.909090909,0.954545455,0.0284
"200",1,401282254,"Louisiana Tech","Charlotte",0.5574,1,1,0.6865,1,1,0.4538,0,-7,57.5,11,2021,1,0,"Conference USA","Conference USA",-275,225,1,1.909090909,0.954545455,0.0574,0.733333333,0.307692308,-0.046833333,0.005807692,0,1,0,0,0.681818182,0.005807692,0,0,0.954545455,0.0462
"201",1,401301040,"South Florida","Cincinnati",0.5134,1,0,0.0962,0,1,0.4615,0,23.5,58.5,11,2021,1,0,"American Athletic","American Athletic",975,-2100,1,1.909090909,0.954545455,0.0134,0.093023256,0.954545455,0.003176744,-0.050745455,1,0,0,0,0.523809524,0.003176744,0,0,0.954545455,0.0385
"202",1,401309898,"UCLA","Colorado",0.5503,1,1,0.9248,1,1,0.46,0,-18,57,11,2021,1,0,"Pac-12","Pac-12",-900,575,1,1.909090909,0.954545455,0.0503,0.9,0.148148148,0.0248,-0.072948148,1,0,1,1.111111111,0.555555556,0.0248,0,0,0.954545455,0.04
"203",1,401282689,"Virginia Tech","Duke",0.4583,0,1,0.8537,1,1,0.4687,0,-13,50.5,11,2021,1,0,"ACC","ACC",-470,345,0,0,0.954545455,0.0417,0.824561404,0.224719101,0.029138596,-0.078419101,1,0,1,1.212765957,0.606382979,0.029138596,0,0,0.954545455,0.0313
"204",0,401301042,"Memphis","East Carolina",0.4472,0,0,0.6312,1,1,0.6518,1,-4,58.5,11,2021,1,0,"American Athletic","American Athletic",-210,175,1,1.909090909,0.954545455,0.0528,0.677419355,0.363636364,-0.046219355,0.005163636,0,1,1,2.75,1.375,0.005163636,1,1.909090909,0.954545455,0.1518
"205",1,401282256,"Old Dominion","Florida Atlantic",0.6121,1,1,0.4883,0,0,0.4218,0,6.5,48,11,2021,1,0,"Conference USA","Conference USA",210,-250,1,1.909090909,0.954545455,0.1121,0.322580645,0.714285714,0.165719355,-0.202585714,1,0,1,3.1,1.55,0.165719355,1,1.909090909,0.954545455,0.0782
"206",1,401282255,"Middle Tennessee","Florida International",0.5646,1,1,0.8137,1,1,0.453,0,-10.5,55,11,2021,1,0,"Conference USA","Conference USA",-415,310,1,1.909090909,0.954545455,0.0646,0.805825243,0.243902439,0.007874757,-0.057602439,1,0,1,1.240963855,0.620481928,0.007874757,0,0,0.954545455,0.047
"207",0,401282133,"Tennessee","Georgia",0.4886,0,0,0.0894,0,1,0.4267,0,19.5,55.5,11,2021,1,0,"SEC","SEC",750,-1400,1,1.909090909,0.954545455,0.0114,0.117647059,0.933333333,-0.028247059,-0.022733333,0,0,0,1,0.535714286,-0.022733333,0,0,0.954545455,0.0733
"208",0,401309640,"Texas State","Georgia Southern",0.4637,0,0,0.4826,0,1,0.4849,0,-2,52,11,2021,1,0,"Sun Belt","Sun Belt",-125,105,1,1.909090909,0.954545455,0.0363,0.555555556,0.487804878,-0.072955556,0.029595122,0,1,1,2.05,1.025,0.029595122,0,0,0.954545455,0.0151
"209",0,401301043,"Temple","Houston",0.4652,0,0,0.0653,0,0,0.5249,1,24.5,52.5,11,2021,1,0,"American Athletic","American Athletic",1075,-2600,1,1.909090909,0.954545455,0.0348,0.085106383,0.962962963,-0.019806383,-0.028262963,0,0,0,1,0.519230769,-0.019806383,0,0,0.954545455,0.0249
"210",1,401287942,"Texas Tech","Iowa State",0.5912,1,1,0.2936,0,1,0.3766,0,12.5,55.5,11,2021,1,0,"Big 12","Big 12",315,-420,1,1.909090909,0.954545455,0.0912,0.240963855,0.807692308,0.052636145,-0.101292308,1,0,1,4.15,2.075,0.052636145,0,0,0.954545455,0.1234
"211",0,401287941,"Texas","Kansas",0.3741,0,0,0.8996,1,1,0.5712,1,-31,61.5,11,2021,1,0,"Big 12","Big 12",NA,NA,1,1.909090909,0.954545455,0.1259,NA,NA,NA,NA,NA,NA,NA,NA,NA,NA,1,1.909090909,0.954545455,0.0712
"212",1,401282134,"Vanderbilt","Kentucky",0.4701,0,0,0.0771,0,0,0.3675,0,21.5,52.5,11,2021,1,0,"SEC","SEC",800,-1600,0,0,0.954545455,0.0299,0.111111111,0.941176471,-0.034011111,-0.018276471,0,0,0,1,0.53125,-0.018276471,1,1.909090909,0.954545455,0.1325
"213",0,401309641,"Troy","Louisiana",0.4888,0,0,0.2846,0,1,0.5042,1,6.5,48,11,2021,1,0,"Sun Belt","Sun Belt",200,-240,1,1.909090909,0.954545455,0.0112,0.333333333,0.705882353,-0.048733333,0.009517647,0,1,1,1.416666667,0.708333333,0.009517647,1,1.909090909,0.954545455,0.0042
"214",1,401282771,"Michigan State","Maryland",0.4948,0,1,0.8211,1,1,0.4255,0,-11.5,60.5,11,2021,1,0,"Big Ten","Big Ten",-565,400,0,0,0.954545455,0.0052,0.84962406,0.2,-0.02852406,-0.0211,0,0,0,1,0.588495575,-0.0211,0,0,0.954545455,0.0745
"215",0,401282780,"Penn State","Michigan",0.4778,0,0,0.4118,0,0,0.4157,0,2.5,48.5,11,2021,1,0,"Big Ten","Big Ten",105,-125,1,1.909090909,0.954545455,0.0222,0.487804878,0.555555556,-0.076004878,0.032644444,0,1,1,1.8,0.9,0.032644444,1,1.909090909,0.954545455,0.0843
"216",1,401282690,"Wake Forest","NC State",0.4262,0,1,0.4586,0,1,0.3733,0,-1,64.5,11,2021,1,0,"ACC","ACC",-125,105,0,0,0.954545455,0.0738,0.555555556,0.487804878,-0.096955556,0.053595122,0,1,0,0,0.9,0.053595122,0,0,0.954545455,0.1267
"217",0,401310746,"San Diego State","Nevada",0.4895,0,1,0.5984,1,0,0.4113,0,-2.5,45,11,2021,1,0,"Mountain West","Mountain West",-150,130,1,1.909090909,0.954545455,0.0105,0.6,0.434782609,-0.0016,-0.033182609,0,0,0,1,0.833333333,-0.0016,1,1.909090909,0.954545455,0.0887
"218",1,401282683,"Pittsburgh","North Carolina",0.506,1,1,0.7597,1,0,0.4141,0,-6.5,72,11,2021,1,0,"ACC","ACC",-250,210,1,1.909090909,0.954545455,0.006,0.714285714,0.322580645,0.045414286,-0.082280645,1,0,1,1.4,0.7,0.045414286,1,1.909090909,0.954545455,0.0859
"219",1,401282806,"Wisconsin","Northwestern",0.405,0,1,0.8737,1,1,0.5136,1,-25.5,41.5,11,2021,1,0,"Big Ten","Big Ten",-2800,1100,0,0,0.954545455,0.095,0.965517241,0.083333333,-0.091817241,0.042966667,0,1,0,0,0.517857143,0.042966667,1,1.909090909,0.954545455,0.0136
"220",0,401282688,"Virginia","Notre Dame",0.4015,0,0,0.1824,0,0,0.4658,0,8.5,62,11,2021,1,0,"ACC","FBS Independents",210,-250,1,1.909090909,0.954545455,0.0985,0.322580645,0.714285714,-0.140180645,0.103314286,0,1,1,1.4,0.7,0.103314286,1,1.909090909,0.954545455,0.0342
"221",0,401282260,"UTSA","Southern Miss",0.6147,1,1,0.9252,1,0,0.4814,0,-32.5,54.5,11,2021,1,0,"Conference USA","Conference USA",NA,NA,0,0,0.954545455,0.1147,NA,NA,NA,NA,NA,NA,NA,NA,NA,NA,1,1.909090909,0.954545455,0.0186
"222",0,401310747,"Nevada","Air Force",0.5247,1,0,0.5399,1,1,0.5377,1,1.5,54.5,12,2021,1,0,"Mountain West","Mountain West",115,-135,0,0,0.954545455,0.0247,0.465116279,0.574468085,0.074783721,-0.114368085,1,0,0,0,0.87037037,0.074783721,1,1.909090909,0.954545455,0.0377
"223",0,401309642,"Troy","App State",0.4319,0,0,0.2486,0,1,0.4898,0,9.5,51.5,12,2021,1,0,"Sun Belt","Sun Belt",280,-360,1,1.909090909,0.954545455,0.0681,0.263157895,0.782608696,-0.014557895,-0.031208696,0,0,0,1,0.638888889,-0.014557895,0,0,0.954545455,0.0102
"224",1,401309899,"Washington State","Arizona",0.4597,0,1,0.8793,1,1,0.4938,0,-14.5,52.5,12,2021,1,0,"Pac-12","Pac-12",-665,450,0,0,0.954545455,0.0403,0.869281046,0.181818182,0.010018954,-0.061118182,1,0,1,1.15037594,0.57518797,0.010018954,0,0,0.954545455,0.0062
"225",1,401309902,"Oregon State","Arizona State",0.4585,0,1,0.5217,1,0,0.4919,0,3,59,12,2021,1,0,"Pac-12","Pac-12",130,-150,0,0,0.954545455,0.0415,0.434782609,0.6,0.086917391,-0.1217,1,0,1,2.3,1.15,0.086917391,1,1.909090909,0.954545455,0.0081
"226",0,401309643,"Georgia State","Arkansas State",0.5555,1,1,0.8701,1,0,0.4858,0,-15.5,65.5,12,2021,1,0,"Sun Belt","Sun Belt",-800,525,0,0,0.954545455,0.0555,0.888888889,0.16,-0.018788889,-0.0301,0,0,0,1,0.5625,-0.018788889,1,1.909090909,0.954545455,0.0142
"227",1,401282142,"South Carolina","Auburn",0.441,0,1,0.2217,0,0,0.5533,1,7,45,12,2021,1,0,"SEC","SEC",250,-300,0,0,0.954545455,0.059,0.285714286,0.75,-0.064014286,0.0283,0,1,0,0,1.75,0.0283,0,0,0.954545455,0.0533
"228",1,401309645,"Georgia Southern","BYU",0.4785,0,0,0.1153,0,0,0.4241,0,20,57.5,12,2021,1,0,"Sun Belt","FBS Independents",750,-1400,0,0,0.954545455,0.0215,0.117647059,0.933333333,-0.002347059,-0.048633333,0,0,0,1,0.535714286,-0.002347059,1,1.909090909,0.954545455,0.0759
"229",0,401287943,"Kansas State","Baylor",0.4686,0,0,0.4974,0,0,0.4421,0,-2.5,50,12,2021,1,0,"Big 12","Big 12",-120,-105,1,1.909090909,0.954545455,0.0314,0.545454545,0.512195122,-0.048054545,-0.009595122,0,0,0,1,0.976190476,-0.009595122,1,1.909090909,0.954545455,0.0579
"230",1,401308841,"Miami (OH)","Bowling Green",0.5578,1,1,0.9179,1,0,0.5879,1,-17,52,12,2021,1,0,"Mid-American","Mid-American",-750,500,1,1.909090909,0.954545455,0.0578,0.882352941,0.166666667,0.035547059,-0.084566667,1,0,1,1.133333333,0.566666667,0.035547059,0,0,0.954545455,0.0879
"231",0,401309900,"Stanford","California",0.4673,0,0,0.5011,1,1,0.6142,1,2.5,46,12,2021,1,0,"Pac-12","Pac-12",115,-135,1,1.909090909,0.954545455,0.0327,0.465116279,0.574468085,0.035983721,-0.075568085,1,0,0,0,0.87037037,0.035983721,1,1.909090909,0.954545455,0.1142
"232",1,401301047,"Navy","East Carolina",0.346,0,0,0.2444,0,1,0.518,1,3.5,46.5,12,2021,1,0,"American Athletic","American Athletic",160,-185,0,0,0.954545455,0.154,0.384615385,0.649122807,-0.140215385,0.106477193,0,1,1,1.540540541,0.77027027,0.106477193,1,1.909090909,0.954545455,0.018
"233",1,401282141,"Missouri","Florida",0.3957,0,1,0.3013,0,0,0.4592,0,9,69,12,2021,1,0,"SEC","SEC",260,-320,0,0,0.954545455,0.1043,0.277777778,0.761904762,0.023522222,-0.063204762,1,0,1,3.6,1.8,0.023522222,1,1.909090909,0.954545455,0.0408
"234",1,401282263,"Western Kentucky","Florida Atlantic",0.5163,1,1,0.702,1,1,0.5573,1,-10.5,64,12,2021,1,0,"Conference USA","Conference USA",-415,310,1,1.909090909,0.954545455,0.0163,0.805825243,0.243902439,-0.103825243,0.054097561,0,1,0,0,0.620481928,0.054097561,1,1.909090909,0.954545455,0.0573
"235",1,401282697,"Notre Dame","Georgia Tech",0.5055,1,1,0.9321,1,0,0.4936,0,-17.5,58,12,2021,1,0,"FBS Independents","ACC",-900,575,1,1.909090909,0.954545455,0.0055,0.9,0.148148148,0.0321,-0.080248148,1,0,1,1.111111111,0.555555556,0.0321,1,1.909090909,0.954545455,0.0064
"236",0,401282721,"Iowa","Illinois",0.4627,0,1,0.751,1,1,0.6438,1,-12,38.5,12,2021,1,0,"Big Ten","Big Ten",-500,360,1,1.909090909,0.954545455,0.0373,0.833333333,0.217391304,-0.082333333,0.031608696,0,1,0,0,0.6,0.031608696,1,1.909090909,0.954545455,0.1438
"237",1,401287944,"Oklahoma","Iowa State",0.5033,1,1,0.5869,1,0,0.4005,0,-3,59,12,2021,1,0,"Big 12","Big 12",-170,145,1,1.909090909,0.954545455,0.0033,0.62962963,0.408163265,-0.04272963,0.004936735,0,1,0,0,0.794117647,0.004936735,1,1.909090909,0.954545455,0.0995
"238",0,401287945,"TCU","Kansas",0.5497,1,1,0.8627,1,0,0.4361,0,-21,64.5,12,2021,1,0,"Big 12","Big 12",-1500,775,0,0,0.954545455,0.0497,0.9375,0.114285714,-0.0748,0.023014286,0,1,0,0,0.533333333,0.023014286,1,1.909090909,0.954545455,0.0639
"239",1,401282786,"Ohio State","Michigan State",0.5281,1,1,0.9134,1,0,0.3549,0,-19.5,70.5,12,2021,1,0,"Big Ten","Big Ten",-1000,625,1,1.909090909,0.954545455,0.0281,0.909090909,0.137931034,0.004309091,-0.051331034,1,0,1,1.1,0.55,0.004309091,1,1.909090909,0.954545455,0.1451
"240",0,401282803,"Wisconsin","Nebraska",0.5053,1,1,0.718,1,1,0.4858,0,-10,43.5,12,2021,1,0,"Big Ten","Big Ten",-395,300,0,0,0.954545455,0.0053,0.797979798,0.25,-0.079979798,0.032,0,1,0,0,0.626582278,0.032,0,0,0.954545455,0.0142
"241",1,401282808,"Purdue","Northwestern",0.5402,1,1,0.8394,1,0,0.4269,0,-11,47.5,12,2021,0,1,"Big Ten","Big Ten",-455,335,1,1.909090909,0.954545455,0.0402,0.81981982,0.229885057,0.01958018,-0.069285057,1,0,1,1.21978022,0.60989011,0.01958018,1,1.909090909,0.954545455,0.0731
"242",0,401287946,"Texas Tech","Oklahoma State",0.3311,0,0,0.2258,0,0,0.5249,1,10,55,12,2021,1,0,"Big 12","Big 12",300,-395,1,1.909090909,0.954545455,0.1689,0.25,0.797979798,-0.0242,-0.023779798,0,0,0,1,0.626582278,-0.023779798,0,0,0.954545455,0.0249
"243",1,401309901,"Utah","Oregon",0.4851,0,1,0.5232,1,0,0.5482,1,-3,58.5,12,2021,1,0,"Pac-12","Pac-12",-150,130,0,0,0.954545455,0.0149,0.6,0.434782609,-0.0768,0.042017391,0,1,0,0,0.833333333,0.042017391,0,0,0.954545455,0.0482
"244",1,401282266,"UTEP","Rice",0.498,0,1,0.8224,1,1,0.4321,0,-9,47,12,2021,1,0,"Conference USA","Conference USA",-380,290,0,0,0.954545455,0.002,0.791666667,0.256410256,0.030733333,-0.078810256,1,0,1,1.263157895,0.631578947,0.030733333,0,0,0.954545455,0.0679
"245",1,401282143,"Tennessee","South Alabama",0.4301,0,1,0.9208,1,1,0.4371,0,-28.5,61.5,12,2021,1,0,"SEC","Sun Belt",-5000,1275,0,0,0.954545455,0.0699,0.980392157,0.072727273,-0.059592157,0.006472727,0,1,0,0,0.51,0.006472727,0,0,0.954545455,0.0629
"246",1,401301048,"Tulane","South Florida",0.6525,1,1,0.7473,1,0,0.5958,1,-5.5,59.5,12,2021,1,0,"American Athletic","American Athletic",-220,180,1,1.909090909,0.954545455,0.1525,0.6875,0.357142857,0.0598,-0.104442857,1,0,1,1.454545455,0.727272727,0.0598,0,0,0.954545455,0.0958
"247",1,401301049,"Tulsa","Temple",0.6268,1,1,0.9236,1,1,0.5545,1,-21.5,50.5,12,2021,1,0,"American Athletic","American Athletic",-1700,850,1,1.909090909,0.954545455,0.1268,0.944444444,0.105263158,-0.020844444,-0.028863158,0,0,0,1,0.529411765,-0.020844444,1,1.909090909,0.954545455,0.0545
"248",1,401287947,"West Virginia","Texas",0.6192,1,1,0.6783,1,0,0.479,0,-2.5,56.5,12,2021,1,0,"Big 12","Big 12",-130,110,1,1.909090909,0.954545455,0.1192,0.565217391,0.476190476,0.113082609,-0.154490476,1,0,1,1.769230769,0.884615385,0.113082609,1,1.909090909,0.954545455,0.021
"249",0,401282267,"UTSA","UAB",0.4932,0,1,0.6929,1,1,0.3953,0,-4,53.5,12,2021,1,0,"Conference USA","Conference USA",-200,170,1,1.909090909,0.954545455,0.0068,0.666666667,0.37037037,0.026233333,-0.06327037,1,0,1,1.5,0.75,0.026233333,0,0,0.954545455,0.1047
"250",0,401309904,"USC","UCLA",0.4443,0,0,0.2742,0,1,0.4966,0,3.5,65.5,12,2021,1,0,"Pac-12","Pac-12",140,-165,1,1.909090909,0.954545455,0.0557,0.416666667,0.622641509,-0.142466667,0.103158491,0,1,1,1.606060606,0.803030303,0.103158491,0,0,0.954545455,0.0034
"251",1,401309597,"Toledo","Akron",0.6611,1,1,0.9119,1,1,0.5154,1,-28.5,57.5,13,2021,1,0,"Mid-American","Mid-American",NA,NA,1,1.909090909,0.954545455,0.1611,NA,NA,NA,NA,NA,NA,NA,NA,NA,NA,1,1.909090909,0.954545455,0.0154
"252",1,401309909,"Arizona State","Arizona",0.5303,1,1,0.91,1,0,0.5471,1,-20,53,13,2021,1,0,"Pac-12","Pac-12",-1400,750,1,1.909090909,0.954545455,0.0303,0.933333333,0.117647059,-0.023333333,-0.027647059,0,0,0,1,0.535714286,-0.023333333,0,0,0.954545455,0.0471
"253",0,401286299,"Liberty","Army",0.4719,0,0,0.5765,1,0,0.5067,1,-3.5,52.5,13,2021,1,0,"FBS Independents","FBS Independents",-170,145,1,1.909090909,0.954545455,0.0281,0.62962963,0.408163265,-0.05312963,0.015336735,0,1,1,2.45,1.225,0.015336735,0,0,0.954545455,0.0067
"254",1,401309910,"USC","BYU",0.4703,0,0,0.2819,0,1,0.4348,0,8.5,65.5,13,2021,1,0,"Pac-12","FBS Independents",210,-250,0,0,0.954545455,0.0297,0.322580645,0.714285714,-0.040680645,0.003814286,0,1,1,1.4,0.7,0.003814286,0,0,0.954545455,0.0652
"255",1,401310753,"San Diego State","Boise State",0.4983,0,1,0.4857,0,0,0.413,0,3,44.5,13,2021,1,0,"Mountain West","Mountain West",125,-145,0,0,0.954545455,0.0017,0.444444444,0.591836735,0.041255556,-0.077536735,1,0,1,2.25,1.125,0.041255556,1,1.909090909,0.954545455,0.087
"256",1,401309907,"UCLA","California",0.4979,0,1,0.712,1,0,0.5446,1,-6.5,58.5,13,2021,1,0,"Pac-12","Pac-12",-250,210,0,0,0.954545455,0.0021,0.714285714,0.322580645,-0.002285714,-0.034580645,0,0,0,1,0.7,-0.002285714,0,0,0.954545455,0.0446
"257",1,401282268,"Old Dominion","Charlotte",0.657,1,1,0.8407,1,1,0.45,0,-8.5,55.5,13,2021,1,0,"Conference USA","Conference USA",-360,280,1,1.909090909,0.954545455,0.157,0.782608696,0.263157895,0.058091304,-0.103857895,1,0,1,1.277777778,0.638888889,0.058091304,0,0,0.954545455,0.05
"258",0,401301051,"East Carolina","Cincinnati",0.6275,1,0,0.2054,0,0,0.5258,1,14.5,56.5,13,2021,1,0,"American Athletic","American Athletic",410,-585,0,0,0.954545455,0.1275,0.196078431,0.854014599,0.009321569,-0.059414599,1,0,0,0,0.585470085,0.009321569,0,0,0.954545455,0.0258
"259",0,401282152,"South Carolina","Clemson",0.4628,0,0,0.1555,0,0,0.4423,0,11.5,42.5,13,2021,1,0,"SEC","ACC",315,-420,1,1.909090909,0.954545455,0.0372,0.240963855,0.807692308,-0.085463855,0.036807692,0,1,1,1.238095238,0.619047619,0.036807692,1,1.909090909,0.954545455,0.0577
"260",1,401309648,"South Alabama","Coastal Carolina",0.5554,1,0,0.1362,0,0,0.5381,1,15,55,13,2021,1,0,"Sun Belt","Sun Belt",450,-665,1,1.909090909,0.954545455,0.0554,0.181818182,0.869281046,-0.045618182,-0.005481046,0,0,0,1,0.57518797,-0.005481046,0,0,0.954545455,0.0381
"261",0,401309906,"Utah","Colorado",0.642,1,1,0.9432,1,0,0.5391,1,-24,52.5,13,2021,1,0,"Pac-12","Pac-12",-2500,1050,0,0,0.954545455,0.142,0.961538462,0.086956522,-0.018338462,-0.030156522,0,0,0,1,0.52,-0.018338462,0,0,0.954545455,0.0391
"262",1,401282269,"Southern Miss","Florida International",0.5211,1,1,0.7697,1,1,0.4134,0,-14.5,46,13,2021,1,0,"Conference USA","Conference USA",-520,375,1,1.909090909,0.954545455,0.0211,0.838709677,0.210526316,-0.069009677,0.019773684,0,1,0,0,0.596153846,0.019773684,0,0,0.954545455,0.0866
"263",0,401310757,"San José State","Fresno State",0.3827,0,0,0.2294,0,0,0.5032,1,7,52.5,13,2021,1,0,"Mountain West","Mountain West",250,-300,1,1.909090909,0.954545455,0.1173,0.285714286,0.75,-0.056314286,0.0206,0,1,1,1.333333333,0.666666667,0.0206,0,0,0.954545455,0.0032
"264",0,401282148,"Georgia Tech","Georgia",0.4767,0,0,0.058,0,0,0.4394,0,35.5,54.5,13,2021,1,0,"ACC","SEC",NA,NA,1,1.909090909,0.954545455,0.0233,NA,NA,NA,NA,NA,NA,NA,NA,NA,NA,1,1.909090909,0.954545455,0.0606
"265",1,401301052,"UConn","Houston",0.5145,1,0,0.0869,0,1,0.4923,0,32,54.5,13,2021,1,0,"FBS Independents","American Athletic",NA,NA,1,1.909090909,0.954545455,0.0145,NA,NA,NA,NA,NA,NA,NA,NA,NA,NA,0,0,0.954545455,0.0077
"266",1,401282753,"Purdue","Indiana",0.5218,1,1,0.903,1,1,0.4081,0,-17.5,50.5,13,2021,1,0,"Big Ten","Big Ten",-700,475,1,1.909090909,0.954545455,0.0218,0.875,0.173913043,0.028,-0.076913043,1,0,1,1.142857143,0.571428571,0.028,0,0,0.954545455,0.0919
"267",0,401282761,"Nebraska","Iowa",0.4768,0,0,0.5156,1,1,0.3731,0,-1,41,13,2021,1,0,"Big Ten","Big Ten",-115,-105,1,1.909090909,0.954545455,0.0232,0.534883721,0.512195122,-0.019283721,-0.027795122,0,0,0,1,0.976190476,-0.019283721,0,0,0.954545455,0.1269
"268",1,401287952,"Texas","Kansas State",0.4128,0,1,0.4121,0,0,0.5113,1,-2.5,54.5,13,2021,1,0,"Big 12","Big 12",-145,125,0,0,0.954545455,0.0872,0.591836735,0.444444444,-0.179736735,0.143455556,0,1,0,0,0.844827586,0.143455556,0,0,0.954545455,0.0113
"269",0,401282149,"Louisville","Kentucky",0.4213,0,0,0.6199,1,1,0.5045,1,-3,57.5,13,2021,1,0,"ACC","SEC",-145,125,1,1.909090909,0.954545455,0.0787,0.591836735,0.444444444,0.028063265,-0.064344444,1,0,0,0,1.125,0.028063265,1,1.909090909,0.954545455,0.0045
"270",1,401282271,"Rice","Louisiana Tech",0.4882,0,1,0.3237,0,1,0.3415,0,4,52.5,13,2021,1,0,"Conference USA","Conference USA",155,-180,0,0,0.954545455,0.0118,0.392156863,0.642857143,-0.068456863,0.033442857,0,1,0,0,1.275,0.033442857,0,0,0.954545455,0.1585
"271",0,401282766,"Rutgers","Maryland",0.5192,1,0,0.5661,1,1,0.4436,0,-1.5,53,13,2021,1,0,"Big Ten","Big Ten",105,-125,0,0,0.954545455,0.0192,0.487804878,0.555555556,0.078295122,-0.121655556,1,0,0,0,0.9,0.078295122,0,0,0.954545455,0.0564
"272",1,401286306,"New Mexico State","Massachusetts",0.4777,0,1,0.7178,1,1,0.496,0,-7,59,13,2021,1,0,"FBS Independents","FBS Independents",-260,215,0,0,0.954545455,0.0223,0.722222222,0.317460317,-0.004422222,-0.035260317,0,0,0,1,0.692307692,-0.004422222,0,0,0.954545455,0.004
"273",0,401301054,"Temple","Navy",0.4365,0,0,0.236,0,1,0.4943,0,13.5,42.5,13,2021,1,0,"American Athletic","American Athletic",385,-535,1,1.909090909,0.954545455,0.0635,0.206185567,0.842519685,0.029814433,-0.078519685,1,0,0,0,0.593457944,0.029814433,0,0,0.954545455,0.0057
"274",0,401282711,"Stanford","Notre Dame",0.3638,0,0,0.0689,0,1,0.5527,1,21,53,13,2021,1,0,"Pac-12","FBS Independents",750,-1400,1,1.909090909,0.954545455,0.1362,0.117647059,0.933333333,-0.048747059,-0.002233333,0,0,0,1,0.535714286,-0.002233333,1,1.909090909,0.954545455,0.0527
"275",0,401287951,"Oklahoma State","Oklahoma",0.5919,1,1,0.7612,1,1,0.5503,1,-4,49.5,13,2021,1,0,"Big 12","Big 12",-185,160,0,0,0.954545455,0.0919,0.649122807,0.384615385,0.112077193,-0.145815385,1,0,1,1.540540541,0.77027027,0.112077193,1,1.909090909,0.954545455,0.0503
"276",0,401282702,"Syracuse","Pittsburgh",0.5439,1,0,0.2076,0,0,0.5068,1,12.5,58.5,13,2021,1,0,"ACC","ACC",360,-500,0,0,0.954545455,0.0439,0.217391304,0.833333333,-0.009791304,-0.040933333,0,0,0,1,0.6,-0.009791304,0,0,0.954545455,0.0068
"277",0,401301050,"UCF","South Florida",0.4801,0,1,0.9194,1,0,0.441,0,-17,62,13,2021,1,0,"American Athletic","American Athletic",-1100,650,1,1.909090909,0.954545455,0.0199,0.916666667,0.133333333,0.002733333,-0.052733333,1,0,1,1.090909091,0.545454545,0.002733333,1,1.909090909,0.954545455,0.059
"278",0,401282154,"Georgia","Alabama",0.5286,1,0,0.6494,1,1,0.5071,1,-6.5,49,14,2021,0,1,"SEC","SEC",-235,195,0,0,0.954545455,0.0286,0.701492537,0.338983051,-0.052092537,0.011616949,0,1,1,2.95,1.475,0.011616949,1,1.909090909,0.954545455,0.0071
"279",1,401331161,"Louisiana","App State",0.4766,0,1,0.552,1,0,0.5684,1,2.5,52,14,2021,1,0,"Sun Belt","Sun Belt",115,-135,0,0,0.954545455,0.0234,0.465116279,0.574468085,0.086883721,-0.126468085,1,0,1,2.15,1.075,0.086883721,0,0,0.954545455,0.0684
"280",0,401287953,"Oklahoma State","Baylor",0.5778,1,0,0.7628,1,0,0.4089,0,-7,45,14,2021,0,1,"Big 12","Big 12",-275,225,0,0,0.954545455,0.0778,0.733333333,0.307692308,0.029466667,-0.070492308,1,0,0,0,1.625,0.029466667,1,1.909090909,0.954545455,0.0911
"281",1,401331447,"Michigan","Iowa",0.4757,0,1,0.7294,1,1,0.4479,0,-12,44,14,2021,0,1,"Big Ten","Big Ten",375,-520,0,0,0.954545455,0.0243,0.210526316,0.838709677,0.518873684,-0.568109677,1,0,1,4.75,2.375,0.518873684,0,0,0.954545455,0.0521
"282",1,401331160,"Northern Illinois","Kent State",0.3949,0,1,0.3147,0,0,0.5484,1,4,75.5,14,2021,0,1,"Mid-American","Mid-American",135,-160,0,0,0.954545455,0.1051,0.425531915,0.615384615,-0.110831915,0.069915385,0,1,0,0,1.175,0.069915385,0,0,0.954545455,0.0484
"283",0,401331163,"Wake Forest","Pittsburgh",0.4478,0,0,0.328,0,0,0.4736,0,3.5,72.5,14,2021,0,1,"ACC","ACC",-160,135,1,1.909090909,0.954545455,0.0522,0.615384615,0.425531915,-0.287384615,0.246468085,0,1,1,2.35,1.175,0.246468085,1,1.909090909,0.954545455,0.0264
"284",0,401331222,"Louisville","Air Force",0.4456,0,0,0.4405,0,1,0.4913,0,1,55,20,2021,0,1,"ACC","Mountain West",-125,105,1,1.909090909,0.954545455,0.0544,0.555555556,0.487804878,-0.115055556,0.071695122,0,1,1,2.05,1.025,0.071695122,0,0,0.954545455,0.0087
"285",1,401331166,"Western Kentucky","App State",0.4672,0,1,0.4302,0,1,0.5501,1,-1,67.5,20,2021,0,1,"Conference USA","Sun Belt",-150,130,0,0,0.954545455,0.0328,0.6,0.434782609,-0.1698,0.135017391,0,1,0,0,0.833333333,0.135017391,1,1.909090909,0.954545455,0.0501
"286",0,401331236,"Penn State","Arkansas",0.5519,1,0,0.4709,0,0,0.4425,0,3.5,51,20,2021,0,1,"Big Ten","SEC",-135,115,0,0,0.954545455,0.0519,0.574468085,0.465116279,-0.103568085,0.063983721,0,1,1,2.15,1.075,0.063983721,1,1.909090909,0.954545455,0.0575
"287",1,401331215,"Missouri","Army",0.4313,0,0,0.459,0,0,0.4577,0,7,54,20,2021,0,1,"SEC","FBS Independents",195,-235,0,0,0.954545455,0.0687,0.338983051,0.701492537,0.120016949,-0.160492537,1,0,0,0,0.712765957,0.120016949,1,1.909090909,0.954545455,0.0423
"288",1,401331221,"Houston","Auburn",0.5319,1,1,0.4371,0,0,0.4529,0,-1.5,49.5,20,2021,0,1,"American Athletic","SEC",110,-130,1,1.909090909,0.954545455,0.0319,0.476190476,0.565217391,-0.039090476,-0.002317391,0,0,0,1,1.05,-0.002317391,1,1.909090909,0.954545455,0.0471
"289",1,401331168,"UAB","BYU",0.5788,1,1,0.3863,0,1,0.4869,0,6,54,20,2021,0,1,"Conference USA","FBS Independents",225,-275,1,1.909090909,0.954545455,0.0788,0.307692308,0.733333333,0.078607692,-0.119633333,1,0,1,3.25,1.625,0.078607692,0,0,0.954545455,0.0131
"290",1,401331218,"Georgia State","Ball State",0.5276,1,1,0.782,1,1,0.5582,1,-6,53,20,2021,0,1,"Sun Belt","Mid-American",185,-225,1,1.909090909,0.954545455,0.0276,0.350877193,0.692307692,0.431122807,-0.474307692,1,0,1,2.85,1.425,0.431122807,1,1.909090909,0.954545455,0.0582
"291",0,401331240,"Ole Miss","Baylor",0.5221,1,0,0.4635,0,0,0.4578,0,-1,60,20,2021,0,1,"SEC","Big 12",-125,105,0,0,0.954545455,0.0221,0.555555556,0.487804878,-0.092055556,0.048695122,0,1,1,2.05,1.025,0.048695122,1,1.909090909,0.954545455,0.0422
"292",0,401331654,"Washington State","Central Michigan",0.4729,0,0,0.5856,1,0,0.4596,0,-5.5,56,20,2021,0,1,"Pac-12","Mid-American",230,-280,1,1.909090909,0.954545455,0.0271,0.303030303,0.736842105,0.282569697,-0.322442105,1,0,0,0,0.678571429,0.282569697,1,1.909090909,0.954545455,0.0404
"293",0,401331227,"Iowa State","Clemson",0.4214,0,0,0.4252,0,0,0.5839,1,2,45,20,2021,0,1,"Big 12","ACC",-120,100,1,1.909090909,0.954545455,0.0786,0.545454545,0.5,-0.120254545,0.0748,0,1,1,2,1,0.0748,0,0,0.954545455,0.0839
"294",1,401331165,"Northern Illinois","Coastal Carolina",0.5162,1,0,0.265,0,1,0.4456,0,12,63.5,20,2021,0,1,"Mid-American","Sun Belt",-395,300,1,1.909090909,0.954545455,0.0162,0.797979798,0.25,-0.532979798,0.485,0,1,1,4,2,0.485,0,0,0.954545455,0.0544
"295",1,401331169,"Liberty","Eastern Michigan",0.4803,0,1,0.6816,1,1,0.5236,1,-9.5,58.5,20,2021,0,1,"FBS Independents","Mid-American",-330,265,0,0,0.954545455,0.0197,0.76744186,0.273972603,-0.08584186,0.044427397,0,1,0,0,0.651515152,0.044427397,1,1.909090909,0.954545455,0.0236
"296",1,401331216,"UCF","Florida",0.467,0,1,0.3351,0,0,0.5191,1,7,56,20,2021,0,1,"American Athletic","SEC",225,-275,0,0,0.954545455,0.033,0.307692308,0.733333333,0.027407692,-0.068433333,1,0,1,3.25,1.625,0.027407692,0,0,0.954545455,0.0191
"297",1,401331167,"UTEP","Fresno State",0.4712,0,0,0.1457,0,1,0.4697,0,13,54.5,20,2021,0,1,"Conference USA","Mountain West",345,-470,0,0,0.954545455,0.0288,0.224719101,0.824561404,-0.079019101,0.029738596,0,1,1,1.212765957,0.606382979,0.029738596,0,0,0.954545455,0.0303
"298",0,401331237,"Kentucky","Iowa",0.5054,1,1,0.5534,1,0,0.5156,1,-3,43.5,20,2021,0,1,"SEC","Big Ten",130,-150,0,0,0.954545455,0.0054,0.434782609,0.6,0.118617391,-0.1534,1,0,1,2.3,1.15,0.118617391,0,0,0.954545455,0.0156
"299",0,401331241,"LSU","Kansas State",0.5535,1,0,0.3024,0,1,0.5938,1,9.5,47,20,2021,0,1,"SEC","Big 12",290,-380,0,0,0.954545455,0.0535,0.256410256,0.791666667,0.045989744,-0.094066667,1,0,0,0,0.631578947,0.045989744,1,1.909090909,0.954545455,0.0938
"300",1,401331213,"Wyoming","Kent State",0.4884,0,1,0.4192,0,1,0.4818,0,-3,60.5,20,2021,0,1,"Mountain West","Mid-American",145,-170,0,0,0.954545455,0.0116,0.408163265,0.62962963,0.011036735,-0.04882963,1,0,1,2.45,1.225,0.011036735,0,0,0.954545455,0.0182
"301",0,401331171,"Marshall","Louisiana",0.4955,0,0,0.4646,0,1,0.402,0,4,55.5,20,2021,0,1,"Conference USA","Sun Belt",-200,170,1,1.909090909,0.954545455,0.0045,0.666666667,0.37037037,-0.202066667,0.16502963,0,1,1,2.7,1.35,0.16502963,0,0,0.954545455,0.098
"302",0,401331226,"Virginia Tech","Maryland",0.485,0,0,0.4646,0,1,0.4445,0,4.5,55.5,20,2021,0,1,"ACC","Big Ten",140,-165,1,1.909090909,0.954545455,0.015,0.416666667,0.622641509,0.047933333,-0.087241509,1,0,0,0,0.803030303,0.047933333,0,0,0.954545455,0.0555
"303",0,401391158,"North Texas","Miami (OH)",0.4898,0,0,0.5985,1,0,0.5,0,2,56.5,20,2021,0,1,"Conference USA","Mid-American",-120,115,1,1.909090909,0.954545455,0.0102,0.545454545,0.465116279,0.053045455,-0.063616279,1,0,0,0,1.075,0.053045455,1,1.909090909,0.954545455,0
"304",0,401331231,"Pittsburgh","Michigan State",0.4922,0,0,0.372,0,0,0.3445,0,3.5,55,20,2021,0,1,"ACC","Big Ten",135,-160,1,1.909090909,0.954545455,0.0078,0.425531915,0.615384615,-0.053531915,0.012615385,0,1,1,1.625,0.8125,0.012615385,1,1.909090909,0.954545455,0.1555
"305",0,401331164,"Toledo","Middle Tennessee",0.4454,0,0,0.7102,1,1,0.573,1,-10.5,50,20,2021,0,1,"Mid-American","Conference USA",300,-395,1,1.909090909,0.954545455,0.0546,0.25,0.797979798,0.4602,-0.508179798,1,0,0,0,0.626582278,0.4602,1,1.909090909,0.954545455,0.073
"306",0,401331224,"West Virginia","Minnesota",0.4965,0,0,0.437,0,0,0.5792,1,6,45,20,2021,0,1,"Big 12","Big Ten",170,-200,1,1.909090909,0.954545455,0.0035,0.37037037,0.666666667,0.06662963,-0.103666667,1,0,0,0,0.75,0.06662963,0,0,0.954545455,0.0792
"307",1,401331223,"Texas Tech","Mississippi State",0.5246,1,1,0.2582,0,0,0.4693,0,10,58,20,2021,0,1,"Big 12","SEC",-380,290,1,1.909090909,0.954545455,0.0246,0.791666667,0.256410256,-0.533466667,0.485389744,0,1,0,0,0.631578947,0.485389744,1,1.909090909,0.954545455,0.0307
"308",1,401331219,"Western Michigan","Nevada",0.5548,1,1,0.3525,0,1,0.5224,1,6.5,57,20,2021,0,1,"Mid-American","Mountain West",-260,215,1,1.909090909,0.954545455,0.0548,0.722222222,0.317460317,-0.369722222,0.330039683,0,1,0,0,0.692307692,0.330039683,1,1.909090909,0.954545455,0.0224
"309",1,401331229,"South Carolina","North Carolina",0.4708,0,1,0.2225,0,1,0.5407,1,12.5,57.5,20,2021,0,1,"SEC","ACC",-350,275,0,0,0.954545455,0.0292,0.777777778,0.266666667,-0.555277778,0.510833333,0,1,0,0,0.642857143,0.510833333,1,1.909090909,0.954545455,0.0407
"310",1,401331238,"Oklahoma State","Notre Dame",0.4046,0,1,0.3477,0,1,0.5686,1,-1,45,20,2021,0,1,"Big 12","FBS Independents",-115,-105,0,0,0.954545455,0.0954,0.534883721,0.512195122,-0.187183721,0.140104878,0,1,0,0,0.934782609,0.140104878,1,1.909090909,0.954545455,0.0686
"311",0,401331239,"Utah","Ohio State",0.5391,1,0,0.5921,1,1,0.3951,0,-4,64.5,20,2021,0,1,"Pac-12","Big Ten",160,-185,0,0,0.954545455,0.0391,0.384615385,0.649122807,0.207484615,-0.241222807,1,0,0,0,0.77027027,0.207484615,0,0,0.954545455,0.1049
"312",0,401331228,"Oregon","Oklahoma",0.4634,0,0,0.4162,0,1,0.4373,0,7,64,20,2021,0,1,"Pac-12","Big 12",200,-240,1,1.909090909,0.954545455,0.0366,0.333333333,0.705882353,0.082866667,-0.122082353,1,0,0,0,0.708333333,0.082866667,0,0,0.954545455,0.0627
"313",1,401331172,"Tulsa","Old Dominion",0.4629,0,1,0.6255,1,0,0.435,0,-7.5,55,20,2021,0,1,"American Athletic","Conference USA",260,-320,0,0,0.954545455,0.0371,0.277777778,0.761904762,0.347722222,-0.387404762,1,0,1,3.6,1.8,0.347722222,1,1.909090909,0.954545455,0.065
"314",1,401331170,"Utah State","Oregon State",0.5719,1,1,0.5011,1,0,0.4772,0,6.5,68.5,20,2021,0,1,"Mountain West","Pac-12",-290,240,1,1.909090909,0.954545455,0.0719,0.743589744,0.294117647,-0.242489744,0.204782353,0,1,0,0,0.672413793,0.204782353,1,1.909090909,0.954545455,0.0228
"315",0,401331230,"Tennessee","Purdue",0.5647,1,0,0.7069,1,1,0.564,1,-7.5,66.5,20,2021,0,1,"SEC","Big Ten",220,-270,0,0,0.954545455,0.0647,0.3125,0.72972973,0.3944,-0.43662973,1,0,0,0,0.685185185,0.3944,1,1.909090909,0.954545455,0.064
"316",1,401331233,"Wake Forest","Rutgers",0.4289,0,1,0.8582,1,0,0.4549,0,-16.5,62.5,20,2021,0,1,"ACC","Big Ten",500,-750,0,0,0.954545455,0.0711,0.166666667,0.882352941,0.691533333,-0.740552941,1,0,1,6,3,0.691533333,1,1.909090909,0.954545455,0.0451
"317",0,401331214,"UTSA","San Diego State",0.5006,1,0,0.4633,0,1,0.4169,0,3,48,20,2021,0,1,"Conference USA","Mountain West",-125,105,0,0,0.954545455,6e-04,0.555555556,0.487804878,-0.092255556,0.048895122,0,1,1,2.05,1.025,0.048895122,0,0,0.954545455,0.0831
"318",0,401331235,"Cincinnati","Alabama",0.5239,1,0,0.2018,0,0,0.5688,1,13,57.5,22,2021,0,1,"American Athletic","SEC",360,-500,0,0,0.954545455,0.0239,0.217391304,0.833333333,-0.015591304,-0.035133333,0,0,0,1,0.6,-0.015591304,0,0,0.954545455,0.0688
"319",0,401331234,"Michigan","Georgia",0.5221,1,0,0.2901,0,0,0.5359,1,7.5,46,22,2021,0,1,"Big Ten","SEC",240,-290,0,0,0.954545455,0.0221,0.294117647,0.743589744,-0.004017647,-0.033689744,0,0,0,1,0.672413793,-0.004017647,0,0,0.954545455,0.0359
"320",1,401331242,"Georgia","Alabama",0.4586,0,1,0.5794,1,0,0.5415,1,-3,53,23,2021,0,1,"SEC","SEC",-140,120,0,0,0.954545455,0.0414,0.583333333,0.454545455,-0.003933333,-0.033945455,0,0,0,1,0.857142857,-0.003933333,0,0,0.954545455,0.0415
"321",0,401404160,"Liberty","Akron",0.5668,1,1,0.9293,1,0,0.278,0,-26.5,53.5,4,2022,1,0,"FBS Independents","Mid-American",-6000,1325,0,0,0.954545455,0.0668,0.983606557,0.070175439,-0.054306557,0.000524561,0,1,0,0,0.508333333,0.000524561,1,1.909090909,0.954545455,0.222
"322",1,401403996,"California","Arizona",0.4711,0,1,0.6723,1,1,0.4576,0,-3.5,50.5,4,2022,1,0,"Pac-12","Pac-12",-160,135,0,0,0.954545455,0.0289,0.615384615,0.425531915,0.056915385,-0.097831915,1,0,1,1.625,0.8125,0.056915385,0,0,0.954545455,0.0424
"323",1,401403893,"Texas A&M","Arkansas",0.3449,0,1,0.3843,0,0,0.5982,1,-1.5,51,4,2022,0,1,"SEC","SEC",-135,115,0,0,0.954545455,0.1551,0.574468085,0.465116279,-0.190168085,0.150583721,0,1,0,0,0.87037037,0.150583721,0,0,0.954545455,0.0982
"324",0,401426335,"Old Dominion","Arkansas State",0.5032,1,1,0.7481,1,0,0.4793,0,-5,56.5,4,2022,1,0,"Sun Belt","Sun Belt",-220,180,0,0,0.954545455,0.0032,0.6875,0.357142857,0.0606,-0.105242857,1,0,1,1.454545455,0.727272727,0.0606,1,1.909090909,0.954545455,0.0207
"325",1,401416605,"Georgia Southern","Ball State",0.4815,0,1,0.8058,1,0,0.469,0,-9.5,67,4,2022,1,0,"Sun Belt","Mid-American",-340,270,0,0,0.954545455,0.0185,0.772727273,0.27027027,0.033072727,-0.07607027,1,0,1,1.294117647,0.647058824,0.033072727,1,1.909090909,0.954545455,0.031
"326",0,401404080,"Iowa State","Baylor",0.427,0,0,0.4214,0,1,0.4112,0,-2.5,45,4,2022,1,0,"Big 12","Big 12",-140,120,1,1.909090909,0.954545455,0.073,0.583333333,0.454545455,-0.161933333,0.124054545,0,1,1,2.2,1.1,0.124054545,0,0,0.954545455,0.0888
"327",1,401426571,"UTEP","Boise State",0.5557,1,1,0.1176,0,0,0.3571,0,16.5,44.5,4,2022,1,0,"Conference USA","Mountain West",525,-800,1,1.909090909,0.954545455,0.0557,0.16,0.888888889,-0.0424,-0.006488889,0,0,0,1,3.125,-0.006488889,1,1.909090909,0.954545455,0.1429
"328",1,401411118,"Florida State","Boston College",0.5541,1,1,0.908,1,1,0.3659,0,-18.5,48.5,4,2022,1,0,"ACC","ACC",-1100,650,1,1.909090909,0.954545455,0.0541,0.916666667,0.133333333,-0.008666667,-0.041333333,0,0,0,1,0.545454545,-0.008666667,0,0,0.954545455,0.1341
"329",0,401403899,"Mississippi State","Bowling Green",0.5242,1,1,0.9374,1,1,0.4597,0,-31,53,4,2022,1,0,"SEC","Mid-American",NA,NA,0,0,0.954545455,0.0242,NA,NA,NA,NA,NA,NA,NA,NA,NA,NA,0,0,0.954545455,0.0403
"330",0,401416604,"Eastern Michigan","Buffalo",0.398,0,0,0.6019,1,1,0.3442,0,-6.5,57.5,4,2022,1,0,"Mid-American","Mid-American",-200,170,1,1.909090909,0.954545455,0.102,0.666666667,0.37037037,-0.064766667,0.02772963,0,1,1,2.7,1.35,0.02772963,0,0,0.954545455,0.1558
"331",0,401405098,"Penn State","Central Michigan",0.5111,1,1,0.9257,1,0,0.4258,0,-28,61.5,4,2022,1,0,"Big Ten","Mid-American",-5000,1300,0,0,0.954545455,0.0111,0.980392157,0.071428571,-0.054692157,0.002871429,0,1,0,0,0.51,0.002871429,1,1.909090909,0.954545455,0.0742
"332",1,401426564,"South Carolina","Charlotte",0.4792,0,1,0.8772,1,1,0.4176,0,-23.5,66.5,4,2022,1,0,"SEC","Conference USA",-2500,1050,0,0,0.954545455,0.0208,0.961538462,0.086956522,-0.084338462,0.035843478,0,1,0,0,0.52,0.035843478,0,0,0.954545455,0.0824
"333",1,401411123,"Wake Forest","Clemson",0.5048,1,0,0.2121,0,1,0.416,0,7.5,58,4,2022,1,0,"ACC","ACC",235,-285,1,1.909090909,0.954545455,0.0048,0.298507463,0.74025974,-0.086407463,0.04764026,0,1,1,1.350877193,0.675438596,0.04764026,0,0,0.954545455,0.084
"334",0,401426334,"Georgia State","Coastal Carolina",0.4457,0,0,0.3355,0,1,0.483,0,2.5,63.5,4,2022,1,0,"Sun Belt","Sun Belt",110,-130,1,1.909090909,0.954545455,0.0543,0.476190476,0.565217391,-0.140690476,0.099282609,0,1,1,1.769230769,0.884615385,0.099282609,0,0,0.954545455,0.017
"335",1,401404079,"Kansas","Duke",0.4011,0,1,0.7059,1,0,0.4255,0,-7,65.5,4,2022,1,0,"Big 12","ACC",-330,265,0,0,0.954545455,0.0989,0.76744186,0.273972603,-0.06154186,0.020127397,0,1,0,0,0.651515152,0.020127397,1,1.909090909,0.954545455,0.0745
"336",0,401403901,"Tennessee","Florida",0.5544,1,1,0.8471,1,1,0.5149,1,-11,62.5,4,2022,1,0,"SEC","SEC",-400,300,0,0,0.954545455,0.0544,0.8,0.25,0.0471,-0.0971,1,0,1,1.25,0.625,0.0471,1,1.909090909,0.954545455,0.0149
"337",0,401426566,"Purdue","Florida Atlantic",0.5272,1,1,0.8942,1,0,0.3275,0,-16.5,57.5,4,2022,1,0,"Big Ten","Conference USA",-1000,625,0,0,0.954545455,0.0272,0.909090909,0.137931034,-0.014890909,-0.032131034,0,0,0,1,0.55,-0.014890909,1,1.909090909,0.954545455,0.1725
"338",1,401426565,"Western Kentucky","Florida International",0.5655,1,1,0.8879,1,1,0.5075,1,-31,65.5,4,2022,1,0,"Conference USA","Conference USA",NA,NA,1,1.909090909,0.954545455,0.0655,NA,NA,NA,NA,NA,NA,NA,NA,NA,NA,1,1.909090909,0.954545455,0.0075
"339",0,401411122,"UCF","Georgia Tech",0.539,1,1,0.8468,1,0,0.5208,1,-21,56.5,4,2022,1,0,"American Athletic","ACC",-1200,700,0,0,0.954545455,0.039,0.923076923,0.125,-0.076276923,0.0282,0,1,0,0,0.541666667,0.0282,0,0,0.954545455,0.0208
"340",1,401409237,"New Mexico State","Hawai'i",0.5121,1,1,0.5795,1,1,0.3925,0,-4.5,53,4,2022,1,0,"FBS Independents","Mountain West",-200,170,1,1.909090909,0.954545455,0.0121,0.666666667,0.37037037,-0.087166667,0.05012963,0,1,0,0,0.75,0.05012963,0,0,0.954545455,0.1075
"341",0,401405091,"Rutgers","Iowa",0.4515,0,0,0.3008,0,1,0.6129,1,7.5,34.5,4,2022,1,0,"Big Ten","Big Ten",250,-300,1,1.909090909,0.954545455,0.0485,0.285714286,0.75,0.015085714,-0.0508,1,0,0,0,0.666666667,0.015085714,1,1.909090909,0.954545455,0.1129
"342",0,401404081,"Oklahoma","Kansas State",0.5053,1,0,0.8328,1,1,0.6721,1,-13.5,53,4,2022,1,0,"Big 12","Big 12",-550,390,0,0,0.954545455,0.0053,0.846153846,0.204081633,-0.013353846,-0.036881633,0,0,0,1,2.45,-0.013353846,1,1.909090909,0.954545455,0.1721
"343",1,401426336,"UL Monroe","Louisiana",0.3876,0,1,0.1988,0,0,0.5506,1,9.5,51,4,2022,1,0,"Sun Belt","Sun Belt",300,-400,0,0,0.954545455,0.1124,0.25,0.8,-0.0512,0.0012,0,1,0,0,2,0.0012,0,0,0.954545455,0.0506
"344",1,401426567,"South Alabama","Louisiana Tech",0.5617,1,1,0.854,1,0,0.4185,0,-13,59,4,2022,1,0,"Sun Belt","Conference USA",-525,375,1,1.909090909,0.954545455,0.0617,0.84,0.210526316,0.014,-0.064526316,1,0,1,1.19047619,0.595238095,0.014,1,1.909090909,0.954545455,0.0815
"345",1,401426393,"Troy","Marshall",0.5618,1,1,0.3237,0,0,0.3725,0,3.5,51.5,4,2022,1,0,"Sun Belt","Sun Belt",135,-160,1,1.909090909,0.954545455,0.0618,0.425531915,0.615384615,-0.101831915,0.060915385,0,1,0,0,1.175,0.060915385,1,1.909090909,0.954545455,0.1275
"346",0,401405097,"Michigan","Maryland",0.5199,1,1,0.882,1,0,0.5474,1,-17,66,4,2022,1,0,"Big Ten","Big Ten",-850,550,0,0,0.954545455,0.0199,0.894736842,0.153846154,-0.012736842,-0.035846154,0,0,0,1,0.558823529,-0.012736842,0,0,0.954545455,0.0474
"347",1,401414781,"Temple","Massachusetts",0.4996,0,1,0.831,1,0,0.5196,1,-10,44,4,2022,1,0,"American Athletic","FBS Independents",-370,285,0,0,0.954545455,4e-04,0.787234043,0.25974026,0.043765957,-0.09074026,1,0,1,1.27027027,0.635135135,0.043765957,0,0,0.954545455,0.0196
"348",0,401405093,"Northwestern","Miami (OH)",0.6201,1,0,0.7246,1,0,0.3858,0,-7.5,50,4,2022,1,0,"Big Ten","Mid-American",-260,215,0,0,0.954545455,0.1201,0.722222222,0.317460317,0.002377778,-0.042060317,1,0,0,0,1.575,0.002377778,1,1.909090909,0.954545455,0.1142
"349",1,401403999,"Washington State","Oregon",0.4941,0,0,0.2665,0,1,0.5392,1,6.5,57.5,4,2022,1,0,"Pac-12","Pac-12",195,-235,0,0,0.954545455,0.0059,0.338983051,0.701492537,-0.072483051,0.032007463,0,1,1,1.425531915,0.712765957,0.032007463,1,1.909090909,0.954545455,0.0392
"350",0,401415040,"Tulane","Southern Miss",0.4111,0,0,0.7668,1,1,0.4907,0,-11.5,48.5,4,2022,1,0,"American Athletic","Sun Belt",-460,340,1,1.909090909,0.954545455,0.0889,0.821428571,0.227272727,-0.054628571,0.005927273,0,1,1,4.4,2.2,0.005927273,0,0,0.954545455,0.0093
"351",1,401404001,"Washington","Stanford",0.5921,1,1,0.8838,1,0,0.4434,0,-14,62,4,2022,1,0,"Pac-12","Pac-12",-550,390,1,1.909090909,0.954545455,0.0921,0.846153846,0.204081633,0.037646154,-0.087881633,1,0,1,1.181818182,0.590909091,0.037646154,1,1.909090909,0.954545455,0.0566
"352",1,401404082,"Texas Tech","Texas",0.5039,1,1,0.2982,0,1,0.3138,0,7,60.5,4,2022,1,0,"Big 12","Big 12",220,-270,1,1.909090909,0.954545455,0.0039,0.3125,0.72972973,-0.0143,-0.02792973,0,0,0,1,1.6,-0.0143,0,0,0.954545455,0.1862
"353",0,401415222,"Utah State","UNLV",0.6492,1,0,0.5192,1,0,0.3631,0,3,61.5,4,2022,1,0,"Mountain West","Mountain West",120,-140,0,0,0.954545455,0.1492,0.454545455,0.583333333,0.064654545,-0.102533333,1,0,0,0,0.857142857,0.064654545,1,1.909090909,0.954545455,0.1369
"354",0,401403902,"Arkansas","Alabama",0.544,1,0,0.1207,0,1,0.5065,1,17,61,5,2022,1,0,"SEC","SEC",550,-850,0,0,0.954545455,0.044,0.153846154,0.894736842,-0.033146154,-0.015436842,0,0,0,1,0.558823529,-0.015436842,1,1.909090909,0.954545455,0.0065
"355",0,401404003,"USC","Arizona State",0.6139,1,1,0.9428,1,1,0.4719,0,-24.5,61,5,2022,1,0,"Pac-12","Pac-12",-5000,1300,0,0,0.954545455,0.1139,0.980392157,0.071428571,-0.037592157,-0.014228571,0,0,0,1,0.51,-0.014228571,0,0,0.954545455,0.0281
"356",1,401404004,"Washington State","California",0.5496,1,1,0.6957,1,0,0.4516,0,-4,52.5,5,2022,1,0,"Pac-12","Pac-12",-195,165,1,1.909090909,0.954545455,0.0496,0.661016949,0.377358491,0.034683051,-0.073058491,1,0,1,1.512820513,0.756410256,0.034683051,1,1.909090909,0.954545455,0.0484
"357",1,401416607,"Toledo","Central Michigan",0.4263,0,1,0.7566,1,0,0.3859,0,-6.5,56,5,2022,1,0,"Mid-American","Mid-American",-280,230,0,0,0.954545455,0.0737,0.736842105,0.303030303,0.019757895,-0.059630303,1,0,1,1.357142857,0.678571429,0.019757895,1,1.909090909,0.954545455,0.1141
"358",0,401415627,"Tulsa","Cincinnati",0.4063,0,0,0.2104,0,0,0.4315,0,10,59,5,2022,1,0,"American Athletic","American Athletic",280,-360,1,1.909090909,0.954545455,0.0937,0.263157895,0.782608696,-0.052757895,0.006991304,0,1,1,1.277777778,0.638888889,0.006991304,1,1.909090909,0.954545455,0.0685
"359",0,401415626,"South Florida","East Carolina",0.3824,0,0,0.1489,0,1,0.533,1,9.5,55.5,5,2022,0,1,"American Athletic","American Athletic",270,-340,1,1.909090909,0.954545455,0.1176,0.27027027,0.772727273,-0.12137027,0.078372727,0,1,1,1.294117647,0.647058824,0.078372727,1,1.909090909,0.954545455,0.033
"360",1,401426575,"North Texas","Florida Atlantic",0.5581,1,1,0.5097,1,1,0.3113,0,3,67.5,5,2022,1,0,"Conference USA","Conference USA",135,-160,1,1.909090909,0.954545455,0.0581,0.425531915,0.615384615,0.084168085,-0.125084615,1,0,1,2.35,1.175,0.084168085,0,0,0.954545455,0.1887
"361",0,401426574,"New Mexico State","Florida International",0.4947,0,0,0.8982,1,0,0.5294,1,-16,54,5,2022,1,0,"FBS Independents","Conference USA",-600,425,1,1.909090909,0.954545455,0.0053,0.857142857,0.19047619,0.041057143,-0.08867619,1,0,0,0,2.625,0.041057143,0,0,0.954545455,0.0294
"362",1,401404151,"UConn","Fresno State",0.5531,1,1,0.1832,0,0,0.4402,0,23.5,51,5,2022,1,0,"FBS Independents","Mountain West",1050,-2500,1,1.909090909,0.954545455,0.0531,0.086956522,0.961538462,0.096243478,-0.144738462,1,0,1,11.5,5.75,0.096243478,1,1.909090909,0.954545455,0.0598
"363",1,401403907,"Missouri","Georgia",0.5091,1,0,0.106,0,0,0.4746,0,30.5,54.5,5,2022,1,0,"SEC","SEC",1325,-6000,1,1.909090909,0.954545455,0.0091,0.070175439,0.983606557,0.035824561,-0.089606557,1,0,0,0,0.508333333,0.035824561,1,1.909090909,0.954545455,0.0254
"364",0,401411129,"Pittsburgh","Georgia Tech",0.5362,1,0,0.8926,1,0,0.5489,1,-21.5,47,5,2022,1,0,"ACC","ACC",-2500,1050,0,0,0.954545455,0.0362,0.961538462,0.086956522,-0.068938462,0.020443478,0,1,1,11.5,5.75,0.020443478,0,0,0.954545455,0.0489
"365",0,401405099,"Wisconsin","Illinois",0.4452,0,0,0.6154,1,1,0.4983,0,-6.5,43.5,5,2022,1,0,"Big Ten","Big Ten",-320,260,1,1.909090909,0.954545455,0.0548,0.761904762,0.277777778,-0.146504762,0.106822222,0,1,1,3.6,1.8,0.106822222,0,0,0.954545455,0.0017
"366",1,401405102,"Nebraska","Indiana",0.4894,0,1,0.7154,1,0,0.5329,1,-6.5,61.5,5,2022,1,0,"Big Ten","Big Ten",-230,190,0,0,0.954545455,0.0106,0.696969697,0.344827586,0.018430303,-0.060227586,1,0,1,1.434782609,0.717391304,0.018430303,0,0,0.954545455,0.0329
"367",1,401404084,"Kansas","Iowa State",0.5557,1,1,0.61,1,0,0.3585,0,3.5,59,5,2022,1,0,"Big 12","Big 12",140,-165,1,1.909090909,0.954545455,0.0557,0.416666667,0.622641509,0.193333333,-0.232641509,1,0,1,2.4,1.2,0.193333333,1,1.909090909,0.954545455,0.1415
"368",0,401403905,"Ole Miss","Kentucky",0.6114,1,1,0.699,1,0,0.4932,0,-6.5,55,5,2022,1,0,"SEC","SEC",-270,220,0,0,0.954545455,0.1114,0.72972973,0.3125,-0.03072973,-0.0115,0,0,0,1,0.685185185,-0.0115,1,1.909090909,0.954545455,0.0068
"369",0,401404161,"Old Dominion","Liberty",0.362,0,0,0.2177,0,1,0.574,1,3.5,47.5,5,2022,1,0,"Sun Belt","FBS Independents",145,-170,1,1.909090909,0.954545455,0.138,0.408163265,0.62962963,-0.190463265,0.15267037,0,1,1,1.588235294,0.794117647,0.15267037,1,1.909090909,0.954545455,0.074
"370",0,401405105,"Penn State","Northwestern",0.4831,0,1,0.9234,1,0,0.4392,0,-25.5,50,5,2022,1,0,"Big Ten","Big Ten",-8000,1450,1,1.909090909,0.954545455,0.0169,0.987654321,0.064516129,-0.064254321,0.012083871,0,1,0,0,0.50625,0.012083871,1,1.909090909,0.954545455,0.0608
"371",1,401404086,"TCU","Oklahoma",0.4737,0,1,0.2609,0,1,0.4153,0,5,69.5,5,2022,1,0,"Big 12","Big 12",215,NA,0,0,0.954545455,0.0263,0.317460317,NA,-0.056560317,NA,0,NA,0,NA,1.575,NA,0,0,0.954545455,0.0847
"372",1,401404006,"Utah","Oregon State",0.4885,0,1,0.6562,1,1,0.486,0,-10.5,54.5,5,2022,1,0,"Pac-12","Pac-12",-400,300,0,0,0.954545455,0.0115,0.8,0.25,-0.1438,0.0938,0,1,0,0,0.625,0.0938,0,0,0.954545455,0.014
"373",0,401415230,"Wyoming","San José State",0.5107,1,0,0.6243,1,1,0.5891,1,2.5,42.5,5,2022,1,0,"Mountain West","Mountain West",-105,-115,0,0,0.954545455,0.0107,0.512195122,0.534883721,0.112104878,-0.159183721,1,0,0,0,0.934782609,0.112104878,1,1.909090909,0.954545455,0.0891
"374",0,401426578,"Western Kentucky","Troy",0.4262,0,0,0.6791,1,1,0.5105,1,-5.5,55,5,2022,1,0,"Conference USA","Sun Belt",-210,175,1,1.909090909,0.954545455,0.0738,0.677419355,0.363636364,0.001680645,-0.042736364,1,0,0,0,1.375,0.001680645,1,1.909090909,0.954545455,0.0105
"375",1,401415231,"Utah State","Air Force",0.694,1,1,0.3793,0,1,0.4631,0,11.5,53.5,6,2022,1,0,"Mountain West","Mountain West",290,-380,1,1.909090909,0.954545455,0.194,0.256410256,0.791666667,0.122889744,-0.170966667,1,0,1,3.9,1.95,0.122889744,0,0,0.954545455,0.0369
"376",1,401416616,"Ohio","Akron",0.4938,0,1,0.8579,1,1,0.4677,0,-10,59,6,2022,1,0,"Mid-American","Mid-American",-430,320,0,0,0.954545455,0.0062,0.811320755,0.238095238,0.046579245,-0.095995238,1,0,1,1.23255814,0.61627907,0.046579245,0,0,0.954545455,0.0323
"377",1,401426345,"Texas State","App State",0.4796,0,1,0.2066,0,1,0.522,1,19.5,54.5,6,2022,1,0,"Sun Belt","Sun Belt",700,-1200,0,0,0.954545455,0.0204,0.125,0.923076923,0.0816,-0.129676923,1,0,1,8,4,0.0816,1,1.909090909,0.954545455,0.022
"378",1,401403914,"Mississippi State","Arkansas",0.5027,1,1,0.6427,1,1,0.4773,0,-8.5,55.5,6,2022,1,0,"SEC","SEC",-320,260,1,1.909090909,0.954545455,0.0027,0.761904762,0.277777778,-0.119204762,0.079522222,0,1,0,0,0.65625,0.079522222,0,0,0.954545455,0.0227
"379",1,401404138,"Wake Forest","Army",0.5026,1,1,0.9177,1,0,0.406,0,-16,65.5,6,2022,1,0,"ACC","FBS Independents",-850,550,1,1.909090909,0.954545455,0.0026,0.894736842,0.153846154,0.022963158,-0.071546154,1,0,1,1.117647059,0.558823529,0.022963158,1,1.909090909,0.954545455,0.094
"380",1,401403911,"Georgia","Auburn",0.563,1,1,0.9519,1,1,0.4609,0,-28,49.5,6,2022,1,0,"SEC","SEC",NA,NA,1,1.909090909,0.954545455,0.063,NA,NA,NA,NA,NA,NA,NA,NA,NA,NA,0,0,0.954545455,0.0391
"381",0,401416613,"Central Michigan","Ball State",0.4743,0,0,0.7114,1,0,0.6133,1,-7.5,63.5,6,2022,1,0,"Mid-American","Mid-American",-340,270,1,1.909090909,0.954545455,0.0257,0.772727273,0.27027027,-0.061327273,0.01832973,0,1,1,3.7,1.85,0.01832973,0,0,0.954545455,0.1133
"382",1,401426344,"UL Monroe","Coastal Carolina",0.4265,0,0,0.1218,0,0,0.5267,1,12.5,58,6,2022,1,0,"Sun Belt","Sun Belt",425,-600,0,0,0.954545455,0.0735,0.19047619,0.857142857,-0.06867619,0.021057143,0,1,1,1.166666667,0.583333333,0.021057143,0,0,0.954545455,0.0267
"383",0,401415233,"Nevada","Colorado State",0.5028,1,0,0.782,1,0,0.6066,1,-3.5,45,6,2022,1,0,"Mountain West","Mountain West",-175,150,0,0,0.954545455,0.0028,0.636363636,0.4,0.145636364,-0.182,1,0,0,0,1.25,0.145636364,0,0,0.954545455,0.1066
"384",1,401411132,"Georgia Tech","Duke",0.5517,1,1,0.2721,0,0,0.4609,0,3.5,54,6,2022,1,0,"ACC","ACC",125,-145,1,1.909090909,0.954545455,0.0517,0.444444444,0.591836735,-0.172344444,0.136063265,0,1,0,0,1.125,0.136063265,1,1.909090909,0.954545455,0.0391
"385",1,401415631,"Tulane","East Carolina",0.4407,0,1,0.4672,0,0,0.4598,0,-3,55.5,6,2022,1,0,"American Athletic","American Athletic",-160,135,0,0,0.954545455,0.0593,0.615384615,0.425531915,-0.148184615,0.107268085,0,1,0,0,0.8125,0.107268085,1,1.909090909,0.954545455,0.0402
"386",0,401416614,"Western Michigan","Eastern Michigan",0.365,0,0,0.3697,0,1,0.5928,1,-4.5,55,6,2022,1,0,"Mid-American","Mid-American",-230,190,1,1.909090909,0.954545455,0.135,0.696969697,0.344827586,-0.327269697,0.285472414,0,1,1,2.9,1.45,0.285472414,1,1.909090909,0.954545455,0.0928
"387",0,401411134,"NC State","Florida State",0.4828,0,1,0.4778,0,0,0.4899,0,-3.5,50.5,6,2022,1,0,"ACC","ACC",NA,NA,1,1.909090909,0.954545455,0.0172,NA,NA,NA,NA,NA,NA,NA,NA,NA,NA,1,1.909090909,0.954545455,0.0101
"388",1,401426342,"Georgia State","Georgia Southern",0.4375,0,1,0.3605,0,1,0.3814,0,-2.5,66.5,6,2022,1,0,"Sun Belt","Sun Belt",-135,115,0,0,0.954545455,0.0625,0.574468085,0.465116279,-0.213968085,0.174383721,0,1,0,0,0.87037037,0.174383721,0,0,0.954545455,0.1186
"389",0,401415235,"San Diego State","Hawai'i",0.4918,0,1,0.7985,1,0,0.4515,0,-23.5,49,6,2022,1,0,"Mountain West","Mountain West",-1800,850,1,1.909090909,0.954545455,0.0082,0.947368421,0.105263158,-0.148868421,0.096236842,0,1,0,0,0.527777778,0.096236842,1,1.909090909,0.954545455,0.0485
"390",0,401415630,"Memphis","Houston",0.4884,0,0,0.593,1,1,0.3814,0,-1.5,57.5,6,2022,1,0,"American Athletic","American Athletic",-145,125,1,1.909090909,0.954545455,0.0116,0.591836735,0.444444444,0.001163265,-0.037444444,1,0,0,0,1.125,0.001163265,0,0,0.954545455,0.1186
"391",1,401416618,"Miami (OH)","Kent State",0.5387,1,1,0.5799,1,0,0.4734,0,5.5,56.5,6,2022,1,0,"Mid-American","Mid-American",190,-230,1,1.909090909,0.954545455,0.0387,0.344827586,0.696969697,0.235072414,-0.276869697,1,0,1,2.9,1.45,0.235072414,1,1.909090909,0.954545455,0.0266
"392",1,401404164,"Massachusetts","Liberty",0.448,0,0,0.1481,0,1,0.4773,0,22.5,46,6,2022,1,0,"FBS Independents","FBS Independents",1125,-3000,0,0,0.954545455,0.052,0.081632653,0.967741935,0.066467347,-0.115841935,1,0,0,0,0.516666667,0.066467347,0,0,0.954545455,0.0227
"393",0,401411136,"Virginia","Louisville",0.4292,0,0,0.3945,0,1,0.4725,0,-1.5,47.5,6,2022,1,0,"ACC","ACC",125,-120,1,1.909090909,0.954545455,0.0708,0.444444444,0.545454545,-0.049944444,0.060045455,0,1,1,1.833333333,0.916666667,0.060045455,0,0,0.954545455,0.0275
"394",1,401426581,"UAB","Middle Tennessee",0.5156,1,1,0.6456,1,1,0.4135,0,-10,53,6,2022,1,0,"Conference USA","Conference USA",-340,270,1,1.909090909,0.954545455,0.0156,0.772727273,0.27027027,-0.127127273,0.08412973,0,1,0,0,0.647058824,0.08412973,0,0,0.954545455,0.0865
"395",1,401405111,"Rutgers","Nebraska",0.3999,0,0,0.315,0,0,0.4158,0,3,50.5,6,2022,1,0,"Big Ten","Big Ten",130,-150,0,0,0.954545455,0.1001,0.434782609,0.6,-0.119782609,0.085,0,1,1,1.666666667,0.833333333,0.085,1,1.909090909,0.954545455,0.0842
"396",1,401404090,"Texas","Oklahoma",0.5634,1,1,0.7901,1,0,0.4613,0,-7.5,65.5,6,2022,0,1,"Big 12","Big 12",-320,260,1,1.909090909,0.954545455,0.0634,0.761904762,0.277777778,0.028195238,-0.067877778,1,0,1,1.3125,0.65625,0.028195238,1,1.909090909,0.954545455,0.0387
"397",0,401403915,"Vanderbilt","Ole Miss",0.5062,1,0,0.1328,0,1,0.3734,0,17,59.5,6,2022,1,0,"SEC","SEC",700,-1200,0,0,0.954545455,0.0062,0.125,0.923076923,0.0078,-0.055876923,1,0,0,0,0.541666667,0.0078,0,0,0.954545455,0.1266
"398",1,401404010,"Stanford","Oregon State",0.3884,0,0,0.2606,0,1,0.4803,0,4.5,53.5,6,2022,1,0,"Pac-12","Pac-12",170,-200,0,0,0.954545455,0.1116,0.37037037,0.666666667,-0.10977037,0.072733333,0,1,1,1.5,0.75,0.072733333,0,0,0.954545455,0.0197
"399",1,401415629,"UCF","SMU",0.4881,0,1,0.5271,1,0,0.433,0,-3,65,6,2022,1,0,"American Athletic","American Athletic",-165,140,0,0,0.954545455,0.0119,0.622641509,0.416666667,-0.095541509,0.056233333,0,1,0,0,0.803030303,0.056233333,1,1.909090909,0.954545455,0.067
"400",1,401426346,"Troy","Southern Miss",0.4556,0,1,0.5049,1,0,0.4957,0,-7,44,6,2022,1,0,"Sun Belt","Sun Belt",-250,210,0,0,0.954545455,0.0444,0.714285714,0.322580645,-0.209385714,0.172519355,0,1,0,0,0.7,0.172519355,1,1.909090909,0.954545455,0.0043
"401",1,401403921,"Tennessee","Alabama",0.5393,1,1,0.324,0,1,0.4185,0,9,68,7,2022,1,0,"SEC","SEC",260,-320,1,1.909090909,0.954545455,0.0393,0.277777778,0.761904762,0.046222222,-0.085904762,1,0,1,3.6,1.8,0.046222222,0,0,0.954545455,0.0815
"402",0,401404013,"Washington","Arizona",0.5079,1,1,0.9078,1,1,0.3905,0,-14.5,71.5,7,2022,1,0,"Pac-12","Pac-12",NA,NA,0,0,0.954545455,0.0079,NA,NA,NA,NA,NA,NA,NA,NA,NA,NA,0,0,0.954545455,0.1095
"403",0,401403916,"BYU","Arkansas",0.5517,1,0,0.5509,1,1,0.494,0,-1,66.5,7,2022,1,0,"FBS Independents","SEC",-160,135,0,0,0.954545455,0.0517,0.615384615,0.425531915,-0.064484615,0.023568085,0,1,1,2.35,1.175,0.023568085,0,0,0.954545455,0.006
"404",0,401426351,"Southern Miss","Arkansas State",0.559,1,1,0.7843,1,0,0.3972,0,-4.5,53,7,2022,1,0,"Sun Belt","Sun Belt",-175,150,0,0,0.954545455,0.059,0.636363636,0.4,0.147936364,-0.1843,1,0,1,1.571428571,0.785714286,0.147936364,1,1.909090909,0.954545455,0.1028
"405",0,401403920,"Ole Miss","Auburn",0.4574,0,1,0.9279,1,1,0.5197,1,-15.5,55,7,2022,1,0,"SEC","SEC",-700,475,1,1.909090909,0.954545455,0.0426,0.875,0.173913043,0.0529,-0.101813043,1,0,1,1.142857143,0.571428571,0.0529,1,1.909090909,0.954545455,0.0197
"406",1,401404092,"West Virginia","Baylor",0.5163,1,1,0.3715,0,1,0.3813,0,3,55,7,2022,1,0,"Big 12","Big 12",145,-170,1,1.909090909,0.954545455,0.0163,0.408163265,0.62962963,-0.036663265,-0.00112963,0,0,0,1,1.225,-0.00112963,0,0,0.954545455,0.1187
"407",0,401414783,"Massachusetts","Buffalo",0.4659,0,0,0.0761,0,0,0.4759,0,17,47.5,7,2022,1,0,"FBS Independents","Mid-American",550,-850,1,1.909090909,0.954545455,0.0341,0.153846154,0.894736842,-0.077746154,0.029163158,0,1,1,1.117647059,0.558823529,0.029163158,1,1.909090909,0.954545455,0.0241
"408",1,401404014,"Colorado","California",0.4285,0,1,0.1093,0,0,0.5137,1,15,49,7,2022,1,0,"Pac-12","Pac-12",460,-675,0,0,0.954545455,0.0715,0.178571429,0.870967742,-0.069271429,0.019732258,0,1,0,0,2.8,0.019732258,0,0,0.954545455,0.0137
"409",0,401426583,"UAB","Charlotte",0.4692,0,1,0.9219,1,0,0.5037,1,-22.5,65,7,2022,1,0,"Conference USA","Conference USA",-2800,1100,1,1.909090909,0.954545455,0.0308,0.965517241,0.083333333,-0.043617241,-0.005233333,0,0,0,1,0.517857143,-0.005233333,0,0,0.954545455,0.0037
"410",0,401411138,"Florida State","Clemson",0.528,1,0,0.359,0,1,0.4286,0,4.5,51,7,2022,1,0,"ACC","ACC",165,-195,0,0,0.954545455,0.028,0.377358491,0.661016949,-0.018358491,-0.020016949,0,0,0,1,0.756410256,-0.018358491,0,0,0.954545455,0.0714
"411",0,401404093,"Texas","Iowa State",0.5619,1,1,0.9108,1,0,0.4997,0,-15.5,48.5,7,2022,1,0,"Big 12","Big 12",-850,550,0,0,0.954545455,0.0619,0.894736842,0.153846154,0.016063158,-0.064646154,1,0,1,1.117647059,0.558823529,0.016063158,1,1.909090909,0.954545455,3e-04
"412",0,401404094,"Oklahoma","Kansas",0.4991,0,1,0.7506,1,1,0.4175,0,-10.5,66,7,2022,1,0,"Big 12","Big 12",-350,275,1,1.909090909,0.954545455,9e-04,0.777777778,0.266666667,-0.027177778,-0.017266667,0,0,0,1,0.642857143,-0.017266667,0,0,0.954545455,0.0825
"413",1,401416621,"Toledo","Kent State",0.6477,1,1,0.8326,1,1,0.3228,0,-7.5,62.5,7,2022,1,0,"Mid-American","Mid-American",-310,255,1,1.909090909,0.954545455,0.1477,0.756097561,0.281690141,0.076502439,-0.114290141,1,0,1,1.322580645,0.661290323,0.076502439,0,0,0.954545455,0.1772
"414",0,401426347,"Marshall","Louisiana",0.4634,0,0,0.7337,1,0,0.4211,0,-10.5,45,7,2022,1,0,"Sun Belt","Sun Belt",-310,255,1,1.909090909,0.954545455,0.0366,0.756097561,0.281690141,-0.022397561,-0.015390141,0,0,0,1,1.775,-0.015390141,1,1.909090909,0.954545455,0.0789
"415",1,401426586,"North Texas","Louisiana Tech",0.5864,1,1,0.766,1,1,0.3166,0,-6.5,68.5,7,2022,1,0,"Conference USA","Conference USA",-230,190,1,1.909090909,0.954545455,0.0864,0.696969697,0.344827586,0.069030303,-0.110827586,1,0,1,1.434782609,0.717391304,0.069030303,0,0,0.954545455,0.1834
"416",1,401411140,"Virginia Tech","Miami",0.4611,0,0,0.2138,0,0,0.4857,0,8.5,48,7,2022,1,0,"ACC","ACC",250,-300,0,0,0.954545455,0.0389,0.285714286,0.75,-0.071914286,0.0362,0,1,1,1.333333333,0.666666667,0.0362,1,1.909090909,0.954545455,0.0143
"417",1,401411139,"Syracuse","NC State",0.4934,0,1,0.5454,1,0,0.3546,0,-3,42.5,7,2022,1,0,"ACC","ACC",-160,135,0,0,0.954545455,0.0066,0.615384615,0.425531915,-0.069984615,0.029068085,0,1,0,0,0.8125,0.029068085,1,1.909090909,0.954545455,0.1454
"418",0,401415635,"SMU","Navy",0.4314,0,1,0.7318,1,1,0.349,0,-12.5,58.5,7,2022,1,0,"American Athletic","American Athletic",-450,335,1,1.909090909,0.954545455,0.0686,0.818181818,0.229885057,-0.086381818,0.038314943,0,1,0,0,0.611111111,0.038314943,0,0,0.954545455,0.151
"419",0,401405113,"Purdue","Nebraska",0.4758,0,1,0.8736,1,1,0.5142,1,-14,56,7,2022,1,0,"Big Ten","Big Ten",-450,335,1,1.909090909,0.954545455,0.0242,0.818181818,0.229885057,0.055418182,-0.103485057,1,0,1,1.222222222,0.611111111,0.055418182,1,1.909090909,0.954545455,0.0142
"420",1,401409239,"New Mexico State","New Mexico",0.6042,1,1,0.511,1,0,0.5191,1,7,38.5,7,2022,1,0,"FBS Independents","Mountain West",190,-230,1,1.909090909,0.954545455,0.1042,0.344827586,0.696969697,0.166172414,-0.207969697,1,0,1,2.9,1.45,0.166172414,0,0,0.954545455,0.0191
"421",0,401416623,"Western Michigan","Ohio",0.4819,0,0,0.2825,0,0,0.4726,0,-2,61.5,7,2022,1,0,"Mid-American","Mid-American",-125,105,1,1.909090909,0.954545455,0.0181,0.555555556,0.487804878,-0.273055556,0.229695122,0,1,1,2.05,1.025,0.229695122,1,1.909090909,0.954545455,0.0274
"422",0,401404095,"TCU","Oklahoma State",0.503,1,1,0.6165,1,1,0.5422,1,-5,69.5,7,2022,1,0,"Big 12","Big 12",-180,155,0,0,0.954545455,0.003,0.642857143,0.392156863,-0.026357143,-0.008656863,0,0,0,1,0.777777778,-0.008656863,1,1.909090909,0.954545455,0.0422
"423",1,401415634,"UCF","Temple",0.5052,1,1,0.922,1,1,0.4281,0,-23.5,46.5,7,2022,1,0,"American Athletic","American Athletic",-2800,1100,1,1.909090909,0.954545455,0.0052,0.965517241,0.083333333,-0.043517241,-0.005333333,0,0,0,1,0.517857143,-0.005333333,0,0,0.954545455,0.0719
"424",0,401426352,"Troy","Texas State",0.5468,1,1,0.857,1,0,0.4824,0,-16.5,47,7,2022,1,0,"Sun Belt","Sun Belt",-850,550,0,0,0.954545455,0.0468,0.894736842,0.153846154,-0.037736842,-0.010846154,0,0,0,1,0.558823529,-0.010846154,1,1.909090909,0.954545455,0.0176
"425",0,401404017,"Utah","USC",0.5591,1,1,0.6237,1,1,0.4765,0,-3.5,65,7,2022,1,0,"Pac-12","Pac-12",-170,145,0,0,0.954545455,0.0591,0.62962963,0.408163265,-0.00592963,-0.031863265,0,0,0,1,0.794117647,-0.00592963,0,0,0.954545455,0.0235
"426",0,401416628,"Kent State","Akron",0.5001,1,1,0.8735,1,0,0.4844,0,-15.5,65,8,2022,1,0,"Mid-American","Mid-American",-800,525,0,0,0.954545455,1e-04,0.888888889,0.16,-0.015388889,-0.0335,0,0,0,1,0.5625,-0.015388889,1,1.909090909,0.954545455,0.0156
"427",0,401404018,"Stanford","Arizona State",0.5136,1,1,0.5503,1,0,0.5261,1,-3,52,8,2022,1,0,"Pac-12","Pac-12",-150,130,0,0,0.954545455,0.0136,0.6,0.434782609,-0.0497,0.014917391,0,1,0,0,0.833333333,0.014917391,0,0,0.954545455,0.0261
"428",1,401426357,"Louisiana","Arkansas State",0.6243,1,1,0.7528,1,1,0.5039,1,-6.5,51,8,2022,1,0,"Sun Belt","Sun Belt",-250,210,1,1.909090909,0.954545455,0.1243,0.714285714,0.322580645,0.038514286,-0.075380645,1,0,1,1.4,0.7,0.038514286,1,1.909090909,0.954545455,0.0039
"429",1,401404163,"Liberty","BYU",0.5337,1,1,0.5434,1,0,0.3923,0,7,58,8,2022,1,0,"FBS Independents","FBS Independents",220,-270,1,1.909090909,0.954545455,0.0337,0.3125,0.72972973,0.2309,-0.27312973,1,0,1,3.2,1.6,0.2309,1,1.909090909,0.954545455,0.1077
"430",1,401411145,"Wake Forest","Boston College",0.6161,1,1,0.9514,1,0,0.4875,0,-20,60,8,2022,1,0,"ACC","ACC",-1600,800,1,1.909090909,0.954545455,0.1161,0.941176471,0.111111111,0.010223529,-0.062511111,1,0,1,1.0625,0.53125,0.010223529,1,1.909090909,0.954545455,0.0125
"431",0,401416629,"Central Michigan","Bowling Green",0.4935,0,0,0.586,1,1,0.4816,0,-6.5,50.5,8,2022,1,0,"Mid-American","Mid-American",-250,210,1,1.909090909,0.954545455,0.0065,0.714285714,0.322580645,-0.128285714,0.091419355,0,1,1,3.1,1.55,0.091419355,0,0,0.954545455,0.0184
"432",1,401415641,"SMU","Cincinnati",0.4616,0,0,0.4329,0,0,0.5192,1,3.5,59.5,8,2022,1,0,"American Athletic","American Athletic",145,-170,0,0,0.954545455,0.0384,0.408163265,0.62962963,0.024736735,-0.06252963,1,0,0,0,0.794117647,0.024736735,0,0,0.954545455,0.0192
"433",1,401404020,"Oregon State","Colorado",0.564,1,1,0.9425,1,1,0.5064,1,-23,47.5,8,2022,1,0,"Pac-12","Pac-12",-3500,1125,1,1.909090909,0.954545455,0.064,0.972222222,0.081632653,-0.029722222,-0.024132653,0,0,0,1,0.514285714,-0.024132653,1,1.909090909,0.954545455,0.0064
"434",0,401411144,"Miami","Duke",0.4404,0,0,0.7859,1,1,0.4332,0,-10,59,8,2022,1,0,"ACC","ACC",-310,255,1,1.909090909,0.954545455,0.0596,0.756097561,0.281690141,0.029802439,-0.067590141,1,0,0,0,1.775,0.029802439,0,0,0.954545455,0.0668
"435",1,401426589,"UTEP","Florida Atlantic",0.4831,0,1,0.4463,0,0,0.3733,0,3,50.5,8,2022,1,0,"Conference USA","Conference USA",160,-185,0,0,0.954545455,0.0169,0.384615385,0.649122807,0.061684615,-0.095422807,1,0,1,2.6,1.3,0.061684615,1,1.909090909,0.954545455,0.1267
"436",0,401415243,"New Mexico","Fresno State",0.363,0,0,0.1696,0,1,0.5431,1,9.5,40.5,8,2022,1,0,"Mountain West","Mountain West",360,-500,1,1.909090909,0.954545455,0.137,0.217391304,0.833333333,-0.047791304,-0.002933333,0,0,0,1,0.6,-0.002933333,1,1.909090909,0.954545455,0.0431
"437",0,401426356,"Old Dominion","Georgia Southern",0.5574,1,0,0.5468,1,0,0.5219,1,-1.5,66,8,2022,1,0,"Sun Belt","Sun Belt",-130,110,0,0,0.954545455,0.0574,0.565217391,0.476190476,-0.018417391,-0.022990476,0,0,0,1,1.05,-0.018417391,0,0,0.954545455,0.0219
"438",0,401415640,"Navy","Houston",0.6192,1,0,0.4588,0,1,0.4128,0,3,50.5,8,2022,1,0,"American Athletic","American Athletic",135,-160,0,0,0.954545455,0.1192,0.425531915,0.615384615,0.033268085,-0.074184615,1,0,0,0,0.8125,0.033268085,0,0,0.954545455,0.0872
"439",1,401405121,"Rutgers","Indiana",0.4728,0,1,0.51,1,0,0.5061,1,-3,48,8,2022,1,0,"Big Ten","Big Ten",-145,125,0,0,0.954545455,0.0272,0.591836735,0.444444444,-0.081836735,0.045555556,0,1,0,0,0.844827586,0.045555556,0,0,0.954545455,0.0061
"440",1,401405119,"Ohio State","Iowa",0.5505,1,1,0.8893,1,1,0.477,0,-29.5,49.5,8,2022,1,0,"Big Ten","Big Ten",NA,NA,1,1.909090909,0.954545455,0.0505,NA,NA,NA,NA,NA,NA,NA,NA,NA,NA,0,0,0.954545455,0.023
"441",1,401404097,"TCU","Kansas State",0.4632,0,1,0.6161,1,1,0.4254,0,-3.5,54.5,8,2022,1,0,"Big 12","Big 12",-200,170,0,0,0.954545455,0.0368,0.666666667,0.37037037,-0.050566667,0.01352963,0,1,0,0,0.75,0.01352963,0,0,0.954545455,0.0746
"442",1,401415639,"Tulane","Memphis",0.4751,0,1,0.6842,1,1,0.4014,0,-7,55.5,8,2022,1,0,"American Athletic","American Athletic",-270,220,0,0,0.954545455,0.0249,0.72972973,0.3125,-0.04552973,0.0033,0,1,0,0,0.685185185,0.0033,0,0,0.954545455,0.0986
"443",1,401405120,"Penn State","Minnesota",0.4899,0,1,0.6577,1,1,0.5012,1,-5.5,43,8,2022,1,0,"Big Ten","Big Ten",-210,175,0,0,0.954545455,0.0101,0.677419355,0.363636364,-0.019719355,-0.021336364,0,0,0,1,0.738095238,-0.019719355,1,1.909090909,0.954545455,0.0012
"444",0,401426591,"UTSA","North Texas",0.5214,1,1,0.7239,1,0,0.4245,0,-10,73,8,2022,1,0,"Conference USA","Conference USA",-390,295,0,0,0.954545455,0.0214,0.795918367,0.253164557,-0.072018367,0.022935443,0,1,0,0,0.628205128,0.022935443,1,1.909090909,0.954545455,0.0755
"445",1,401416625,"Ohio","Northern Illinois",0.5318,1,1,0.6092,1,0,0.4256,0,2.5,65.5,8,2022,1,0,"Mid-American","Mid-American",120,-140,1,1.909090909,0.954545455,0.0318,0.454545455,0.583333333,0.154654545,-0.192533333,1,0,1,2.2,1.1,0.154654545,1,1.909090909,0.954545455,0.0744
"446",1,401405117,"Wisconsin","Purdue",0.4648,0,1,0.4987,0,1,0.4022,0,-1.5,51.5,8,2022,1,0,"Big Ten","Big Ten",-130,110,0,0,0.954545455,0.0352,0.565217391,0.476190476,-0.066517391,0.025109524,0,1,0,0,0.884615385,0.025109524,0,0,0.954545455,0.0978
"447",0,401426358,"Texas State","Southern Miss",0.4254,0,0,0.3178,0,0,0.434,0,2.5,43,8,2022,1,0,"Sun Belt","Sun Belt",110,-130,1,1.909090909,0.954545455,0.0746,0.476190476,0.565217391,-0.158390476,0.116982609,0,1,1,1.769230769,0.884615385,0.116982609,1,1.909090909,0.954545455,0.066
"448",1,401426592,"Western Kentucky","UAB",0.5602,1,1,0.5508,1,0,0.4989,0,-1,60.5,8,2022,1,0,"Conference USA","Conference USA",-135,115,1,1.909090909,0.954545455,0.0602,0.574468085,0.465116279,-0.023668085,-0.015916279,0,0,0,1,0.87037037,-0.015916279,1,1.909090909,0.954545455,0.0011
"449",1,401415244,"Wyoming","Utah State",0.3623,0,1,0.5651,1,0,0.4234,0,-5.5,44.5,8,2022,1,0,"Mountain West","Mountain West",-170,145,0,0,0.954545455,0.1377,0.62962963,0.408163265,-0.06452963,0.026736735,0,1,0,0,0.794117647,0.026736735,1,1.909090909,0.954545455,0.0766
"450",1,401404023,"Colorado","Arizona State",0.573,1,0,0.276,0,1,0.4592,0,13,48.5,9,2022,1,0,"Pac-12","Pac-12",375,-525,1,1.909090909,0.954545455,0.073,0.210526316,0.84,0.065473684,-0.116,1,0,0,0,0.595238095,0.065473684,0,0,0.954545455,0.0408
"451",0,401403927,"Auburn","Arkansas",0.502,1,0,0.2383,0,1,0.5535,1,4,60,9,2022,1,0,"SEC","SEC",160,-185,0,0,0.954545455,0.002,0.384615385,0.649122807,-0.146315385,0.112577193,0,1,1,1.540540541,0.77027027,0.112577193,1,1.909090909,0.954545455,0.0535
"452",0,401404101,"Texas Tech","Baylor",0.5212,1,0,0.5522,1,1,0.42,0,-1.5,61,9,2022,1,0,"Big 12","Big 12",-145,125,0,0,0.954545455,0.0212,0.591836735,0.444444444,-0.039636735,0.003355556,0,1,1,2.25,1.125,0.003355556,0,0,0.954545455,0.08
"453",1,401404154,"UConn","Boston College",0.6921,1,1,0.6694,1,0,0.4776,0,8,44,9,2022,1,0,"FBS Independents","ACC",275,-350,1,1.909090909,0.954545455,0.1921,0.266666667,0.777777778,0.402733333,-0.447177778,1,0,1,3.75,1.875,0.402733333,1,1.909090909,0.954545455,0.0224
"454",0,401426593,"Rice","Charlotte",0.4645,0,0,0.8559,1,1,0.3996,0,-15.5,61,9,2022,1,0,"Conference USA","Conference USA",-900,575,1,1.909090909,0.954545455,0.0355,0.9,0.148148148,-0.0441,-0.004048148,0,0,0,1,3.375,-0.004048148,0,0,0.954545455,0.1004
"455",1,401415644,"UCF","Cincinnati",0.512,1,1,0.5533,1,0,0.4014,0,-1.5,55.5,9,2022,1,0,"American Athletic","American Athletic",-110,-110,1,1.909090909,0.954545455,0.012,0.523809524,0.523809524,0.029490476,-0.077109524,1,0,1,1.909090909,0.954545455,0.029490476,1,1.909090909,0.954545455,0.0986
"456",0,401426362,"Marshall","Coastal Carolina",0.4422,0,0,0.4561,0,0,0.3921,0,-2.5,54,9,2022,1,0,"Sun Belt","Sun Belt",-140,120,1,1.909090909,0.954545455,0.0578,0.583333333,0.454545455,-0.127233333,0.089354545,0,1,1,2.2,1.1,0.089354545,1,1.909090909,0.954545455,0.1079
"457",0,401403928,"Georgia","Florida",0.5059,1,1,0.9341,1,1,0.4753,0,-23,56.5,9,2022,0,1,"SEC","SEC",-2500,1050,0,0,0.954545455,0.0059,0.961538462,0.086956522,-0.027438462,-0.021056522,0,0,0,1,0.52,-0.021056522,0,0,0.954545455,0.0247
"458",0,401405124,"Nebraska","Illinois",0.5439,1,0,0.3642,0,0,0.4192,0,7.5,50.5,9,2022,1,0,"Big Ten","Big Ten",230,-280,0,0,0.954545455,0.0439,0.303030303,0.736842105,0.061169697,-0.101042105,1,0,0,0,0.678571429,0.061169697,1,1.909090909,0.954545455,0.0808
"459",1,401403930,"Tennessee","Kentucky",0.5461,1,1,0.7803,1,0,0.4226,0,-10.5,62.5,9,2022,1,0,"SEC","SEC",-525,375,1,1.909090909,0.954545455,0.0461,0.84,0.210526316,-0.0597,0.009173684,0,1,0,0,0.595238095,0.009173684,1,1.909090909,0.954545455,0.0774
"460",1,401426359,"Southern Miss","Louisiana",0.5068,1,1,0.5979,1,1,0.3796,0,2.5,43,9,2022,1,0,"Sun Belt","Sun Belt",-125,105,1,1.909090909,0.954545455,0.0068,0.555555556,0.487804878,0.042344444,-0.085704878,1,0,1,1.8,0.9,0.042344444,0,0,0.954545455,0.1204
"461",1,401411150,"Virginia","Miami",0.5526,1,0,0.5277,1,0,0.501,1,3,48.5,9,2022,1,0,"ACC","ACC",120,-140,1,1.909090909,0.954545455,0.0526,0.454545455,0.583333333,0.073154545,-0.111033333,1,0,0,0,0.857142857,0.073154545,0,0,0.954545455,0.001
"462",0,401426596,"UTEP","Middle Tennessee",0.4751,0,0,0.4242,0,0,0.4802,0,-2.5,52,9,2022,1,0,"Conference USA","Conference USA",-115,-105,1,1.909090909,0.954545455,0.0249,0.534883721,0.512195122,-0.110683721,0.063604878,0,1,1,1.952380952,0.976190476,0.063604878,1,1.909090909,0.954545455,0.0198
"463",0,401403929,"South Carolina","Missouri",0.3823,0,0,0.4988,0,0,0.3614,0,-3.5,45.5,9,2022,1,0,"SEC","SEC",-200,170,1,1.909090909,0.954545455,0.1177,0.666666667,0.37037037,-0.167866667,0.13082963,0,1,1,2.7,1.35,0.13082963,1,1.909090909,0.954545455,0.1386
"464",0,401415249,"San José State","Nevada",0.5734,1,1,0.9327,1,1,0.4872,0,-24.5,44.5,9,2022,1,0,"Mountain West","Mountain West",-4000,1200,0,0,0.954545455,0.0734,0.975609756,0.076923077,-0.042909756,-0.009623077,0,0,0,1,0.5125,-0.009623077,0,0,0.954545455,0.0128
"465",0,401426597,"Western Kentucky","North Texas",0.5611,1,0,0.745,1,0,0.4641,0,-10,70,9,2022,1,0,"Conference USA","Conference USA",-360,280,0,0,0.954545455,0.0611,0.782608696,0.263157895,-0.037608696,-0.008157895,0,0,0,1,1.9,-0.008157895,1,1.909090909,0.954545455,0.0359
"466",0,401404129,"Syracuse","Notre Dame",0.525,1,0,0.5202,1,1,0.4246,0,1,48,9,2022,1,0,"ACC","FBS Independents",-140,120,0,0,0.954545455,0.025,0.583333333,0.454545455,-0.063133333,0.025254545,0,1,1,2.2,1.1,0.025254545,0,0,0.954545455,0.0754
"467",1,401405126,"Penn State","Ohio State",0.4953,0,0,0.2508,0,1,0.4869,0,15.5,60.5,9,2022,1,0,"Big Ten","Big Ten",475,-700,0,0,0.954545455,0.0047,0.173913043,0.875,0.076886957,-0.1258,1,0,0,0,0.571428571,0.076886957,0,0,0.954545455,0.0131
"468",0,401403931,"Texas A&M","Ole Miss",0.4454,0,0,0.3742,0,1,0.4895,0,3,55.5,9,2022,1,0,"SEC","SEC",130,NA,1,1.909090909,0.954545455,0.0546,0.434782609,NA,-0.060582609,NA,0,NA,NA,NA,NA,NA,0,0,0.954545455,0.0105
"469",0,401415647,"Tulsa","SMU",0.5187,1,0,0.4078,0,1,0.5513,1,1,63.5,9,2022,1,0,"American Athletic","American Athletic",135,-160,0,0,0.954545455,0.0187,0.425531915,0.615384615,-0.017731915,-0.023184615,0,0,0,1,0.8125,-0.017731915,1,1.909090909,0.954545455,0.0513
"470",1,401404025,"UCLA","Stanford",0.557,1,1,0.9296,1,0,0.4565,0,-16.5,64.5,9,2022,1,0,"Pac-12","Pac-12",-800,525,1,1.909090909,0.954545455,0.057,0.888888889,0.16,0.040711111,-0.0896,1,0,1,1.125,0.5625,0.040711111,1,1.909090909,0.954545455,0.0435
"471",0,401404103,"West Virginia","TCU",0.4259,0,0,0.2148,0,1,0.4302,0,7,69.5,9,2022,1,0,"Big 12","Big 12",255,-310,1,1.909090909,0.954545455,0.0741,0.281690141,0.756097561,-0.066890141,0.029102439,0,1,1,1.322580645,0.661290323,0.029102439,0,0,0.954545455,0.0698
"472",1,401404026,"Washington State","Utah",0.5289,1,0,0.4025,0,0,0.5413,1,7,56.5,9,2022,1,0,"Pac-12","Pac-12",NA,NA,1,1.909090909,0.954545455,0.0289,NA,NA,NA,NA,NA,NA,NA,NA,NA,NA,0,0,0.954545455,0.0413
"473",1,401404141,"Army","Air Force",0.5451,1,0,0.3724,0,0,0.4856,0,7,40.5,10,2022,0,1,"FBS Independents","Mountain West",205,-245,1,1.909090909,0.954545455,0.0451,0.327868852,0.710144928,0.044531148,-0.082544928,1,0,0,0,0.704081633,0.044531148,1,1.909090909,0.954545455,0.0144
"474",1,401403934,"LSU","Alabama",0.488,0,1,0.2343,0,1,0.4952,0,13.5,56.5,10,2022,1,0,"SEC","SEC",390,-550,0,0,0.954545455,0.012,0.204081633,0.846153846,0.030218367,-0.080453846,1,0,1,4.9,2.45,0.030218367,0,0,0.954545455,0.0048
"475",1,401426364,"Coastal Carolina","App State",0.5761,1,1,0.5659,1,0,0.4998,0,3,65.5,10,2022,1,0,"Sun Belt","Sun Belt",135,-160,1,1.909090909,0.954545455,0.0761,0.425531915,0.615384615,0.140368085,-0.181284615,1,0,1,2.35,1.175,0.140368085,1,1.909090909,0.954545455,2e-04
"476",1,401404027,"Utah","Arizona",0.5371,1,1,0.9365,1,0,0.4082,0,-17.5,67.5,10,2022,1,0,"Pac-12","Pac-12",-1000,625,1,1.909090909,0.954545455,0.0371,0.909090909,0.137931034,0.027409091,-0.074431034,1,0,1,1.1,0.55,0.027409091,1,1.909090909,0.954545455,0.0918
"477",0,401403935,"Mississippi State","Auburn",0.6062,1,1,0.8777,1,1,0.5405,1,-12.5,50.5,10,2022,1,0,"SEC","SEC",-525,375,0,0,0.954545455,0.1062,0.84,0.210526316,0.0377,-0.088226316,1,0,1,1.19047619,0.595238095,0.0377,1,1.909090909,0.954545455,0.0405
"478",0,401416632,"Kent State","Ball State",0.413,0,0,0.6026,1,0,0.5313,1,-7,61.5,10,2022,1,0,"Mid-American","Mid-American",-270,220,1,1.909090909,0.954545455,0.087,0.72972973,0.3125,-0.12712973,0.0849,0,1,1,3.2,1.6,0.0849,0,0,0.954545455,0.0313
"479",0,401404104,"Oklahoma","Baylor",0.4618,0,0,0.5288,1,1,0.5148,1,-3,61.5,10,2022,1,0,"Big 12","Big 12",-175,150,1,1.909090909,0.954545455,0.0382,0.636363636,0.4,-0.107563636,0.0712,0,1,1,2.5,1.25,0.0712,1,1.909090909,0.954545455,0.0148
"480",1,401416633,"Ohio","Buffalo",0.5599,1,1,0.6377,1,1,0.3785,0,2.5,61,10,2022,1,0,"Mid-American","Mid-American",130,-150,1,1.909090909,0.954545455,0.0599,0.434782609,0.6,0.202917391,-0.2377,1,0,1,2.3,1.15,0.202917391,0,0,0.954545455,0.1215
"481",0,401404029,"USC","California",0.5033,1,1,0.9226,1,1,0.4939,0,-21,61,10,2022,1,0,"Pac-12","Pac-12",-1800,850,0,0,0.954545455,0.0033,0.947368421,0.105263158,-0.024768421,-0.027863158,0,0,0,1,0.527777778,-0.024768421,0,0,0.954545455,0.0061
"482",0,401416634,"Northern Illinois","Central Michigan",0.4552,0,0,0.5944,1,1,0.5229,1,-4.5,53.5,10,2022,1,0,"Mid-American","Mid-American",-210,175,1,1.909090909,0.954545455,0.0448,0.677419355,0.363636364,-0.083019355,0.041963636,0,1,1,2.75,1.375,0.041963636,1,1.909090909,0.954545455,0.0229
"483",1,401404130,"Notre Dame","Clemson",0.4617,0,1,0.3477,0,1,0.4869,0,3.5,43.5,10,2022,1,0,"FBS Independents","ACC",140,-165,0,0,0.954545455,0.0383,0.416666667,0.622641509,-0.068966667,0.029658491,0,1,0,0,1.2,0.029658491,0,0,0.954545455,0.0131
"484",0,401415251,"San José State","Colorado State",0.5856,1,1,0.944,1,0,0.5843,1,-24,44.5,10,2022,1,0,"Mountain West","Mountain West",-2200,1000,0,0,0.954545455,0.0856,0.956521739,0.090909091,-0.012521739,-0.034909091,0,0,0,1,0.522727273,-0.012521739,0,0,0.954545455,0.0843
"485",0,401403937,"Texas A&M","Florida",0.4047,0,0,0.4582,0,1,0.5054,1,-1.5,53.5,10,2022,1,0,"SEC","SEC",-160,135,1,1.909090909,0.954545455,0.0953,0.615384615,0.425531915,-0.157184615,0.116268085,0,1,1,2.35,1.175,0.116268085,1,1.909090909,0.954545455,0.0054
"486",1,401426599,"North Texas","Florida International",0.5812,1,1,0.9406,1,1,0.4578,0,-21.5,63,10,2022,1,0,"Conference USA","Conference USA",-2200,1000,1,1.909090909,0.954545455,0.0812,0.956521739,0.090909091,-0.015921739,-0.031509091,0,0,0,1,0.522727273,-0.015921739,0,0,0.954545455,0.0422
"487",0,401411153,"Miami","Florida State",0.496,0,0,0.2783,0,0,0.6389,1,6.5,54,10,2022,1,0,"ACC","ACC",190,-230,1,1.909090909,0.954545455,0.004,0.344827586,0.696969697,-0.066527586,0.024730303,0,1,1,1.434782609,0.717391304,0.024730303,0,0,0.954545455,0.1389
"488",0,401426369,"Southern Miss","Georgia State",0.5419,1,0,0.6378,1,1,0.4343,0,-2,48,10,2022,1,0,"Sun Belt","Sun Belt",-135,115,0,0,0.954545455,0.0419,0.574468085,0.465116279,0.063331915,-0.102916279,1,0,0,0,1.075,0.063331915,0,0,0.954545455,0.0657
"489",0,401411157,"Virginia Tech","Georgia Tech",0.3954,0,0,0.4906,0,1,0.6165,1,-4,40.5,10,2022,1,0,"ACC","ACC",-175,150,1,1.909090909,0.954545455,0.1046,0.636363636,0.4,-0.145763636,0.1094,0,1,1,2.5,1.25,0.1094,1,1.909090909,0.954545455,0.1165
"490",1,401415652,"SMU","Houston",0.4228,0,1,0.5411,1,1,0.4957,0,-3.5,66,10,2022,1,0,"American Athletic","American Athletic",-160,135,0,0,0.954545455,0.0772,0.615384615,0.425531915,-0.074284615,0.033368085,0,1,0,0,0.8125,0.033368085,0,0,0.954545455,0.0043
"491",0,401405130,"Purdue","Iowa",0.4839,0,0,0.6883,1,0,0.3882,0,-3.5,39.5,10,2022,1,0,"Big Ten","Big Ten",-195,165,1,1.909090909,0.954545455,0.0161,0.661016949,0.377358491,0.027283051,-0.065658491,1,0,0,0,1.325,0.027283051,1,1.909090909,0.954545455,0.1118
"492",1,401411152,"Louisville","James Madison",0.5378,1,1,0.7497,1,0,0.4208,0,-6.5,53.5,10,2022,1,0,"ACC","Sun Belt",-280,230,1,1.909090909,0.954545455,0.0378,0.736842105,0.303030303,0.012857895,-0.052730303,1,0,1,1.357142857,0.678571429,0.012857895,1,1.909090909,0.954545455,0.0792
"493",0,401403936,"Missouri","Kentucky",0.5391,1,0,0.5965,1,0,0.5499,1,-1,40,10,2022,1,0,"SEC","SEC",115,-135,0,0,0.954545455,0.0391,0.465116279,0.574468085,0.131383721,-0.170968085,1,0,0,0,0.87037037,0.131383721,0,0,0.954545455,0.0499
"494",0,401426366,"Old Dominion","Marshall",0.5595,1,0,0.4451,0,0,0.643,1,3.5,46.5,10,2022,1,0,"Sun Belt","Sun Belt",115,-135,0,0,0.954545455,0.0595,0.465116279,0.574468085,-0.020016279,-0.019568085,0,0,0,1,0.87037037,-0.019568085,0,0,0.954545455,0.143
"495",1,401405131,"Wisconsin","Maryland",0.3609,0,1,0.5317,1,0,0.4313,0,-5,47.5,10,2022,1,0,"Big Ten","Big Ten",-210,175,0,0,0.954545455,0.1391,0.677419355,0.363636364,-0.145719355,0.104663636,0,1,0,0,0.738095238,0.104663636,1,1.909090909,0.954545455,0.0687
"496",1,401404155,"UConn","Massachusetts",0.6487,1,1,0.916,1,0,0.4697,0,-15,40,10,2022,1,0,"FBS Independents","FBS Independents",-750,500,1,1.909090909,0.954545455,0.1487,0.882352941,0.166666667,0.033647059,-0.082666667,1,0,1,1.133333333,0.566666667,0.033647059,1,1.909090909,0.954545455,0.0303
"497",0,401405133,"Rutgers","Michigan",0.4659,0,0,0.21,0,1,0.4833,0,26.5,45,10,2022,1,0,"Big Ten","Big Ten",1250,-4500,1,1.909090909,0.954545455,0.0341,0.074074074,0.97826087,0.135925926,-0.18826087,1,0,0,0,0.511111111,0.135925926,0,0,0.954545455,0.0167
"498",1,401405128,"Nebraska","Minnesota",0.5809,1,0,0.1972,0,0,0.4613,0,14.5,44.5,10,2022,1,0,"Big Ten","Big Ten",475,-700,1,1.909090909,0.954545455,0.0809,0.173913043,0.875,0.023286957,-0.0722,1,0,0,0,0.571428571,0.023286957,1,1.909090909,0.954545455,0.0387
"499",1,401415252,"Utah State","New Mexico",0.6961,1,1,0.9204,1,0,0.5136,1,-14.5,42.5,10,2022,1,0,"Mountain West","Mountain West",-700,475,1,1.909090909,0.954545455,0.1961,0.875,0.173913043,0.0454,-0.094313043,1,0,1,1.142857143,0.571428571,0.0454,0,0,0.954545455,0.0136
"500",1,401411156,"Virginia","North Carolina",0.4773,0,0,0.1562,0,0,0.472,0,7.5,61.5,10,2022,1,0,"ACC","ACC",285,-370,0,0,0.954545455,0.0227,0.25974026,0.787234043,-0.10354026,0.056565957,0,1,1,1.27027027,0.635135135,0.056565957,1,1.909090909,0.954545455,0.028
"501",0,401404031,"Washington","Oregon State",0.4153,0,1,0.6041,1,0,0.4086,0,-4.5,53.5,10,2022,1,0,"Pac-12","Pac-12",-200,170,1,1.909090909,0.954545455,0.0847,0.666666667,0.37037037,-0.062566667,0.02552963,0,1,0,0,0.75,0.02552963,1,1.909090909,0.954545455,0.0914
"502",0,401403938,"Vanderbilt","South Carolina",0.5671,1,0,0.463,0,1,0.4078,0,6.5,49,10,2022,1,0,"SEC","SEC",250,-300,0,0,0.954545455,0.0671,0.285714286,0.75,0.177285714,-0.213,1,0,0,0,0.666666667,0.177285714,0,0,0.954545455,0.0922
"503",1,401415648,"Temple","South Florida",0.5973,1,1,0.4517,0,1,0.454,0,3.5,49,10,2022,1,0,"American Athletic","American Athletic",150,-175,1,1.909090909,0.954545455,0.0973,0.4,0.636363636,0.0517,-0.088063636,1,0,1,2.5,1.25,0.0517,0,0,0.954545455,0.046
"504",0,401426368,"UL Monroe","Texas State",0.4036,0,1,0.4551,0,1,0.5086,1,-2.5,52.5,10,2022,1,0,"Sun Belt","Sun Belt",NA,NA,1,1.909090909,0.954545455,0.0964,NA,NA,NA,NA,NA,NA,NA,NA,NA,NA,1,1.909090909,0.954545455,0.0086
"505",0,401415649,"Tulsa","Tulane",0.4741,0,0,0.3625,0,0,0.5834,1,6.5,56,10,2022,1,0,"American Athletic","American Athletic",250,-300,1,1.909090909,0.954545455,0.0259,0.285714286,0.75,0.076785714,-0.1125,1,0,0,0,0.666666667,0.076785714,0,0,0.954545455,0.0834
"506",1,401403943,"Ole Miss","Alabama",0.6042,1,0,0.3045,0,0,0.5224,1,11,65.5,11,2022,1,0,"SEC","SEC",NA,NA,1,1.909090909,0.954545455,0.1042,NA,NA,NA,NA,NA,NA,NA,NA,NA,NA,0,0,0.954545455,0.0224
"507",1,401426373,"Marshall","App State",0.4055,0,1,0.4605,0,1,0.5583,1,2,47.5,11,2022,1,0,"Sun Belt","Sun Belt",-110,-110,0,0,0.954545455,0.0945,0.523809524,0.523809524,-0.063309524,0.015690476,0,1,0,0,0.954545455,0.015690476,1,1.909090909,0.954545455,0.0583
"508",0,401404034,"UCLA","Arizona",0.5879,1,0,0.9577,1,0,0.5367,1,-20,77.5,11,2022,1,0,"Pac-12","Pac-12",-1400,750,0,0,0.954545455,0.0879,0.933333333,0.117647059,0.024366667,-0.075347059,1,0,0,0,4.25,0.024366667,0,0,0.954545455,0.0367
"509",1,401404035,"Washington State","Arizona State",0.56,1,1,0.8228,1,0,0.5635,1,-9.5,59.5,11,2022,1,0,"Pac-12","Pac-12",-360,280,1,1.909090909,0.954545455,0.06,0.782608696,0.263157895,0.040191304,-0.085957895,1,0,1,1.277777778,0.638888889,0.040191304,0,0,0.954545455,0.0635
"510",0,401404142,"Troy","Army",0.5575,1,1,0.8245,1,0,0.5555,1,-8.5,45.5,11,2022,1,0,"Sun Belt","FBS Independents",-340,270,0,0,0.954545455,0.0575,0.772727273,0.27027027,0.051772727,-0.09477027,1,0,1,1.294117647,0.647058824,0.051772727,0,0,0.954545455,0.0555
"511",0,401416636,"Toledo","Ball State",0.5505,1,1,0.8155,1,0,0.3095,0,-13.5,53.5,11,2022,1,0,"Mid-American","Mid-American",-500,360,0,0,0.954545455,0.0505,0.833333333,0.217391304,-0.017833333,-0.032891304,0,0,0,1,0.6,-0.017833333,1,1.909090909,0.954545455,0.1905
"512",0,401415255,"Nevada","Boise State",0.4769,0,0,0.1198,0,0,0.4474,0,21,47.5,11,2022,1,0,"Mountain West","Mountain West",850,-1800,1,1.909090909,0.954545455,0.0231,0.105263158,0.947368421,0.014536842,-0.067168421,1,0,0,0,0.527777778,0.014536842,1,1.909090909,0.954545455,0.0526
"513",0,401411161,"NC State","Boston College",0.5805,1,0,0.9436,1,0,0.4742,0,-18,41,11,2022,1,0,"ACC","ACC",-1300,725,0,0,0.954545455,0.0805,0.928571429,0.121212121,0.015028571,-0.064812121,1,0,0,0,4.125,0.015028571,1,1.909090909,0.954545455,0.0258
"514",1,401416640,"Central Michigan","Buffalo",0.5682,1,1,0.576,1,1,0.4943,0,-2.5,54,11,2022,1,0,"Mid-American","Mid-American",-115,-105,1,1.909090909,0.954545455,0.0682,0.534883721,0.512195122,0.041116279,-0.088195122,1,0,1,1.869565217,0.934782609,0.041116279,0,0,0.954545455,0.0057
"515",1,401404036,"Oregon State","California",0.597,1,1,0.8594,1,1,0.3727,0,-11.5,47,11,2022,1,0,"Pac-12","Pac-12",-575,400,1,1.909090909,0.954545455,0.097,0.851851852,0.2,0.007548148,-0.0594,1,0,1,1.173913043,0.586956522,0.007548148,0,0,0.954545455,0.1273
"516",0,401426603,"Middle Tennessee","Charlotte",0.536,1,1,0.8174,1,0,0.5446,1,-10,67,11,2022,1,0,"Conference USA","Conference USA",-470,345,0,0,0.954545455,0.036,0.824561404,0.224719101,-0.007161404,-0.042119101,0,0,0,1,0.606382979,-0.007161404,0,0,0.954545455,0.0446
"517",1,401404033,"USC","Colorado",0.4544,0,1,0.9529,1,1,0.4376,0,-34.5,66,11,2022,1,0,"Pac-12","Pac-12",NA,NA,0,0,0.954545455,0.0456,NA,NA,NA,NA,NA,NA,NA,NA,NA,NA,0,0,0.954545455,0.0624
"518",0,401426604,"Florida International","Florida Atlantic",0.4946,0,0,0.0818,0,1,0.4967,0,15.5,54.5,11,2022,1,0,"Conference USA","Conference USA",500,-750,1,1.909090909,0.954545455,0.0054,0.166666667,0.882352941,-0.084866667,0.035847059,0,1,1,1.133333333,0.566666667,0.035847059,0,0,0.954545455,0.0033
"519",0,401411162,"Syracuse","Florida State",0.3757,0,0,0.2195,0,0,0.5634,1,7,51,11,2022,1,0,"ACC","ACC",240,-290,1,1.909090909,0.954545455,0.1243,0.294117647,0.743589744,-0.074617647,0.036910256,0,1,1,1.344827586,0.672413793,0.036910256,0,0,0.954545455,0.0634
"520",0,401403944,"Mississippi State","Georgia",0.4434,0,0,0.1239,0,1,0.6045,1,16.5,53,11,2022,1,0,"SEC","SEC",550,-850,1,1.909090909,0.954545455,0.0566,0.153846154,0.894736842,-0.029946154,-0.018636842,0,0,0,1,0.558823529,-0.018636842,1,1.909090909,0.954545455,0.1045
"521",1,401426370,"Louisiana","Georgia Southern",0.5181,1,1,0.6229,1,0,0.4894,0,-3.5,63,11,2022,1,0,"Sun Belt","Sun Belt",NA,NA,1,1.909090909,0.954545455,0.0181,NA,NA,NA,NA,NA,NA,NA,NA,NA,NA,1,1.909090909,0.954545455,0.0106
"522",1,401405139,"Ohio State","Indiana",0.449,0,1,0.929,1,1,0.4856,0,-40.5,62,11,2022,1,0,"Big Ten","Big Ten",NA,NA,0,0,0.954545455,0.051,NA,NA,NA,NA,NA,NA,NA,NA,NA,NA,0,0,0.954545455,0.0144
"523",1,401404110,"Oklahoma State","Iowa State",0.6419,1,1,0.7069,1,0,0.4317,0,2.5,47.5,11,2022,1,0,"Big 12","Big 12",115,-135,1,1.909090909,0.954545455,0.1419,0.465116279,0.574468085,0.241783721,-0.281368085,1,0,1,2.15,1.075,0.241783721,1,1.909090909,0.954545455,0.0683
"524",0,401426374,"Old Dominion","James Madison",0.4893,0,0,0.4266,0,0,0.5828,1,7.5,48,11,2022,1,0,"Sun Belt","Sun Belt",255,-310,1,1.909090909,0.954545455,0.0107,0.281690141,0.756097561,0.144909859,-0.182697561,1,0,0,0,0.661290323,0.144909859,0,0,0.954545455,0.0828
"525",1,401404111,"Texas Tech","Kansas",0.5377,1,1,0.6944,1,1,0.397,0,-3.5,63.5,11,2022,1,0,"Big 12","Big 12",-175,150,1,1.909090909,0.954545455,0.0377,0.636363636,0.4,0.058036364,-0.0944,1,0,1,1.571428571,0.785714286,0.058036364,0,0,0.954545455,0.103
"526",1,401404156,"UConn","Liberty",0.5505,1,1,0.2741,0,1,0.4618,0,13.5,45,11,2022,1,0,"FBS Independents","FBS Independents",425,-600,1,1.909090909,0.954545455,0.0505,0.19047619,0.857142857,0.08362381,-0.131242857,1,0,1,5.25,2.625,0.08362381,0,0,0.954545455,0.0382
"527",1,401426605,"UTSA","Louisiana Tech",0.5782,1,1,0.9463,1,0,0.4345,0,-17.5,68.5,11,2022,1,0,"Conference USA","Conference USA",-1100,650,1,1.909090909,0.954545455,0.0782,0.916666667,0.133333333,0.029633333,-0.079633333,1,0,1,1.090909091,0.545454545,0.029633333,1,1.909090909,0.954545455,0.0655
"528",1,401405140,"Penn State","Maryland",0.4602,0,1,0.8004,1,0,0.4822,0,-10.5,56.5,11,2022,1,0,"Big Ten","Big Ten",-450,335,0,0,0.954545455,0.0398,0.818181818,0.229885057,-0.017781818,-0.030285057,0,0,0,1,0.611111111,-0.017781818,1,1.909090909,0.954545455,0.0178
"529",1,401403945,"Tennessee","Missouri",0.4321,0,1,0.9256,1,1,0.5076,1,-19.5,57.5,11,2022,1,0,"SEC","SEC",-1600,800,0,0,0.954545455,0.0679,0.941176471,0.111111111,-0.015576471,-0.036711111,0,0,0,1,0.53125,-0.015576471,1,1.909090909,0.954545455,0.0076
"530",0,401404131,"Notre Dame","Navy",0.3793,0,1,0.9179,1,1,0.3351,0,-17,40.5,11,2022,0,1,"FBS Independents","American Athletic",-900,575,1,1.909090909,0.954545455,0.1207,0.9,0.148148148,0.0179,-0.066048148,1,0,1,1.111111111,0.555555556,0.0179,0,0,0.954545455,0.1649
"531",0,401411164,"Wake Forest","North Carolina",0.5315,1,0,0.5839,1,0,0.5011,1,-4.5,79,11,2022,1,0,"ACC","ACC",-180,155,0,0,0.954545455,0.0315,0.642857143,0.392156863,-0.058957143,0.023943137,0,1,1,2.55,1.275,0.023943137,0,0,0.954545455,0.0011
"532",1,401426606,"UAB","North Texas",0.3843,0,1,0.5071,1,1,0.4501,0,-6.5,58,11,2022,1,0,"Conference USA","Conference USA",-230,190,0,0,0.954545455,0.1157,0.696969697,0.344827586,-0.189869697,0.148072414,0,1,0,0,0.717391304,0.148072414,0,0,0.954545455,0.0499
"533",0,401416639,"Western Michigan","Northern Illinois",0.6204,1,0,0.5998,1,0,0.5114,1,1,49,11,2022,1,0,"Mid-American","Mid-American",-110,-110,0,0,0.954545455,0.1204,0.523809524,0.523809524,0.075990476,-0.123609524,1,0,0,0,0.954545455,0.075990476,0,0,0.954545455,0.0114
"534",1,401404112,"West Virginia","Oklahoma",0.435,0,1,0.165,0,0,0.4398,0,8.5,68.5,11,2022,1,0,"Big 12","Big 12",255,NA,0,0,0.954545455,0.065,0.281690141,NA,-0.116690141,NA,0,NA,0,NA,1.775,NA,1,1.909090909,0.954545455,0.0602
"535",0,401411163,"Virginia","Pittsburgh",0.4038,0,0,0.2236,0,1,0.5222,1,5.5,41.5,11,2022,1,0,"ACC","ACC",170,-200,1,1.909090909,0.954545455,0.0962,0.37037037,0.666666667,-0.14677037,0.109733333,0,1,1,1.5,0.75,0.109733333,1,1.909090909,0.954545455,0.0222
"536",1,401426607,"Western Kentucky","Rice",0.5606,1,1,0.8635,1,0,0.5221,1,-13.5,61,11,2022,1,0,"Conference USA","Conference USA",-550,390,1,1.909090909,0.954545455,0.0606,0.846153846,0.204081633,0.017346154,-0.067581633,1,0,1,1.181818182,0.590909091,0.017346154,0,0,0.954545455,0.0221
"537",0,401415656,"South Florida","SMU",0.4939,0,0,0.0764,0,0,0.3758,0,17.5,72.5,11,2022,1,0,"American Athletic","American Athletic",625,-1000,1,1.909090909,0.954545455,0.0061,0.137931034,0.909090909,-0.061531034,0.014509091,0,1,1,1.1,0.55,0.014509091,1,1.909090909,0.954545455,0.1242
"538",1,401404038,"Utah","Stanford",0.5505,1,1,0.9356,1,0,0.6049,1,-24,54,11,2022,1,0,"Pac-12","Pac-12",-2800,1100,1,1.909090909,0.954545455,0.0505,0.965517241,0.083333333,-0.029917241,-0.018933333,0,0,0,1,0.517857143,-0.018933333,0,0,0.954545455,0.1049
"539",0,401404113,"Texas","TCU",0.4848,0,0,0.6745,1,0,0.384,0,-7.5,66,11,2022,1,0,"Big 12","Big 12",-290,240,1,1.909090909,0.954545455,0.0152,0.743589744,0.294117647,-0.069089744,0.031382353,0,1,1,3.4,1.7,0.031382353,1,1.909090909,0.954545455,0.116
"540",0,401426380,"Texas State","Arkansas State",0.5443,1,1,0.6953,1,0,0.6385,1,-6,50,12,2022,1,0,"Sun Belt","Sun Belt",-210,175,0,0,0.954545455,0.0443,0.677419355,0.363636364,0.017880645,-0.058936364,1,0,1,1.476190476,0.738095238,0.017880645,0,0,0.954545455,0.1385
"541",1,401415261,"Wyoming","Boise State",0.4753,0,0,0.2549,0,0,0.4817,0,14.5,44.5,12,2022,1,0,"Mountain West","Mountain West",360,-500,0,0,0.954545455,0.0247,0.217391304,0.833333333,0.037508696,-0.088233333,1,0,0,0,0.6,0.037508696,1,1.909090909,0.954545455,0.0183
"542",1,401404132,"Notre Dame","Boston College",0.5475,1,1,0.9249,1,1,0.5684,1,-20,42,12,2022,1,0,"FBS Independents","ACC",-1600,800,1,1.909090909,0.954545455,0.0475,0.941176471,0.111111111,-0.016276471,-0.036011111,0,0,0,1,0.53125,-0.016276471,1,1.909090909,0.954545455,0.0684
"543",0,401416642,"Toledo","Bowling Green",0.5337,1,0,0.8934,1,1,0.5248,1,-14.5,46.5,12,2022,1,0,"Mid-American","Mid-American",-650,450,0,0,0.954545455,0.0337,0.866666667,0.181818182,0.026733333,-0.075218182,1,0,0,0,2.75,0.026733333,1,1.909090909,0.954545455,0.0248
"544",0,401415663,"Temple","Cincinnati",0.4454,0,0,0.0944,0,0,0.6132,1,17,49,12,2022,1,0,"American Athletic","American Athletic",700,-1200,1,1.909090909,0.954545455,0.0546,0.125,0.923076923,-0.0306,-0.017476923,0,0,0,1,0.541666667,-0.017476923,0,0,0.954545455,0.1132
"545",1,401404042,"Washington","Colorado",0.4986,0,1,0.9461,1,1,0.4871,0,-30.5,60.5,12,2022,1,0,"Pac-12","Pac-12",NA,NA,0,0,0.954545455,0.0014,NA,NA,NA,NA,NA,NA,NA,NA,NA,NA,0,0,0.954545455,0.0129
"546",0,401411169,"Pittsburgh","Duke",0.5579,1,1,0.7759,1,1,0.4464,0,-7,49,12,2022,1,0,"ACC","ACC",-290,240,0,0,0.954545455,0.0579,0.743589744,0.294117647,0.032310256,-0.070017647,1,0,1,1.344827586,0.672413793,0.032310256,0,0,0.954545455,0.0536
"547",0,401416644,"Kent State","Eastern Michigan",0.4561,0,0,0.589,1,0,0.4683,0,-7.5,60,12,2022,1,0,"Mid-American","Mid-American",-270,220,1,1.909090909,0.954545455,0.0439,0.72972973,0.3125,-0.14072973,0.0985,0,1,1,3.2,1.6,0.0985,1,1.909090909,0.954545455,0.0317
"548",1,401403955,"Vanderbilt","Florida",0.5219,1,1,0.1518,0,0,0.5578,1,14,58,12,2022,1,0,"SEC","SEC",425,-600,1,1.909090909,0.954545455,0.0219,0.19047619,0.857142857,-0.03867619,-0.008942857,0,0,0,1,2.625,-0.008942857,0,0,0.954545455,0.0578
"549",1,401426610,"Middle Tennessee","Florida Atlantic",0.6126,1,1,0.5282,1,1,0.5905,1,5.5,51,12,2022,1,0,"Conference USA","Conference USA",170,-200,1,1.909090909,0.954545455,0.1126,0.37037037,0.666666667,0.15782963,-0.194866667,1,0,1,2.7,1.35,0.15782963,1,1.909090909,0.954545455,0.0905
"550",1,401426609,"UTEP","Florida International",0.5631,1,1,0.8834,1,0,0.5031,1,-14,50,12,2022,1,0,"Conference USA","Conference USA",-650,450,1,1.909090909,0.954545455,0.0631,0.866666667,0.181818182,0.016733333,-0.065218182,1,0,1,1.153846154,0.576923077,0.016733333,0,0,0.954545455,0.0031
"551",0,401415263,"Nevada","Fresno State",0.561,1,0,0.1426,0,1,0.4329,0,22.5,54,12,2022,1,0,"Mountain West","Mountain West",1000,-2200,0,0,0.954545455,0.061,0.090909091,0.956521739,0.051690909,-0.099121739,1,0,0,0,0.522727273,0.051690909,0,0,0.954545455,0.0671
"552",1,401403949,"Kentucky","Georgia",0.4998,0,0,0.1767,0,0,0.5284,1,22.5,47.5,12,2022,1,0,"SEC","SEC",1050,-2500,0,0,0.954545455,2e-04,0.086956522,0.961538462,0.089743478,-0.138238462,1,0,0,0,0.52,0.089743478,0,0,0.954545455,0.0284
"553",0,401426378,"James Madison","Georgia State",0.4864,0,1,0.715,1,1,0.479,0,-10,52,12,2022,1,0,"Sun Belt","Sun Belt",-340,270,1,1.909090909,0.954545455,0.0136,0.772727273,0.27027027,-0.057727273,0.01472973,0,1,0,0,0.647058824,0.01472973,0,0,0.954545455,0.021
"554",0,401411168,"North Carolina","Georgia Tech",0.4642,0,0,0.9355,1,0,0.5253,1,-21,63,12,2022,1,0,"ACC","ACC",-1500,775,1,1.909090909,0.954545455,0.0358,0.9375,0.114285714,-0.002,-0.049785714,0,0,0,1,4.375,-0.002,0,0,0.954545455,0.0253
"555",0,401405145,"Michigan","Illinois",0.5001,1,1,0.796,1,0,0.4188,0,-17,41.5,12,2022,1,0,"Big Ten","Big Ten",-1000,625,0,0,0.954545455,1e-04,0.909090909,0.137931034,-0.113090909,0.066068966,0,1,0,0,0.55,0.066068966,1,1.909090909,0.954545455,0.0812
"556",0,401405146,"Michigan State","Indiana",0.4599,0,0,0.7579,1,1,0.5257,1,-12,47.5,12,2022,1,0,"Big Ten","Big Ten",-400,300,1,1.909090909,0.954545455,0.0401,0.8,0.25,-0.0421,-0.0079,0,0,0,1,2,-0.0079,1,1.909090909,0.954545455,0.0257
"557",0,401405141,"Minnesota","Iowa",0.5284,1,0,0.5499,1,0,0.4493,0,-2,31.5,12,2022,1,0,"Big Ten","Big Ten",-130,110,0,0,0.954545455,0.0284,0.565217391,0.476190476,-0.015317391,-0.026090476,0,0,0,1,1.05,-0.015317391,1,1.909090909,0.954545455,0.0507
"558",0,401404117,"West Virginia","Kansas State",0.452,0,0,0.2221,0,1,0.5066,1,8,54.5,12,2022,1,0,"Big 12","Big 12",240,-290,1,1.909090909,0.954545455,0.048,0.294117647,0.743589744,-0.072017647,0.034310256,0,1,1,1.344827586,0.672413793,0.034310256,1,1.909090909,0.954545455,0.0066
"559",0,401403954,"Texas A&M","Massachusetts",0.4317,0,1,0.881,1,0,0.5456,1,-32,46,12,2022,1,0,"SEC","FBS Independents",NA,NA,1,1.909090909,0.954545455,0.0683,NA,NA,NA,NA,NA,NA,NA,NA,NA,NA,0,0,0.954545455,0.0456
"560",0,401416646,"Northern Illinois","Miami (OH)",0.4513,0,0,0.4885,0,1,0.4637,0,-1,44,12,2022,1,0,"Mid-American","Mid-American",-130,110,1,1.909090909,0.954545455,0.0487,0.565217391,0.476190476,-0.076717391,0.035309524,0,1,1,2.1,1.05,0.035309524,0,0,0.954545455,0.0363
"561",0,401415661,"UCF","Navy",0.374,0,0,0.8732,1,0,0.4539,0,-15.5,53,12,2022,1,0,"American Athletic","American Athletic",-750,500,1,1.909090909,0.954545455,0.126,0.882352941,0.166666667,-0.009152941,-0.039866667,0,0,0,1,3,-0.009152941,1,1.909090909,0.954545455,0.0461
"562",0,401405143,"Purdue","Northwestern",0.5177,1,1,0.9123,1,0,0.5256,1,-17.5,44.5,12,2022,1,0,"Big Ten","Big Ten",-1100,650,0,0,0.954545455,0.0177,0.916666667,0.133333333,-0.004366667,-0.045633333,0,0,0,1,0.545454545,-0.004366667,0,0,0.954545455,0.0256
"563",0,401405147,"Rutgers","Penn State",0.4051,0,0,0.0881,0,1,0.5389,1,18.5,45,12,2022,1,0,"Big Ten","Big Ten",725,-1300,1,1.909090909,0.954545455,0.0949,0.121212121,0.928571429,-0.033112121,-0.016671429,0,0,0,1,0.538461538,-0.016671429,1,1.909090909,0.954545455,0.0389
"564",1,401415658,"Tulane","SMU",0.4253,0,1,0.553,1,1,0.4791,0,-3.5,65,12,2022,1,0,"American Athletic","American Athletic",-150,130,0,0,0.954545455,0.0747,0.6,0.434782609,-0.047,0.012217391,0,1,0,0,0.833333333,0.012217391,0,0,0.954545455,0.0209
"565",1,401415265,"Utah State","San José State",0.5712,1,1,0.579,1,1,0.4428,0,-1,51,12,2022,1,0,"Mountain West","Mountain West",-120,-160,1,1.909090909,0.954545455,0.0712,0.545454545,0.615384615,0.033545455,-0.194384615,1,0,1,1.833333333,0.916666667,0.033545455,0,0,0.954545455,0.0572
"566",1,401426379,"Southern Miss","South Alabama",0.5492,1,0,0.3583,0,1,0.5065,1,7.5,45,12,2022,1,0,"Sun Belt","Sun Belt",230,-280,1,1.909090909,0.954545455,0.0492,0.303030303,0.736842105,0.055269697,-0.095142105,1,0,0,0,0.678571429,0.055269697,1,1.909090909,0.954545455,0.0065
"567",0,401415659,"Tulsa","South Florida",0.5383,1,1,0.7459,1,1,0.4616,0,-13.5,57.5,12,2022,1,0,"American Athletic","American Athletic",-525,375,0,0,0.954545455,0.0383,0.84,0.210526316,-0.0941,0.043573684,0,1,0,0,0.595238095,0.043573684,0,0,0.954545455,0.0384
"568",1,401411171,"Wake Forest","Syracuse",0.5593,1,1,0.8241,1,1,0.5277,1,-9.5,58.5,12,2022,1,0,"ACC","ACC",-380,290,1,1.909090909,0.954545455,0.0593,0.791666667,0.256410256,0.032433333,-0.080510256,1,0,1,1.263157895,0.631578947,0.032433333,1,1.909090909,0.954545455,0.0277
"569",0,401415267,"San Diego State","Air Force",0.5605,1,0,0.6053,1,0,0.5432,1,2,43.5,13,2022,1,0,"Mountain West","Mountain West",110,-130,0,0,0.954545455,0.0605,0.476190476,0.565217391,0.129109524,-0.170517391,1,0,0,0,0.884615385,0.129109524,0,0,0.954545455,0.0432
"570",0,401416652,"Northern Illinois","Akron",0.4607,0,0,0.7555,1,1,0.4632,0,-9.5,52,13,2022,1,0,"Mid-American","Mid-American",-370,285,1,1.909090909,0.954545455,0.0393,0.787234043,0.25974026,-0.031734043,-0.01524026,0,0,0,1,1.925,-0.01524026,0,0,0.954545455,0.0368
"571",1,401426382,"Georgia Southern","App State",0.5095,1,1,0.4317,0,1,0.5274,1,6.5,66,13,2022,1,0,"Sun Belt","Sun Belt",170,-200,1,1.909090909,0.954545455,0.0095,0.37037037,0.666666667,0.06132963,-0.098366667,1,0,1,2.7,1.35,0.06132963,1,1.909090909,0.954545455,0.0274
"572",1,401403961,"Missouri","Arkansas",0.619,1,1,0.3898,0,1,0.5275,1,3.5,55.5,13,2022,1,0,"SEC","SEC",135,-160,1,1.909090909,0.954545455,0.119,0.425531915,0.615384615,-0.035731915,-0.005184615,0,0,0,1,1.175,-0.005184615,1,1.909090909,0.954545455,0.0275
"573",0,401404144,"Massachusetts","Army",0.4976,0,0,0.1149,0,1,0.6076,1,20,45,13,2022,1,0,"FBS Independents","FBS Independents",775,-1500,1,1.909090909,0.954545455,0.0024,0.114285714,0.9375,0.000614286,-0.0524,1,0,0,0,0.533333333,0.000614286,1,1.909090909,0.954545455,0.1076
"574",0,401404049,"Stanford","BYU",0.4622,0,0,0.3027,0,1,0.4308,0,6.5,57.5,13,2022,1,0,"Pac-12","FBS Independents",210,-250,1,1.909090909,0.954545455,0.0378,0.322580645,0.714285714,-0.019880645,-0.016985714,0,0,0,1,0.7,-0.016985714,0,0,0.954545455,0.0692
"575",0,401416648,"Miami (OH)","Ball State",0.394,0,1,0.4576,0,0,0.3377,0,-2.5,45,13,2022,1,0,"Mid-American","Mid-American",-135,115,1,1.909090909,0.954545455,0.106,0.574468085,0.465116279,-0.116868085,0.077283721,0,1,0,0,0.87037037,0.077283721,1,1.909090909,0.954545455,0.1623
"576",1,401404119,"Texas","Baylor",0.43,0,1,0.7915,1,1,0.3801,0,-10,55,13,2022,1,0,"Big 12","Big 12",-290,240,0,0,0.954545455,0.07,0.743589744,0.294117647,0.047910256,-0.085617647,1,0,1,1.344827586,0.672413793,0.047910256,0,0,0.954545455,0.1199
"577",1,401416649,"Ohio","Bowling Green",0.5173,1,1,0.7275,1,0,0.5349,1,-5.5,52.5,13,2022,1,0,"Mid-American","Mid-American",-270,220,1,1.909090909,0.954545455,0.0173,0.72972973,0.3125,-0.00222973,-0.04,0,0,0,1,0.685185185,-0.00222973,0,0,0.954545455,0.0349
"578",1,401416650,"Eastern Michigan","Central Michigan",0.5178,1,1,0.5642,1,1,0.3727,0,-1,53.5,13,2022,1,0,"Mid-American","Mid-American",100,-120,1,1.909090909,0.954545455,0.0178,0.5,0.545454545,0.0642,-0.109654545,1,0,1,2,1,0.0642,0,0,0.954545455,0.1273
"579",1,401426383,"James Madison","Coastal Carolina",0.4449,0,1,0.7652,1,1,0.4903,0,-15.5,53,13,2022,1,0,"Sun Belt","Sun Belt",-600,425,0,0,0.954545455,0.0551,0.857142857,0.19047619,-0.091942857,0.04432381,0,1,0,0,0.583333333,0.04432381,0,0,0.954545455,0.0097
"580",1,401415664,"Temple","East Carolina",0.4806,0,0,0.2247,0,1,0.4678,0,9.5,52,13,2022,1,0,"American Athletic","American Athletic",360,-500,0,0,0.954545455,0.0194,0.217391304,0.833333333,0.007308696,-0.058033333,1,0,0,0,0.6,0.007308696,0,0,0.954545455,0.0322
"581",0,401403958,"Florida State","Florida",0.5159,1,1,0.8657,1,1,0.5817,1,-10,58,13,2022,1,0,"ACC","SEC",-360,280,0,0,0.954545455,0.0159,0.782608696,0.263157895,0.083091304,-0.128857895,1,0,1,1.277777778,0.638888889,0.083091304,1,1.909090909,0.954545455,0.0817
"582",0,401426390,"Marshall","Georgia State",0.4042,0,1,0.6596,1,1,0.449,0,-6.5,45.5,13,2022,1,0,"Sun Belt","Sun Belt",-230,190,1,1.909090909,0.954545455,0.0958,0.696969697,0.344827586,-0.037369697,-0.004427586,0,0,0,1,0.717391304,-0.004427586,0,0,0.954545455,0.051
"583",0,401415271,"San José State","Hawai'i",0.5547,1,1,0.9048,1,0,0.4638,0,-15,58,13,2022,1,0,"Mountain West","Mountain West",-585,410,0,0,0.954545455,0.0547,0.854014599,0.196078431,0.050785401,-0.100878431,1,0,1,1.170940171,0.585470085,0.050785401,1,1.909090909,0.954545455,0.0362
"584",0,401405149,"Northwestern","Illinois",0.4705,0,0,0.1219,0,1,0.506,1,14.5,38,13,2022,1,0,"Big Ten","Big Ten",390,-550,1,1.909090909,0.954545455,0.0295,0.204081633,0.846153846,-0.082181633,0.031946154,0,1,1,1.181818182,0.590909091,0.031946154,1,1.909090909,0.954545455,0.006
"585",1,401404120,"TCU","Iowa State",0.5357,1,1,0.8234,1,1,0.5255,1,-9.5,45.5,13,2022,1,0,"Big 12","Big 12",-400,300,1,1.909090909,0.954545455,0.0357,0.8,0.25,0.0234,-0.0734,1,0,1,1.25,0.625,0.0234,1,1.909090909,0.954545455,0.0255
"586",1,401404121,"Kansas State","Kansas",0.5676,1,1,0.8559,1,1,0.5112,1,-12,62,13,2022,1,0,"Big 12","Big 12",-480,350,1,1.909090909,0.954545455,0.0676,0.827586207,0.222222222,0.028313793,-0.078122222,1,0,1,1.208333333,0.604166667,0.028313793,1,1.909090909,0.954545455,0.0112
"587",1,401403963,"Texas A&M","LSU",0.4381,0,1,0.2167,0,1,0.547,1,10,47.5,13,2022,1,0,"SEC","SEC",275,-350,0,0,0.954545455,0.0619,0.266666667,0.777777778,-0.049966667,0.005522222,0,1,0,0,1.875,0.005522222,1,1.909090909,0.954545455,0.047
"588",0,401426386,"Texas State","Louisiana",0.4878,0,0,0.399,0,1,0.4563,0,5,44,13,2022,1,0,"Sun Belt","Sun Belt",175,-210,1,1.909090909,0.954545455,0.0122,0.363636364,0.677419355,0.035363636,-0.076419355,1,0,0,0,0.738095238,0.035363636,0,0,0.954545455,0.0437
"589",0,401415666,"SMU","Memphis",0.4875,0,1,0.5941,1,0,0.4287,0,-4.5,68.5,13,2022,1,0,"American Athletic","American Athletic",-200,170,1,1.909090909,0.954545455,0.0125,0.666666667,0.37037037,-0.072566667,0.03552963,0,1,0,0,0.75,0.03552963,1,1.909090909,0.954545455,0.0713
"590",0,401405153,"Ohio State","Michigan",0.4729,0,0,0.8141,1,1,0.4009,0,-9,56,13,2022,1,0,"Big Ten","Big Ten",-300,250,1,1.909090909,0.954545455,0.0271,0.75,0.285714286,0.0641,-0.099814286,1,0,0,0,1.75,0.0641,0,0,0.954545455,0.0991
"591",0,401405154,"Penn State","Michigan State",0.5765,1,1,0.9315,1,0,0.4856,0,-19,54.5,13,2022,1,0,"Big Ten","Big Ten",-1100,650,0,0,0.954545455,0.0765,0.916666667,0.133333333,0.014833333,-0.064833333,1,0,1,1.090909091,0.545454545,0.014833333,1,1.909090909,0.954545455,0.0144
"592",0,401405150,"Wisconsin","Minnesota",0.503,1,0,0.5114,1,1,0.4773,0,-3,36.5,13,2022,1,0,"Big Ten","Big Ten",-165,140,0,0,0.954545455,0.003,0.622641509,0.416666667,-0.111241509,0.071933333,0,1,1,2.4,1.2,0.071933333,0,0,0.954545455,0.0227
"593",0,401403956,"Ole Miss","Mississippi State",0.4267,0,0,0.4311,0,0,0.5095,1,-2.5,63,13,2022,1,0,"SEC","SEC",-140,120,1,1.909090909,0.954545455,0.0733,0.583333333,0.454545455,-0.152233333,0.114354545,0,1,1,2.2,1.1,0.114354545,0,0,0.954545455,0.0095
"594",0,401411172,"North Carolina","NC State",0.5191,1,0,0.6911,1,1,0.4935,0,-6.5,56,13,2022,1,0,"ACC","ACC",-250,210,0,0,0.954545455,0.0191,0.714285714,0.322580645,-0.023185714,-0.013680645,0,0,0,1,1.55,-0.013680645,0,0,0.954545455,0.0065
"595",1,401404133,"USC","Notre Dame",0.475,0,1,0.6358,1,1,0.4813,0,-4.5,62.5,13,2022,1,0,"Pac-12","FBS Independents",-230,190,0,0,0.954545455,0.025,0.696969697,0.344827586,-0.061169697,0.019372414,0,1,0,0,0.717391304,0.019372414,0,0,0.954545455,0.0187
"596",1,401404122,"Texas Tech","Oklahoma",0.5379,1,1,0.5481,1,1,0.6215,1,1.5,65.5,13,2022,1,0,"Big 12","Big 12",105,-125,1,1.909090909,0.954545455,0.0379,0.487804878,0.555555556,0.060295122,-0.103655556,1,0,1,2.05,1.025,0.060295122,1,1.909090909,0.954545455,0.1215
"597",0,401426389,"South Alabama","Old Dominion",0.3374,0,1,0.8507,1,0,0.492,0,-16.5,47,13,2022,1,0,"Sun Belt","Sun Belt",-850,550,1,1.909090909,0.954545455,0.1626,0.894736842,0.153846154,-0.044036842,-0.004546154,0,0,0,1,0.558823529,-0.004546154,1,1.909090909,0.954545455,0.008
"598",1,401404047,"Oregon State","Oregon",0.552,1,1,0.4893,0,1,0.5051,1,-1,57,13,2022,1,0,"Pac-12","Pac-12",150,-175,1,1.909090909,0.954545455,0.052,0.4,0.636363636,0.0893,-0.125663636,1,0,1,2.5,1.25,0.0893,1,1.909090909,0.954545455,0.0051
"599",0,401426385,"UL Monroe","Southern Miss",0.3033,0,0,0.2564,0,0,0.4742,0,3,50,13,2022,1,0,"Sun Belt","Sun Belt",135,-160,1,1.909090909,0.954545455,0.1967,0.425531915,0.615384615,-0.169131915,0.128215385,0,1,1,1.625,0.8125,0.128215385,1,1.909090909,0.954545455,0.0258
"600",0,401403964,"Vanderbilt","Tennessee",0.4485,0,0,0.0932,0,0,0.3707,0,14,64,13,2022,1,0,"SEC","SEC",400,-575,1,1.909090909,0.954545455,0.0515,0.2,0.851851852,-0.1068,0.054948148,0,1,1,1.173913043,0.586956522,0.054948148,1,1.909090909,0.954545455,0.1293
"601",1,401416651,"Western Michigan","Toledo",0.5046,1,1,0.2268,0,0,0.5607,1,8.5,50.5,13,2022,1,0,"Mid-American","Mid-American",255,-310,1,1.909090909,0.954545455,0.0046,0.281690141,0.756097561,-0.054890141,0.017102439,0,1,0,0,1.775,0.017102439,0,0,0.954545455,0.0607
"602",0,401426618,"UTSA","UTEP",0.5686,1,1,0.8743,1,1,0.5084,1,-16.5,56.5,13,2022,1,0,"Conference USA","Conference USA",-1100,650,0,0,0.954545455,0.0686,0.916666667,0.133333333,-0.042366667,-0.007633333,0,0,0,1,0.545454545,-0.007633333,1,1.909090909,0.954545455,0.0084
"603",0,401404051,"Washington State","Washington",0.509,1,0,0.486,0,1,0.4772,0,2.5,60,13,2022,1,0,"Pac-12","Pac-12",110,-130,0,0,0.954545455,0.009,0.476190476,0.565217391,0.009809524,-0.051217391,1,0,0,0,0.884615385,0.009809524,0,0,0.954545455,0.0228
"604",0,401506450,"Buffalo","Akron",0.4929,0,1,0.7184,1,0,0.5658,1,-12,55,14,2022,1,0,"Mid-American","Mid-American",-550,390,1,1.909090909,0.954545455,0.0071,0.846153846,0.204081633,-0.127753846,0.077518367,0,1,0,0,0.590909091,0.077518367,0,0,0.954545455,0.0658
"605",0,401437009,"North Carolina","Clemson",0.4418,0,0,0.2985,0,0,0.5102,1,7.5,64,14,2022,0,1,"ACC","ACC",255,-310,1,1.909090909,0.954545455,0.0582,0.281690141,0.756097561,0.016809859,-0.054597561,1,0,0,0,0.661290323,0.016809859,0,0,0.954545455,0.0102
"606",1,401437037,"Troy","Coastal Carolina",0.4839,0,1,0.7065,1,1,0.4617,0,-6.5,49,14,2022,1,0,"Sun Belt","Sun Belt",-280,230,0,0,0.954545455,0.0161,0.736842105,0.303030303,-0.030342105,-0.009530303,0,0,0,1,0.678571429,-0.009530303,0,0,0.954545455,0.0383
"607",0,401437036,"LSU","Georgia",0.4894,0,0,0.0875,0,1,0.5398,1,17.5,52,14,2022,0,1,"SEC","SEC",575,-900,1,1.909090909,0.954545455,0.0106,0.148148148,0.9,-0.060648148,0.0125,0,1,1,1.111111111,0.555555556,0.0125,1,1.909090909,0.954545455,0.0398
"608",0,401437030,"TCU","Kansas State",0.5191,1,0,0.4952,0,0,0.4984,0,1,60.5,14,2022,0,1,"Big 12","Big 12",-130,110,0,0,0.954545455,0.0191,0.565217391,0.476190476,-0.070017391,0.028609524,0,1,1,2.1,1.05,0.028609524,1,1.909090909,0.954545455,0.0016
"609",0,401437031,"Purdue","Michigan",0.5007,1,0,0.1553,0,1,0.4955,0,16,54,14,2022,0,1,"Big Ten","Big Ten",550,-850,0,0,0.954545455,7e-04,0.153846154,0.894736842,0.001453846,-0.050036842,1,0,0,0,0.558823529,0.001453846,0,0,0.954545455,0.0045
"610",1,401437032,"UTSA","North Texas",0.5045,1,1,0.7057,1,1,0.4622,0,-8.5,70,14,2022,1,0,"Conference USA","Conference USA",-310,255,1,1.909090909,0.954545455,0.0045,0.756097561,0.281690141,-0.050397561,0.012609859,0,1,0,0,0.661290323,0.012609859,0,0,0.954545455,0.0378
"611",1,401437033,"Toledo","Ohio",0.4366,0,1,0.6187,1,0,0.6008,1,-3.5,54.5,14,2022,0,1,"Mid-American","Mid-American",-125,105,0,0,0.954545455,0.0634,0.555555556,0.487804878,0.063144444,-0.106504878,1,0,1,1.8,0.9,0.063144444,0,0,0.954545455,0.1008
"612",0,401404145,"Navy","Army",0.4524,0,0,0.4612,0,1,0.3195,0,-2.5,32,15,2022,0,1,"American Athletic","FBS Independents",110,-130,1,1.909090909,0.954545455,0.0476,0.476190476,0.565217391,-0.014990476,-0.026417391,0,0,0,1,0.884615385,-0.014990476,0,0,0.954545455,0.1805
"613",0,401442040,"Baylor","Air Force",0.4207,0,0,0.6031,1,1,0.5608,1,-3.5,42.5,20,2022,0,1,"Big 12","Mountain West",210,-250,1,1.909090909,0.954545455,0.0793,0.322580645,0.714285714,0.280519355,-0.317385714,1,0,0,0,0.7,0.280519355,1,1.909090909,0.954545455,0.0608
"614",0,401442018,"Kansas State","Alabama",0.5082,1,0,0.2213,0,1,0.4659,0,7.5,58,20,2022,0,1,"Big 12","SEC",-195,165,0,0,0.954545455,0.0082,0.661016949,0.377358491,-0.439716949,0.401341509,0,1,1,2.65,1.325,0.401341509,0,0,0.954545455,0.0341
"615",0,401442030,"Kansas","Arkansas",0.4345,0,0,0.3534,0,1,0.6244,1,1,70,20,2022,0,1,"Big 12","SEC",170,-200,1,1.909090909,0.954545455,0.0655,0.37037037,0.666666667,-0.01697037,-0.020066667,0,0,0,1,0.75,-0.01697037,1,1.909090909,0.954545455,0.1244
"616",0,401441997,"SMU","BYU",0.4794,0,0,0.6919,1,0,0.3576,0,-4.5,65,20,2022,0,1,"American Athletic","FBS Independents",170,-200,1,1.909090909,0.954545455,0.0206,0.37037037,0.666666667,0.32152963,-0.358566667,1,0,0,0,0.75,0.32152963,1,1.909090909,0.954545455,0.1424
"617",1,401442001,"North Texas","Boise State",0.6048,1,0,0.3831,0,1,0.4567,0,11.5,63,20,2022,0,1,"Conference USA","Mountain West",-400,300,1,1.909090909,0.954545455,0.1048,0.8,0.25,-0.4169,0.3669,0,1,1,4,2,0.3669,0,0,0.954545455,0.0433
"618",1,401442037,"New Mexico State","Bowling Green",0.5238,1,1,0.5017,1,0,0.4958,0,3.5,50.5,20,2022,0,1,"FBS Independents","Mid-American",110,-130,1,1.909090909,0.954545455,0.0238,0.476190476,0.565217391,0.025509524,-0.066917391,1,0,1,2.1,1.05,0.025509524,1,1.909090909,0.954545455,0.0042
"619",0,401441998,"Georgia Southern","Buffalo",0.5382,1,0,0.7032,1,0,0.5884,1,-6,66.5,20,2022,0,1,"Sun Belt","Mid-American",-175,150,0,0,0.954545455,0.0382,0.636363636,0.4,0.066836364,-0.1032,1,0,0,0,1.25,0.066836364,0,0,0.954545455,0.0884
"620",1,401441995,"Louisville","Cincinnati",0.5477,1,1,0.5232,1,0,0.4579,0,-2.5,38.5,20,2022,0,1,"ACC","American Athletic",100,-120,1,1.909090909,0.954545455,0.0477,0.5,0.545454545,0.0232,-0.068654545,1,0,1,2,1,0.0232,1,1.909090909,0.954545455,0.0421
"621",1,401442019,"Tennessee","Clemson",0.4656,0,1,0.373,0,0,0.4934,0,4.5,61,20,2022,0,1,"SEC","ACC",-270,220,0,0,0.954545455,0.0344,0.72972973,0.3125,-0.35672973,0.3145,0,1,0,0,0.685185185,0.3145,1,1.909090909,0.954545455,0.0066
"622",1,401442002,"East Carolina","Coastal Carolina",0.5134,1,1,0.6956,1,1,0.4229,0,-7.5,67,20,2022,0,1,"American Athletic","Sun Belt",275,-350,1,1.909090909,0.954545455,0.0134,0.266666667,0.777777778,0.428933333,-0.473377778,1,0,1,3.75,1.875,0.428933333,0,0,0.954545455,0.0771
"623",0,401442008,"UCF","Duke",0.5317,1,0,0.484,0,0,0.5237,1,3.5,62.5,20,2022,0,1,"American Athletic","ACC",-110,-110,0,0,0.954545455,0.0317,0.523809524,0.523809524,-0.039809524,-0.007809524,0,0,0,1,0.954545455,-0.007809524,0,0,0.954545455,0.0237
"624",0,401442004,"San José State","Eastern Michigan",0.4609,0,0,0.5771,1,1,0.3571,0,-3.5,54,20,2022,0,1,"Mountain West","Mid-American",-175,150,1,1.909090909,0.954545455,0.0391,0.636363636,0.4,-0.059263636,0.0229,0,1,1,2.5,1.25,0.0229,0,0,0.954545455,0.1429
"625",1,401442033,"Oklahoma","Florida State",0.5071,1,0,0.1738,0,1,0.5442,1,10.5,66.5,20,2022,0,1,"Big 12","ACC",NA,-290,1,1.909090909,0.954545455,0.0071,NA,0.743589744,NA,0.082610256,NA,NA,NA,NA,0.672413793,NA,1,1.909090909,0.954545455,0.0442
"626",0,401442038,"Washington State","Fresno State",0.4855,0,0,0.2928,0,0,0.4347,0,5.5,54,20,2022,0,1,"Pac-12","Mountain West",-105,-115,1,1.909090909,0.954545455,0.0145,0.512195122,0.534883721,-0.219395122,0.172316279,0,1,1,1.869565217,0.934782609,0.172316279,1,1.909090909,0.954545455,0.0653
"627",0,401442042,"Louisiana","Houston",0.5192,1,0,0.3806,0,0,0.5031,1,5,56.5,20,2022,0,1,"Sun Belt","American Athletic",210,-250,0,0,0.954545455,0.0192,0.322580645,0.714285714,0.058019355,-0.094885714,1,0,0,0,0.7,0.058019355,0,0,0.954545455,0.0031
"628",1,401442011,"Mississippi State","Illinois",0.4803,0,1,0.5731,1,0,0.5439,1,-3.5,46.5,20,2022,0,1,"SEC","Big Ten",-115,-105,0,0,0.954545455,0.0197,0.534883721,0.512195122,0.038216279,-0.085295122,1,0,1,1.869565217,0.934782609,0.038216279,0,0,0.954545455,0.0439
"629",0,401442017,"Kentucky","Iowa",0.4573,0,0,0.4685,0,0,0.4564,0,3,31.5,20,2022,0,1,"SEC","Big Ten",110,-130,1,1.909090909,0.954545455,0.0427,0.476190476,0.565217391,-0.007690476,-0.033717391,0,0,0,1,0.884615385,-0.007690476,1,1.909090909,0.954545455,0.0436
"630",0,401442012,"Purdue","LSU",0.5576,1,0,0.1475,0,1,0.4735,0,15.5,54.5,20,2022,0,1,"Big Ten","SEC",-625,430,0,0,0.954545455,0.0576,0.862068966,0.188679245,-0.714568966,0.663820755,0,1,1,5.3,2.65,0.663820755,0,0,0.954545455,0.0265
"631",0,401442006,"Toledo","Liberty",0.4918,0,1,0.5025,1,0,0.5559,1,-3.5,51,20,2022,0,1,"Mid-American","FBS Independents",160,-185,1,1.909090909,0.954545455,0.0082,0.384615385,0.649122807,0.117884615,-0.151622807,1,0,1,2.6,1.3,0.117884615,0,0,0.954545455,0.0559
"632",0,401442003,"UConn","Marshall",0.602,1,0,0.2223,0,0,0.4502,0,12.5,42,20,2022,0,1,"FBS Independents","Sun Belt",-360,280,0,0,0.954545455,0.102,0.782608696,0.263157895,-0.560308696,0.514542105,0,1,1,3.8,1.9,0.514542105,1,1.909090909,0.954545455,0.0498
"633",0,401442035,"NC State","Maryland",0.4707,0,0,0.459,0,0,0.4698,0,-2,45.5,20,2022,0,1,"ACC","Big Ten",105,-125,1,1.909090909,0.954545455,0.0293,0.487804878,0.555555556,-0.028804878,-0.014555556,0,0,0,1,0.9,-0.014555556,1,1.909090909,0.954545455,0.0302
"634",0,401442000,"Utah State","Memphis",0.5289,1,0,0.2635,0,0,0.4302,0,8,57,20,2022,0,1,"Mountain West","American Athletic",-280,230,0,0,0.954545455,0.0289,0.736842105,0.303030303,-0.473342105,0.433469697,0,1,1,3.3,1.65,0.433469697,1,1.909090909,0.954545455,0.0698
"635",0,401441993,"UAB","Miami (OH)",0.6271,1,1,0.829,1,0,0.5028,1,-11,46,20,2022,0,1,"Conference USA","Mid-American",NA,NA,0,0,0.954545455,0.1271,NA,NA,NA,NA,NA,NA,NA,NA,NA,NA,0,0,0.954545455,0.0028
"636",0,401442009,"San Diego State","Middle Tennessee",0.4826,0,0,0.4862,0,1,0.5655,1,-7,47.5,20,2022,0,1,"Mountain West","Conference USA",-250,210,1,1.909090909,0.954545455,0.0174,0.714285714,0.322580645,-0.228085714,0.191219355,0,1,1,3.1,1.55,0.191219355,1,1.909090909,0.954545455,0.0655
"637",1,401442032,"Syracuse","Minnesota",0.4362,0,0,0.262,0,1,0.4421,0,10.5,44.5,20,2022,0,1,"ACC","Big Ten",-300,250,0,0,0.954545455,0.0638,0.75,0.285714286,-0.488,0.452285714,0,1,1,3.5,1.75,0.452285714,0,0,0.954545455,0.0579
"638",1,401442007,"Wake Forest","Missouri",0.4492,0,1,0.519,1,0,0.3582,0,-2.5,58.5,20,2022,0,1,"ACC","SEC",-140,120,0,0,0.954545455,0.0508,0.583333333,0.454545455,-0.064333333,0.026454545,0,1,0,0,0.857142857,0.026454545,1,1.909090909,0.954545455,0.1418
"639",0,401470891,"Oregon","North Carolina",0.446,0,1,0.6659,1,0,0.5136,1,-13,76,20,2022,0,1,"Pac-12","ACC",375,-525,1,1.909090909,0.954545455,0.054,0.210526316,0.84,0.455373684,-0.5059,1,0,1,4.75,2.375,0.455373684,0,0,0.954545455,0.0136
"640",0,401442036,"South Carolina","Notre Dame",0.4506,0,0,0.2363,0,1,0.434,0,5,50.5,20,2022,0,1,"SEC","FBS Independents",-140,120,1,1.909090909,0.954545455,0.0494,0.583333333,0.454545455,-0.347033333,0.309154545,0,1,1,2.2,1.1,0.309154545,0,0,0.954545455,0.066
"641",0,401443543,"Wyoming","Ohio",0.5118,1,0,0.5057,1,1,0.5313,1,3,43,20,2022,0,1,"Mountain West","Mid-American",-125,105,0,0,0.954545455,0.0118,0.555555556,0.487804878,-0.049855556,0.006495122,0,1,1,2.05,1.025,0.006495122,1,1.909090909,0.954545455,0.0313
"642",1,401442005,"Wisconsin","Oklahoma State",0.4953,0,1,0.5766,1,0,0.5528,1,-5,45,20,2022,0,1,"Big Ten","Big 12",NA,NA,0,0,0.954545455,0.0047,NA,NA,NA,NA,NA,NA,NA,NA,NA,NA,0,0,0.954545455,0.0528
"643",1,401442031,"Texas Tech","Ole Miss",0.66,1,1,0.4972,0,0,0.4738,0,4,72.5,20,2022,0,1,"Big 12","SEC",NA,160,1,1.909090909,0.954545455,0.16,NA,0.384615385,NA,0.118184615,NA,NA,NA,NA,NA,NA,1,1.909090909,0.954545455,0.0262
"644",0,401442014,"Utah","Penn State",0.4936,0,0,0.4152,0,1,0.4546,0,1.5,55,20,2022,0,1,"Pac-12","Big Ten",130,-150,1,1.909090909,0.954545455,0.0064,0.434782609,0.6,-0.019582609,-0.0152,0,0,0,1,0.833333333,-0.0152,0,0,0.954545455,0.0454
"645",0,401443542,"UCLA","Pittsburgh",0.5076,1,0,0.7236,1,1,0.4147,0,-8.5,54.5,20,2022,0,1,"Pac-12","ACC",-310,255,0,0,0.954545455,0.0076,0.756097561,0.281690141,-0.032497561,-0.005290141,0,0,0,1,1.775,-0.005290141,0,0,0.954545455,0.0853
"646",1,401442041,"Southern Miss","Rice",0.5562,1,1,0.7274,1,1,0.5002,1,-6.5,45.5,20,2022,0,1,"Sun Belt","Conference USA",-270,220,1,1.909090909,0.954545455,0.0562,0.72972973,0.3125,-0.00232973,-0.0399,0,0,0,1,0.685185185,-0.00232973,1,1.909090909,0.954545455,2e-04
"647",1,401442039,"Western Kentucky","South Alabama",0.5202,1,1,0.4408,0,1,0.475,0,3.5,57.5,20,2022,0,1,"Conference USA","Sun Belt",-210,175,1,1.909090909,0.954545455,0.0202,0.677419355,0.363636364,-0.236619355,0.195563636,0,1,0,0,0.738095238,0.195563636,0,0,0.954545455,0.025
"648",1,401442034,"Washington","Texas",0.4616,0,1,0.4099,0,0,0.5761,1,3.5,67.5,20,2022,0,1,"Pac-12","Big 12",-195,165,0,0,0.954545455,0.0384,0.661016949,0.377358491,-0.251116949,0.212741509,0,1,0,0,0.756410256,0.212741509,0,0,0.954545455,0.0761
"649",0,401441994,"UTSA","Troy",0.4896,0,0,0.5023,1,0,0.4778,0,-3,56.5,20,2022,0,1,"Conference USA","Sun Belt",-120,100,1,1.909090909,0.954545455,0.0104,0.545454545,0.5,-0.043154545,-0.0023,0,0,0,1,1,-0.0023,1,1.909090909,0.954545455,0.0222
"650",0,401442013,"USC","Tulane",0.5538,1,0,0.551,1,1,0.4733,0,-1.5,66.5,20,2022,0,1,"Pac-12","American Athletic",-130,110,0,0,0.954545455,0.0538,0.565217391,0.476190476,-0.014217391,-0.027190476,0,0,0,1,1.05,-0.014217391,0,0,0.954545455,0.0267
"651",1,401442015,"Ohio State","Georgia",0.3872,0,0,0.2621,0,1,0.487,0,5.5,62.5,22,2022,0,1,"Big Ten","SEC",210,-250,0,0,0.954545455,0.1128,0.322580645,0.714285714,-0.060480645,0.023614286,0,1,1,1.4,0.7,0.023614286,0,0,0.954545455,0.013
"652",1,401442016,"TCU","Michigan",0.5426,1,1,0.3363,0,1,0.461,0,8,56,22,2022,0,1,"Big 12","Big Ten",240,-290,1,1.909090909,0.954545455,0.0426,0.294117647,0.743589744,0.042182353,-0.079889744,1,0,1,3.4,1.7,0.042182353,0,0,0.954545455,0.039
"653",0,401442010,"TCU","Georgia",0.4953,0,0,0.1549,0,1,0.5066,1,13.5,61.5,23,2022,0,1,"Big 12","SEC",360,-500,1,1.909090909,0.954545455,0.0047,0.217391304,0.833333333,-0.062491304,0.011766667,0,1,1,1.2,0.6,0.011766667,1,1.909090909,0.954545455,0.0066
"654",0,401532584,"San José State","Air Force",0.5108,1,0,0.3479,0,1,0.542,1,6,45.5,4,2023,1,0,"Mountain West","Mountain West",215,-230,0,0,0.954545455,0.0108,0.317460317,0.696969697,0.030439683,-0.044869697,1,0,0,0,0.717391304,0.030439683,1,1.909090909,0.954545455,0.042
"655",0,401520256,"Indiana","Akron",0.4382,0,1,0.8673,1,1,0.5062,1,-16.5,46,4,2023,1,0,"Big Ten","Mid-American",-800,550,1,1.909090909,0.954545455,0.0618,0.888888889,0.153846154,-0.021588889,-0.021146154,0,0,0,1,0.5625,-0.021146154,1,1.909090909,0.954545455,0.0062
"656",0,401531870,"Wyoming","App State",0.4619,0,1,0.5953,1,0,0.4245,0,-3,44,4,2023,1,0,"Mountain West","Sun Belt",-155,130,1,1.909090909,0.954545455,0.0381,0.607843137,0.434782609,-0.012543137,-0.030082609,0,0,0,1,0.822580645,-0.012543137,1,1.909090909,0.954545455,0.0755
"657",1,401524016,"Stanford","Arizona",0.39,0,0,0.1503,0,0,0.6213,1,12.5,60,4,2023,1,0,"Pac-12","Pac-12",350,-470,0,0,0.954545455,0.11,0.222222222,0.824561404,-0.071922222,0.025138596,0,1,1,1.212765957,0.606382979,0.025138596,0,0,0.954545455,0.1213
"658",0,401520258,"LSU","Arkansas",0.5512,1,1,0.9259,1,1,0.5086,1,-17.5,55,4,2023,1,0,"SEC","SEC",-1000,625,0,0,0.954545455,0.0512,0.909090909,0.137931034,0.016809091,-0.063831034,1,0,1,1.1,0.55,0.016809091,1,1.909090909,0.954545455,0.0086
"659",0,401520268,"Syracuse","Army",0.6091,1,1,0.8557,1,0,0.3789,0,-13,49.5,4,2023,1,0,"ACC","FBS Independents",-500,400,0,0,0.954545455,0.1091,0.833333333,0.2,0.022366667,-0.0557,1,0,1,1.2,0.6,0.022366667,1,1.909090909,0.954545455,0.1211
"660",1,401520270,"Texas A&M","Auburn",0.536,1,1,0.7844,1,0,0.5222,1,-8.5,51,4,2023,1,0,"SEC","SEC",-360,275,1,1.909090909,0.954545455,0.036,0.782608696,0.266666667,0.001791304,-0.051066667,1,0,1,1.277777778,0.638888889,0.001791304,0,0,0.954545455,0.0222
"661",1,401525847,"Kansas","BYU",0.5584,1,1,0.7927,1,1,0.637,1,-9.5,54.5,4,2023,1,0,"Big 12","Big 12",-355,285,1,1.909090909,0.954545455,0.0584,0.78021978,0.25974026,0.01248022,-0.05244026,1,0,1,1.281690141,0.64084507,0.01248022,1,1.909090909,0.954545455,0.137
"662",1,401532583,"San Diego State","Boise State",0.5273,1,0,0.3067,0,1,0.6508,1,6.5,46.5,4,2023,1,0,"Mountain West","Mountain West",170,-250,1,1.909090909,0.954545455,0.0273,0.37037037,0.714285714,-0.06367037,-0.020985714,0,0,0,1,0.7,-0.020985714,1,1.909090909,0.954545455,0.1508
"663",1,401525506,"Louisville","Boston College",0.4504,0,1,0.8256,1,1,0.488,0,-14,54,4,2023,1,0,"ACC","ACC",-550,440,0,0,0.954545455,0.0496,0.846153846,0.185185185,-0.020553846,-0.010785185,0,0,0,1,0.590909091,-0.010785185,0,0,0.954545455,0.012
"664",0,401531875,"Louisiana","Buffalo",0.4716,0,1,0.8488,1,1,0.4392,0,-10,57.5,4,2023,1,0,"Sun Belt","Mid-American",-375,295,1,1.909090909,0.954545455,0.0284,0.789473684,0.253164557,0.059326316,-0.101964557,1,0,1,1.266666667,0.633333333,0.059326316,0,0,0.954545455,0.0608
"665",1,401524018,"Washington","California",0.4913,0,1,0.8541,1,1,0.5917,1,-20.5,57,4,2023,1,0,"Pac-12","Pac-12",-1050,675,0,0,0.954545455,0.0087,0.913043478,0.129032258,-0.058943478,0.016867742,0,1,0,0,0.547619048,0.016867742,1,1.909090909,0.954545455,0.0917
"666",0,401531876,"South Alabama","Central Michigan",0.4872,0,0,0.9097,1,1,0.4184,0,-16,47.5,4,2023,1,0,"Sun Belt","Mid-American",-750,490,1,1.909090909,0.954545455,0.0128,0.882352941,0.169491525,0.027347059,-0.079191525,1,0,0,0,2.95,0.027347059,0,0,0.954545455,0.0816
"667",0,401520251,"Florida","Charlotte",0.4489,0,1,0.8681,1,0,0.5239,1,-28,48.5,4,2023,1,0,"SEC","American Athletic",-5000,1800,1,1.909090909,0.954545455,0.0511,0.980392157,0.052631579,-0.112292157,0.079268421,0,1,0,0,0.51,0.079268421,0,0,0.954545455,0.0239
"668",1,401524015,"Oregon","Colorado",0.4852,0,1,0.9279,1,0,0.4669,0,-21,70,4,2023,1,0,"Pac-12","Pac-12",-950,625,0,0,0.954545455,0.0148,0.904761905,0.137931034,0.023138095,-0.065831034,1,0,1,1.105263158,0.552631579,0.023138095,1,1.909090909,0.954545455,0.0331
"669",0,401520262,"Middle Tennessee","Colorado State",0.4191,0,0,0.4662,0,1,0.4755,0,-3,51.5,4,2023,1,0,"Conference USA","Mountain West",-192,130,1,1.909090909,0.954545455,0.0809,0.657534247,0.434782609,-0.191334247,0.099017391,0,1,1,2.3,1.15,0.099017391,0,0,0.954545455,0.0245
"670",0,401520272,"UConn","Duke",0.443,0,0,0.0648,0,1,0.5591,1,22.5,44.5,4,2023,1,0,"FBS Independents","ACC",1000,-2100,1,1.909090909,0.954545455,0.057,0.090909091,0.954545455,-0.026109091,-0.019345455,0,0,0,1,0.523809524,-0.019345455,1,1.909090909,0.954545455,0.0591
"671",1,401520257,"Jacksonville State","Eastern Michigan",0.5727,1,1,0.8249,1,0,0.7046,1,-6.5,51,4,2023,1,0,"Conference USA","Mid-American",-250,200,1,1.909090909,0.954545455,0.0727,0.714285714,0.333333333,0.110614286,-0.158233333,1,0,1,1.4,0.7,0.110614286,0,0,0.954545455,0.2046
"672",0,401520255,"Illinois","Florida Atlantic",0.4357,0,1,0.8873,1,0,0.4895,0,-15.5,45.5,4,2023,1,0,"Big Ten","American Athletic",-700,525,1,1.909090909,0.954545455,0.0643,0.875,0.16,0.0123,-0.0473,1,0,1,1.142857143,0.571428571,0.0123,1,1.909090909,0.954545455,0.0105
"673",0,401525508,"Wake Forest","Georgia Tech",0.4472,0,0,0.6548,1,0,0.4561,0,-4,58.5,4,2023,1,0,"ACC","ACC",-180,160,1,1.909090909,0.954545455,0.0528,0.642857143,0.384615385,0.011942857,-0.039415385,1,0,0,0,1.3,0.011942857,1,1.909090909,0.954545455,0.0439
"674",1,401520265,"Penn State","Iowa",0.5127,1,1,0.8965,1,0,0.5271,1,-14.5,39.5,4,2023,1,0,"Big Ten","Big Ten",-700,470,1,1.909090909,0.954545455,0.0127,0.875,0.175438596,0.0215,-0.071938596,1,0,1,1.142857143,0.571428571,0.0215,0,0,0.954545455,0.0271
"675",0,401531872,"Utah State","James Madison",0.5078,1,0,0.3538,0,1,0.523,1,4.5,52.5,4,2023,1,0,"Mountain West","Sun Belt",180,-198,0,0,0.954545455,0.0078,0.357142857,0.66442953,-0.003342857,-0.01822953,0,0,0,1,0.752525253,-0.003342857,1,1.909090909,0.954545455,0.023
"676",0,401520274,"Vanderbilt","Kentucky",0.5041,1,0,0.2309,0,1,0.5202,1,13.5,50,4,2023,1,0,"SEC","SEC",400,-520,0,0,0.954545455,0.0041,0.2,0.838709677,0.0309,-0.069609677,1,0,0,0,0.596153846,0.0309,1,1.909090909,0.954545455,0.0202
"677",0,401520263,"Nebraska","Louisiana Tech",0.3512,0,1,0.8124,1,0,0.5429,1,-20.5,46.5,4,2023,1,0,"Big Ten","Conference USA",-1450,850,1,1.909090909,0.954545455,0.1488,0.935483871,0.105263158,-0.123083871,0.082336842,0,1,0,0,0.534482759,0.082336842,0,0,0.954545455,0.0429
"678",0,401520261,"Michigan State","Maryland",0.4682,0,0,0.2709,0,0,0.5348,1,7.5,52.5,4,2023,1,0,"Big Ten","Big Ten",230,-305,1,1.909090909,0.954545455,0.0318,0.303030303,0.75308642,-0.032130303,-0.02398642,0,0,0,1,0.663934426,-0.02398642,0,0,0.954545455,0.0348
"679",1,401520259,"Missouri","Memphis",0.4803,0,1,0.7477,1,1,0.4441,0,-6.5,51.5,4,2023,0,1,"SEC","American Athletic",-230,195,0,0,0.954545455,0.0197,0.696969697,0.338983051,0.050730303,-0.086683051,1,0,1,1.434782609,0.717391304,0.050730303,0,0,0.954545455,0.0559
"680",0,401525509,"Temple","Miami",0.43,0,0,0.088,0,1,0.5324,1,23.5,47,4,2023,1,0,"American Athletic","ACC",1200,-2400,1,1.909090909,0.954545455,0.07,0.076923077,0.96,0.011076923,-0.048,1,0,0,0,0.520833333,0.011076923,1,1.909090909,0.954545455,0.0324
"681",1,401520264,"Northwestern","Minnesota",0.4744,0,1,0.3162,0,1,0.5519,1,11.5,39.5,4,2023,1,0,"Big Ten","Big Ten",360,-440,0,0,0.954545455,0.0256,0.217391304,0.814814815,0.098808696,-0.131014815,1,0,1,4.6,2.3,0.098808696,1,1.909090909,0.954545455,0.0519
"682",1,401520267,"South Carolina","Mississippi State",0.4515,0,1,0.6343,1,1,0.5113,1,-6,47,4,2023,1,0,"SEC","SEC",-225,190,0,0,0.954545455,0.0485,0.692307692,0.344827586,-0.058007692,0.020872414,0,1,0,0,0.722222222,0.020872414,1,1.909090909,0.954545455,0.0113
"683",1,401525505,"Virginia","NC State",0.4118,0,0,0.2161,0,0,0.4332,0,7.5,48,4,2023,1,0,"ACC","ACC",260,-310,0,0,0.954545455,0.0882,0.277777778,0.756097561,-0.061677778,0.027802439,0,1,1,1.322580645,0.661290323,0.027802439,1,1.909090909,0.954545455,0.0668
"684",0,401531877,"Texas State","Nevada",0.5353,1,1,0.923,1,0,0.5162,1,-17,59,4,2023,1,0,"Sun Belt","Mountain West",-950,575,0,0,0.954545455,0.0353,0.904761905,0.148148148,0.018238095,-0.071148148,1,0,1,1.105263158,0.552631579,0.018238095,0,0,0.954545455,0.0162
"685",0,401525510,"Pittsburgh","North Carolina",0.3902,0,0,0.2298,0,1,0.5686,1,7.5,50,4,2023,1,0,"ACC","ACC",215,-290,1,1.909090909,0.954545455,0.1098,0.317460317,0.743589744,-0.087660317,0.026610256,0,1,1,1.344827586,0.672413793,0.026610256,1,1.909090909,0.954545455,0.0686
"686",1,401524019,"Washington State","Oregon State",0.4826,0,1,0.3905,0,1,0.4728,0,3,59,4,2023,1,0,"Pac-12","Pac-12",130,-155,0,0,0.954545455,0.0174,0.434782609,0.607843137,-0.044282609,0.001656863,0,1,0,0,1.15,0.001656863,0,0,0.954545455,0.0272
"687",1,401531423,"South Florida","Rice",0.4365,0,1,0.4403,0,1,0.5018,1,2.5,58,4,2023,1,0,"American Athletic","American Athletic",136,-142,0,0,0.954545455,0.0635,0.423728814,0.58677686,0.016571186,-0.02707686,1,0,1,2.36,1.18,0.016571186,1,1.909090909,0.954545455,0.0018
"688",1,401525849,"TCU","SMU",0.4054,0,1,0.6214,1,0,0.5604,1,-6.5,62,4,2023,1,0,"Big 12","American Athletic",-270,225,0,0,0.954545455,0.0946,0.72972973,0.307692308,-0.10832973,0.070907692,0,1,0,0,0.685185185,0.070907692,0,0,0.954545455,0.0604
"689",1,401525850,"West Virginia","Texas Tech",0.4479,0,1,0.3247,0,0,0.7217,1,6,54.5,4,2023,1,0,"Big 12","Big 12",190,-225,0,0,0.954545455,0.0521,0.344827586,0.692307692,-0.020127586,-0.017007692,0,0,0,1,1.45,-0.017007692,0,0,0.954545455,0.2217
"690",1,401524017,"Utah","UCLA",0.4265,0,1,0.6399,1,0,0.5253,1,-5.5,52.5,4,2023,1,0,"Pac-12","Pac-12",-175,190,0,0,0.954545455,0.0735,0.636363636,0.344827586,0.003536364,0.015272414,0,1,0,0,0.785714286,0.015272414,0,0,0.954545455,0.0253
"691",0,401520273,"UTEP","UNLV",0.467,0,0,0.5099,1,1,0.4711,0,2.5,50,4,2023,1,0,"Conference USA","Mountain West",-115,-130,1,1.909090909,0.954545455,0.033,0.534883721,0.565217391,-0.024983721,-0.075117391,0,0,0,1,0.884615385,-0.024983721,0,0,0.954545455,0.0289
"692",0,401520285,"Mississippi State","Alabama",0.4767,0,0,0.1043,0,1,0.4077,0,14.5,47,5,2023,1,0,"SEC","SEC",500,-700,1,1.909090909,0.954545455,0.0233,0.166666667,0.875,-0.062366667,0.0207,0,1,1,1.142857143,0.571428571,0.0207,0,0,0.954545455,0.0923
"693",1,401531882,"UL Monroe","App State",0.4394,0,0,0.2421,0,1,0.4647,0,13.5,51,5,2023,1,0,"Sun Belt","Sun Belt",410,-550,0,0,0.954545455,0.0606,0.196078431,0.846153846,0.046021569,-0.088253846,1,0,0,0,0.590909091,0.046021569,0,0,0.954545455,0.0353
"694",0,401524022,"California","Arizona State",0.548,1,1,0.8305,1,0,0.3922,0,-12.5,47.5,5,2023,1,0,"Pac-12","Pac-12",-455,350,0,0,0.954545455,0.048,0.81981982,0.222222222,0.01068018,-0.052722222,1,0,1,1.21978022,0.60989011,0.01068018,1,1.909090909,0.954545455,0.1078
"695",1,401520279,"Texas A&M","Arkansas",0.5177,1,1,0.779,1,1,0.5018,1,-6,54,5,2023,0,1,"SEC","SEC",-245,200,1,1.909090909,0.954545455,0.0177,0.710144928,0.333333333,0.068855072,-0.112333333,1,0,1,1.408163265,0.704081633,0.068855072,1,1.909090909,0.954545455,0.0018
"696",0,401526836,"Massachusetts","Arkansas State",0.5133,1,0,0.5136,1,1,0.3624,0,-1,55,5,2023,1,0,"FBS Independents","Sun Belt",-115,-105,0,0,0.954545455,0.0133,0.534883721,0.512195122,-0.021283721,-0.025795122,0,0,0,1,0.976190476,-0.021283721,0,0,0.954545455,0.1376
"697",1,401532409,"Western Michigan","Ball State",0.4111,0,1,0.4957,0,1,0.4516,0,-1.5,50.5,5,2023,1,0,"Mid-American","Mid-American",-122,102,0,0,0.954545455,0.0889,0.54954955,0.495049505,-0.05384955,0.009250495,0,1,0,0,0.909836066,0.009250495,0,0,0.954545455,0.0484
"698",0,401525856,"UCF","Baylor",0.4394,0,0,0.8951,1,1,0.557,1,-12.5,55,5,2023,1,0,"Big 12","Big 12",-470,360,1,1.909090909,0.954545455,0.0606,0.824561404,0.217391304,0.070538596,-0.112491304,1,0,0,0,2.3,0.070538596,1,1.909090909,0.954545455,0.057
"699",0,401531429,"Memphis","Boise State",0.4467,0,1,0.5863,1,1,0.4444,0,-3.5,60,5,2023,1,0,"American Athletic","Mountain West",-170,142,1,1.909090909,0.954545455,0.0533,0.62962963,0.41322314,-0.04332963,0.00047686,0,1,0,0,0.794117647,0.00047686,0,0,0.954545455,0.0556
"700",0,401525515,"Georgia Tech","Bowling Green",0.4102,0,0,0.9029,1,1,0.6404,1,-22,51.5,5,2023,1,0,"ACC","Mid-American",-1800,1000,1,1.909090909,0.954545455,0.0898,0.947368421,0.090909091,-0.044468421,0.006190909,0,1,1,11,5.5,0.006190909,1,1.909090909,0.954545455,0.1404
"701",0,401531404,"SMU","Charlotte",0.5429,1,1,0.9378,1,0,0.4548,0,-23.5,53.5,5,2023,1,0,"American Athletic","American Athletic",-2100,1100,0,0,0.954545455,0.0429,0.954545455,0.083333333,-0.016745455,-0.021133333,0,0,0,1,0.523809524,-0.016745455,1,1.909090909,0.954545455,0.0452
"702",0,401525514,"Syracuse","Clemson",0.5312,1,0,0.4193,0,0,0.446,0,6.5,53,5,2023,1,0,"ACC","ACC",205,-250,0,0,0.954545455,0.0312,0.327868852,0.714285714,0.091431148,-0.133585714,1,0,0,0,0.7,0.091431148,1,1.909090909,0.954545455,0.054
"703",1,401531878,"Georgia Southern","Coastal Carolina",0.5024,1,1,0.6589,1,1,0.4982,0,-6.5,64.5,5,2023,1,0,"Sun Belt","Sun Belt",-245,200,1,1.909090909,0.954545455,0.0024,0.710144928,0.333333333,-0.051244928,0.007766667,0,1,0,0,0.704081633,0.007766667,0,0,0.954545455,0.0018
"704",1,401531414,"Rice","East Carolina",0.6333,1,1,0.7674,1,0,0.4806,0,-3.5,46.5,5,2023,1,0,"American Athletic","American Athletic",-175,145,1,1.909090909,0.954545455,0.1333,0.636363636,0.408163265,0.131036364,-0.175563265,1,0,1,1.571428571,0.785714286,0.131036364,1,1.909090909,0.954545455,0.0194
"705",1,401520282,"Kentucky","Florida",0.5557,1,1,0.6375,1,1,0.4045,0,-1.5,45,5,2023,1,0,"SEC","SEC",-122,102,1,1.909090909,0.954545455,0.0557,0.54954955,0.495049505,0.08795045,-0.132549505,1,0,1,1.819672131,0.909836066,0.08795045,0,0,0.954545455,0.0955
"706",1,401525855,"Texas Tech","Houston",0.5516,1,1,0.8322,1,1,0.4746,0,-8.5,50.5,5,2023,1,0,"Big 12","Big 12",-325,260,1,1.909090909,0.954545455,0.0516,0.764705882,0.277777778,0.067494118,-0.109977778,1,0,1,1.307692308,0.653846154,0.067494118,0,0,0.954545455,0.0254
"707",1,401520289,"Purdue","Illinois",0.522,1,1,0.4839,0,1,0.4817,0,-1,53.5,5,2023,1,0,"Big Ten","Big Ten",-115,-105,1,1.909090909,0.954545455,0.022,0.534883721,0.512195122,-0.050983721,0.003904878,0,1,0,0,0.934782609,0.003904878,0,0,0.954545455,0.0183
"708",1,401520283,"Maryland","Indiana",0.5895,1,1,0.8757,1,1,0.556,1,-14,50,5,2023,1,0,"Big Ten","Big Ten",-650,470,1,1.909090909,0.954545455,0.0895,0.866666667,0.175438596,0.009033333,-0.051138596,1,0,1,1.153846154,0.576923077,0.009033333,1,1.909090909,0.954545455,0.056
"709",1,401525852,"Oklahoma","Iowa State",0.4388,0,1,0.8627,1,1,0.4599,0,-20,48.5,5,2023,1,0,"Big 12","Big 12",-1350,800,0,0,0.954545455,0.0612,0.931034483,0.111111111,-0.068334483,0.026188889,0,1,0,0,0.537037037,0.026188889,0,0,0.954545455,0.0401
"710",0,401520276,"Sam Houston","Jacksonville State",0.4186,0,0,0.2432,0,1,0.6677,1,6.5,36.5,5,2023,1,0,"Conference USA","Conference USA",210,-258,1,1.909090909,0.954545455,0.0814,0.322580645,0.720670391,-0.079380645,0.036129609,0,1,1,1.387596899,0.69379845,0.036129609,1,1.909090909,0.954545455,0.1677
"711",1,401525854,"Texas","Kansas",0.4915,0,1,0.8713,1,0,0.5574,1,-16.5,61,5,2023,1,0,"Big 12","Big 12",-900,600,0,0,0.954545455,0.0085,0.9,0.142857143,-0.0287,-0.014157143,0,0,0,1,0.555555556,-0.014157143,0,0,0.954545455,0.0574
"712",1,401520288,"Ole Miss","LSU",0.5118,1,1,0.5041,1,1,0.4294,0,2.5,67,5,2023,1,0,"SEC","SEC",120,-142,1,1.909090909,0.954545455,0.0118,0.454545455,0.58677686,0.049554545,-0.09087686,1,0,1,2.2,1.1,0.049554545,0,0,0.954545455,0.0706
"713",0,401520284,"Minnesota","Louisiana",0.5284,1,1,0.7717,1,1,0.41,0,-11,48.5,5,2023,1,0,"Big Ten","Sun Belt",-440,340,0,0,0.954545455,0.0284,0.814814815,0.227272727,-0.043114815,0.001027273,0,1,0,0,0.613636364,0.001027273,0,0,0.954545455,0.09
"714",0,401520278,"UTEP","Louisiana Tech",0.5083,1,0,0.4789,0,0,0.5145,1,-1,50.5,5,2023,1,0,"Conference USA","Conference USA",-115,-105,0,0,0.954545455,0.0083,0.534883721,0.512195122,-0.055983721,0.008904878,0,1,1,1.952380952,0.976190476,0.008904878,0,0,0.954545455,0.0145
"715",1,401525512,"NC State","Louisville",0.4967,0,0,0.4183,0,0,0.4337,0,3.5,55.5,5,2023,1,0,"ACC","ACC",160,-192,0,0,0.954545455,0.0033,0.384615385,0.657534247,0.033684615,-0.075834247,1,0,0,0,0.760416667,0.033684615,1,1.909090909,0.954545455,0.0663
"716",0,401520286,"Nebraska","Michigan",0.3994,0,0,0.0739,0,1,0.455,0,17,39,5,2023,1,0,"Big Ten","Big Ten",625,-950,1,1.909090909,0.954545455,0.1006,0.137931034,0.904761905,-0.064031034,0.021338095,0,1,1,1.105263158,0.552631579,0.021338095,0,0,0.954545455,0.045
"717",1,401520277,"Western Kentucky","Middle Tennessee",0.5437,1,1,0.7678,1,0,0.4335,0,-7,60,5,2023,1,0,"Conference USA","Conference USA",-278,225,1,1.909090909,0.954545455,0.0437,0.735449735,0.307692308,0.032350265,-0.075492308,1,0,1,1.35971223,0.679856115,0.032350265,1,1.909090909,0.954545455,0.0665
"718",0,401520293,"Vanderbilt","Missouri",0.4787,0,0,0.2216,0,1,0.4034,0,13.5,54.5,5,2023,1,0,"SEC","SEC",410,-550,1,1.909090909,0.954545455,0.0213,0.196078431,0.846153846,0.025521569,-0.067753846,1,0,0,0,0.590909091,0.025521569,0,0,0.954545455,0.0966
"719",0,401532588,"Wyoming","New Mexico",0.6091,1,1,0.8985,1,1,0.4317,0,-14,41,5,2023,1,0,"Mountain West","Mountain West",-625,455,0,0,0.954545455,0.1091,0.862068966,0.18018018,0.036431034,-0.07868018,1,0,1,1.16,0.58,0.036431034,0,0,0.954545455,0.0683
"720",0,401532411,"Toledo","Northern Illinois",0.4269,0,1,0.7458,1,1,0.5016,1,-13,47,5,2023,1,0,"Mid-American","Mid-American",-520,390,1,1.909090909,0.954545455,0.0731,0.838709677,0.204081633,-0.092909677,0.050118367,0,1,0,0,0.596153846,0.050118367,1,1.909090909,0.954545455,0.0016
"721",0,401524024,"Stanford","Oregon",0.5236,1,0,0.1301,0,0,0.5404,1,27,61,5,2023,1,0,"Pac-12","Pac-12",1700,-4500,0,0,0.954545455,0.0236,0.055555556,0.97826087,0.074544444,-0.10836087,1,0,0,0,0.511111111,0.074544444,0,0,0.954545455,0.0404
"722",1,401525516,"Virginia Tech","Pittsburgh",0.6276,1,1,0.7569,1,1,0.5271,1,2.5,39.5,5,2023,1,0,"ACC","ACC",114,-135,1,1.909090909,0.954545455,0.1276,0.46728972,0.574468085,0.28961028,-0.331368085,1,0,1,2.14,1.07,0.28961028,1,1.909090909,0.954545455,0.0271
"723",1,401520291,"Tennessee","South Carolina",0.5449,1,1,0.8472,1,0,0.4805,0,-12.5,63.5,5,2023,1,0,"SEC","SEC",-470,360,1,1.909090909,0.954545455,0.0449,0.824561404,0.217391304,0.022638596,-0.064591304,1,0,1,1.212765957,0.606382979,0.022638596,1,1.909090909,0.954545455,0.0195
"724",1,401531339,"Tulsa","Temple",0.4967,0,1,0.5626,1,1,0.4268,0,-3,55,5,2023,1,0,"American Athletic","American Athletic",-162,136,0,0,0.954545455,0.0033,0.618320611,0.423728814,-0.055720611,0.013671186,0,1,0,0,0.808641975,0.013671186,0,0,0.954545455,0.0732
"725",0,401520310,"Texas A&M","Alabama",0.4754,0,0,0.4984,0,0,0.6148,1,1,46,6,2023,1,0,"SEC","SEC",110,-115,1,1.909090909,0.954545455,0.0246,0.476190476,0.534883721,0.022209524,-0.033283721,1,0,0,0,0.934782609,0.022209524,0,0,0.954545455,0.1148
"726",0,401524025,"USC","Arizona",0.4216,0,1,0.8867,1,1,0.4509,0,-21.5,72,6,2023,1,0,"Pac-12","Pac-12",-1800,1100,1,1.909090909,0.954545455,0.0784,0.947368421,0.083333333,-0.060668421,0.029966667,0,1,0,0,0.527777778,0.029966667,0,0,0.954545455,0.0491
"727",0,401520308,"Ole Miss","Arkansas",0.5844,1,1,0.8954,1,0,0.407,0,-11.5,62.5,6,2023,1,0,"SEC","SEC",-470,350,0,0,0.954545455,0.0844,0.824561404,0.222222222,0.070838596,-0.117622222,1,0,1,1.212765957,0.606382979,0.070838596,1,1.909090909,0.954545455,0.093
"728",1,401531887,"Troy","Arkansas State",0.5007,1,1,0.8688,1,0,0.4803,0,-16,52,6,2023,1,0,"Sun Belt","Sun Belt",-700,550,1,1.909090909,0.954545455,7e-04,0.875,0.153846154,-0.0062,-0.022646154,0,0,0,1,0.571428571,-0.0062,1,1.909090909,0.954545455,0.0197
"729",1,401532414,"Eastern Michigan","Ball State",0.5123,1,1,0.606,1,0,0.5284,1,-2.5,43,6,2023,1,0,"Mid-American","Mid-American",-130,120,1,1.909090909,0.954545455,0.0123,0.565217391,0.454545455,0.040782609,-0.060545455,1,0,1,1.769230769,0.884615385,0.040782609,0,0,0.954545455,0.0284
"730",1,401532416,"Miami (OH)","Bowling Green",0.579,1,1,0.7757,1,0,0.5136,1,-10,44.5,6,2023,1,0,"Mid-American","Mid-American",-355,310,1,1.909090909,0.954545455,0.079,0.78021978,0.243902439,-0.00451978,-0.019602439,0,0,0,1,0.64084507,-0.00451978,0,0,0.954545455,0.0136
"731",1,401532590,"Utah State","Colorado State",0.604,1,1,0.6595,1,1,0.4942,0,3,62.5,6,2023,1,0,"Mountain West","Mountain West",124,-155,1,1.909090909,0.954545455,0.104,0.446428571,0.607843137,0.213071429,-0.267343137,1,0,1,2.24,1.12,0.213071429,0,0,0.954545455,0.0058
"732",1,401520297,"New Mexico State","Florida International",0.5339,1,1,0.6647,1,1,0.391,0,-6.5,49,6,2023,1,0,"Conference USA","Conference USA",-245,205,1,1.909090909,0.954545455,0.0339,0.710144928,0.327868852,-0.045444928,0.007431148,0,1,0,0,0.704081633,0.007431148,0,0,0.954545455,0.109
"733",1,401532591,"Wyoming","Fresno State",0.5691,1,1,0.3707,0,0,0.5421,1,6,44.5,6,2023,1,0,"Mountain West","Mountain West",160,-230,1,1.909090909,0.954545455,0.0691,0.384615385,0.696969697,-0.013915385,-0.067669697,0,0,0,1,1.3,-0.013915385,0,0,0.954545455,0.0421
"734",0,401525519,"Miami","Georgia Tech",0.5178,1,0,0.9082,1,0,0.4981,0,-19.5,57.5,6,2023,1,0,"ACC","ACC",-1200,800,0,0,0.954545455,0.0178,0.923076923,0.111111111,-0.014876923,-0.019311111,0,0,0,1,4.5,-0.014876923,1,1.909090909,0.954545455,0.0019
"735",0,401520294,"Middle Tennessee","Jacksonville State",0.3748,0,0,0.1995,0,1,0.3812,0,-3.5,52,6,2023,1,0,"Conference USA","Conference USA",-142,145,1,1.909090909,0.954545455,0.1252,0.58677686,0.408163265,-0.38727686,0.392336735,0,1,1,2.45,1.225,0.392336735,0,0,0.954545455,0.1188
"736",1,401525857,"Oklahoma State","Kansas State",0.5227,1,1,0.2605,0,0,0.4708,0,11.5,53.5,6,2023,1,0,"Big 12","Big 12",360,-440,1,1.909090909,0.954545455,0.0227,0.217391304,0.814814815,0.043108696,-0.075314815,1,0,1,4.6,2.3,0.043108696,1,1.909090909,0.954545455,0.0292
"737",0,401532417,"Ohio","Kent State",0.532,1,1,0.9407,1,1,0.4599,0,-26,45.5,6,2023,1,0,"Mid-American","Mid-American",-2800,1400,0,0,0.954545455,0.032,0.965517241,0.066666667,-0.024817241,-0.007366667,0,0,0,1,0.517857143,-0.007366667,0,0,0.954545455,0.0401
"738",0,401520305,"Missouri","LSU",0.4402,0,0,0.3563,0,1,0.4081,0,4,65,6,2023,1,0,"SEC","SEC",200,-192,1,1.909090909,0.954545455,0.0598,0.333333333,0.657534247,0.022966667,-0.013834247,1,0,0,0,0.760416667,0.022966667,0,0,0.954545455,0.0919
"739",1,401525521,"NC State","Marshall",0.5205,1,1,0.6523,1,1,0.4019,0,-6.5,44.5,6,2023,1,0,"ACC","Sun Belt",-258,215,1,1.909090909,0.954545455,0.0205,0.720670391,0.317460317,-0.068370391,0.030239683,0,1,0,0,0.69379845,0.030239683,0,0,0.954545455,0.0981
"740",0,401520307,"Ohio State","Maryland",0.5436,1,1,0.9216,1,0,0.5745,1,-20,57,6,2023,1,0,"Big Ten","Big Ten",-950,800,0,0,0.954545455,0.0436,0.904761905,0.111111111,0.016838095,-0.032711111,1,0,1,1.105263158,0.552631579,0.016838095,0,0,0.954545455,0.0745
"741",0,401520303,"Minnesota","Michigan",0.4796,0,0,0.1098,0,1,0.3779,0,18,46,6,2023,1,0,"Big Ten","Big Ten",800,-1100,1,1.909090909,0.954545455,0.0204,0.111111111,0.916666667,-0.001311111,-0.026466667,0,0,0,1,0.545454545,-0.001311111,0,0,0.954545455,0.1221
"742",0,401525861,"Texas","Oklahoma",0.5435,1,0,0.593,1,1,0.4589,0,-5.5,60.5,6,2023,0,1,"Big 12","Big 12",-225,154,0,0,0.954545455,0.0435,0.692307692,0.393700787,-0.099307692,0.013299213,0,1,1,2.54,1.27,0.013299213,0,0,0.954545455,0.0411
"743",0,401531886,"Southern Miss","Old Dominion",0.4495,0,0,0.3109,0,0,0.3748,0,-1.5,58,6,2023,1,0,"Sun Belt","Sun Belt",-155,102,1,1.909090909,0.954545455,0.0505,0.607843137,0.495049505,-0.296943137,0.194050495,0,1,1,2.02,1.01,0.194050495,1,1.909090909,0.954545455,0.1252
"744",0,401520311,"Wisconsin","Rutgers",0.4855,0,1,0.8423,1,0,0.4503,0,-13,44,6,2023,1,0,"Big Ten","Big Ten",-500,380,1,1.909090909,0.954545455,0.0145,0.833333333,0.208333333,0.008966667,-0.050633333,1,0,1,1.2,0.6,0.008966667,1,1.909090909,0.954545455,0.0497
"745",0,401531885,"UL Monroe","South Alabama",0.4115,0,0,0.1775,0,1,0.4102,0,10,51,6,2023,1,0,"Sun Belt","Sun Belt",320,-360,1,1.909090909,0.954545455,0.0885,0.238095238,0.782608696,-0.060595238,0.039891304,0,1,1,1.277777778,0.638888889,0.039891304,0,0,0.954545455,0.0898
"746",1,401531380,"UAB","South Florida",0.3068,0,1,0.1912,0,1,0.4568,0,3.5,68.5,6,2023,1,0,"American Athletic","American Athletic",130,-166,0,0,0.954545455,0.1932,0.434782609,0.62406015,-0.243582609,0.18473985,0,1,0,0,1.15,0.18473985,0,0,0.954545455,0.0432
"747",0,401532420,"Central Michigan","Akron",0.5179,1,1,0.7321,1,0,0.5511,1,-10,43,7,2023,1,0,"Mid-American","Mid-American",-440,320,0,0,0.954545455,0.0179,0.814814815,0.238095238,-0.082714815,0.029804762,0,1,0,0,0.613636364,0.029804762,0,0,0.954545455,0.0511
"748",0,401524030,"Washington State","Arizona",0.4109,0,0,0.6176,1,0,0.5663,1,-7.5,57.5,7,2023,1,0,"Pac-12","Pac-12",-290,230,1,1.909090909,0.954545455,0.0891,0.743589744,0.303030303,-0.125989744,0.079369697,0,1,1,3.3,1.65,0.079369697,0,0,0.954545455,0.0663
"749",1,401520319,"LSU","Auburn",0.4223,0,1,0.8127,1,1,0.4399,0,-11.5,60.5,7,2023,1,0,"SEC","SEC",-380,330,0,0,0.954545455,0.0777,0.791666667,0.23255814,0.021033333,-0.04525814,1,0,1,1.263157895,0.631578947,0.021033333,0,0,0.954545455,0.0601
"750",1,401525865,"TCU","BYU",0.5437,1,1,0.6777,1,1,0.4878,0,-5,52.5,7,2023,1,0,"Big 12","Big 12",-205,170,1,1.909090909,0.954545455,0.0437,0.672131148,0.37037037,0.005568852,-0.04807037,1,0,1,1.487804878,0.743902439,0.005568852,0,0,0.954545455,0.0122
"751",1,401532593,"Colorado State","Boise State",0.5142,1,1,0.2783,0,1,0.3841,0,8.5,60.5,7,2023,1,0,"Mountain West","Mountain West",250,-345,1,1.909090909,0.954545455,0.0142,0.285714286,0.775280899,-0.007414286,-0.053580899,0,0,0,1,1.75,-0.007414286,0,0,0.954545455,0.1159
"752",0,401532421,"Buffalo","Bowling Green",0.4819,0,0,0.4851,0,0,0.4756,0,-4,44,7,2023,1,0,"Mid-American","Mid-American",-155,154,1,1.909090909,0.954545455,0.0181,0.607843137,0.393700787,-0.122743137,0.121199213,0,1,1,2.54,1.27,0.121199213,1,1.909090909,0.954545455,0.0244
"753",1,401524033,"Utah","California",0.4887,0,1,0.7657,1,1,0.4763,0,-11,44,7,2023,1,0,"Pac-12","Pac-12",-375,320,0,0,0.954545455,0.0113,0.789473684,0.238095238,-0.023773684,-0.003795238,0,0,0,1,0.633333333,-0.003795238,0,0,0.954545455,0.0237
"754",0,401520325,"South Carolina","Florida",0.5127,1,0,0.5154,1,1,0.5515,1,-2.5,50,7,2023,1,0,"SEC","SEC",-110,114,0,0,0.954545455,0.0127,0.523809524,0.46728972,-0.008409524,0.01731028,0,1,1,2.14,1.07,0.01731028,1,1.909090909,0.954545455,0.0515
"755",0,401531420,"South Florida","Florida Atlantic",0.5567,1,0,0.7032,1,1,0.4073,0,-2.5,61,7,2023,1,0,"American Athletic","American Athletic",-155,120,0,0,0.954545455,0.0567,0.607843137,0.454545455,0.095356863,-0.157745455,1,0,0,0,1.1,0.095356863,0,0,0.954545455,0.0927
"756",1,401532594,"Utah State","Fresno State",0.4855,0,0,0.3383,0,1,0.4753,0,7,60.5,7,2023,1,0,"Mountain West","Mountain West",185,-298,0,0,0.954545455,0.0145,0.350877193,0.748743719,-0.012577193,-0.087043719,0,0,0,1,0.667785235,-0.012577193,0,0,0.954545455,0.0247
"757",1,401520327,"Vanderbilt","Georgia",0.4929,0,0,0.0948,0,1,0.4774,0,32.5,55,7,2023,1,0,"SEC","SEC",2500,-20000,0,0,0.954545455,0.0071,0.038461538,0.995024876,0.056338462,-0.089824876,1,0,0,0,0.5025,0.056338462,0,0,0.954545455,0.0226
"758",1,401531890,"James Madison","Georgia Southern",0.4448,0,1,0.672,1,0,0.5602,1,-6,59.5,7,2023,1,0,"Sun Belt","Sun Belt",-218,190,0,0,0.954545455,0.0552,0.685534591,0.344827586,-0.013534591,-0.016827586,0,0,0,1,0.729357798,-0.013534591,0,0,0.954545455,0.0602
"759",0,401520320,"Maryland","Illinois",0.4745,0,0,0.8624,1,0,0.4904,0,-13.5,51,7,2023,1,0,"Big Ten","Big Ten",-535,400,1,1.909090909,0.954545455,0.0255,0.842519685,0.2,0.019880315,-0.0624,1,0,0,0,2.5,0.019880315,1,1.909090909,0.954545455,0.0096
"760",1,401520321,"Michigan","Indiana",0.5817,1,1,0.9454,1,1,0.4453,0,-34,45.5,7,2023,1,0,"Big Ten","Big Ten",NA,NA,1,1.909090909,0.954545455,0.0817,NA,NA,NA,NA,NA,NA,NA,NA,NA,NA,0,0,0.954545455,0.0547
"761",0,401520328,"Wisconsin","Iowa",0.4686,0,0,0.7681,1,0,0.5339,1,-9.5,35,7,2023,1,0,"Big Ten","Big Ten",-340,250,1,1.909090909,0.954545455,0.0314,0.772727273,0.285714286,-0.004627273,-0.053814286,0,0,0,1,1.75,-0.004627273,0,0,0.954545455,0.0339
"762",1,401525864,"Oklahoma State","Kansas",0.5244,1,1,0.5352,1,1,0.5935,1,3,54,7,2023,1,0,"Big 12","Big 12",124,-135,1,1.909090909,0.954545455,0.0244,0.446428571,0.574468085,0.088771429,-0.109668085,1,0,1,2.24,1.12,0.088771429,1,1.909090909,0.954545455,0.0935
"763",0,401525866,"Texas Tech","Kansas State",0.4814,0,0,0.6313,1,1,0.4135,0,-1.5,58,7,2023,1,0,"Big 12","Big 12",-118,110,1,1.909090909,0.954545455,0.0186,0.541284404,0.476190476,0.090015596,-0.107490476,1,0,0,0,1.05,0.090015596,0,0,0.954545455,0.0865
"764",1,401520313,"Middle Tennessee","Louisiana Tech",0.3758,0,1,0.3259,0,0,0.4665,0,-3,54.5,7,2023,1,0,"Conference USA","Conference USA",-148,130,0,0,0.954545455,0.1242,0.596774194,0.434782609,-0.270874194,0.239317391,0,1,0,0,0.837837838,0.239317391,1,1.909090909,0.954545455,0.0335
"765",1,401525525,"Pittsburgh","Louisville",0.5048,1,1,0.2166,0,1,0.4977,0,7.5,44.5,7,2023,1,0,"ACC","ACC",235,-290,1,1.909090909,0.954545455,0.0048,0.298507463,0.743589744,-0.081907463,0.039810256,0,1,0,0,1.675,0.039810256,0,0,0.954545455,0.0023
"766",1,401520322,"Penn State","Massachusetts",0.4852,0,1,0.9261,1,1,0.466,0,-41.5,55,7,2023,1,0,"Big Ten","FBS Independents",NA,NA,0,0,0.954545455,0.0148,NA,NA,NA,NA,NA,NA,NA,NA,NA,NA,0,0,0.954545455,0.034
"767",1,401525526,"North Carolina","Miami",0.5316,1,1,0.5727,1,1,0.5286,1,-2.5,56.5,7,2023,1,0,"ACC","ACC",-155,124,1,1.909090909,0.954545455,0.0316,0.607843137,0.446428571,-0.035143137,-0.019128571,0,0,0,1,0.822580645,-0.019128571,1,1.909090909,0.954545455,0.0286
"768",0,401532423,"Western Michigan","Miami (OH)",0.4261,0,0,0.1959,0,1,0.4272,0,8.5,45,7,2023,1,0,"Mid-American","Mid-American",250,-325,1,1.909090909,0.954545455,0.0739,0.285714286,0.764705882,-0.089814286,0.039394118,0,1,1,1.307692308,0.653846154,0.039394118,0,0,0.954545455,0.0728
"769",0,401520324,"Rutgers","Michigan State",0.5648,1,1,0.7329,1,1,0.5037,1,-4.5,39.5,7,2023,1,0,"Big Ten","Big Ten",-180,164,0,0,0.954545455,0.0648,0.642857143,0.378787879,0.090042857,-0.111687879,1,0,1,1.555555556,0.777777778,0.090042857,1,1.909090909,0.954545455,0.0037
"770",0,401520323,"Purdue","Ohio State",0.4556,0,0,0.0714,0,0,0.5126,1,18,52,7,2023,1,0,"Big Ten","Big Ten",625,-1000,1,1.909090909,0.954545455,0.0444,0.137931034,0.909090909,-0.066531034,0.019509091,0,1,1,1.1,0.55,0.019509091,0,0,0.954545455,0.0126
"771",0,401524034,"Washington","Oregon",0.4459,0,1,0.6223,1,1,0.5071,1,-3,67,7,2023,1,0,"Pac-12","Pac-12",-162,130,1,1.909090909,0.954545455,0.0541,0.618320611,0.434782609,0.003979389,-0.057082609,1,0,1,1.617283951,0.808641975,0.003979389,1,1.909090909,0.954545455,0.0071
"772",1,401531381,"UTSA","UAB",0.7131,1,1,0.8711,1,0,0.4147,0,-9,67,7,2023,1,0,"American Athletic","American Athletic",-355,275,1,1.909090909,0.954545455,0.2131,0.78021978,0.266666667,0.09088022,-0.137766667,1,0,1,1.281690141,0.64084507,0.09088022,1,1.909090909,0.954545455,0.0853
"773",1,401531434,"Navy","Air Force",0.4231,0,0,0.1174,0,0,0.3655,0,11.5,34,8,2023,1,0,"American Athletic","Mountain West",340,-440,0,0,0.954545455,0.0769,0.227272727,0.814814815,-0.109872727,0.067785185,0,1,1,1.227272727,0.613636364,0.067785185,1,1.909090909,0.954545455,0.1345
"774",1,401532429,"Bowling Green","Akron",0.4507,0,1,0.7942,1,1,0.6157,1,-7.5,37.5,8,2023,1,0,"Mid-American","Mid-American",-285,230,0,0,0.954545455,0.0493,0.74025974,0.303030303,0.05394026,-0.097230303,1,0,1,1.350877193,0.675438596,0.05394026,1,1.909090909,0.954545455,0.1157
"775",1,401531895,"Old Dominion","App State",0.5135,1,1,0.4838,0,0,0.513,1,5.5,55.5,8,2023,1,0,"Sun Belt","Sun Belt",200,-245,1,1.909090909,0.954545455,0.0135,0.333333333,0.710144928,0.150466667,-0.193944928,1,0,1,3,1.5,0.150466667,0,0,0.954545455,0.013
"776",0,401524038,"Washington","Arizona State",0.5014,1,1,0.9569,1,0,0.5776,1,-27.5,60,8,2023,1,0,"Pac-12","Pac-12",-4000,1600,0,0,0.954545455,0.0014,0.975609756,0.058823529,-0.018709756,-0.015723529,0,0,0,1,0.5125,-0.015723529,0,0,0.954545455,0.0776
"777",1,401520339,"LSU","Army",0.5369,1,1,0.95,1,1,0.4377,0,-33,60,8,2023,1,0,"SEC","FBS Independents",-10000,3000,1,1.909090909,0.954545455,0.0369,0.99009901,0.032258065,-0.04009901,0.017741935,0,1,0,0,0.505,0.017741935,0,0,0.954545455,0.0623
"778",0,401525868,"Cincinnati","Baylor",0.5606,1,0,0.6347,1,1,0.5912,1,-3,50.5,8,2023,1,0,"Big 12","Big 12",-135,114,0,0,0.954545455,0.0606,0.574468085,0.46728972,0.060231915,-0.10198972,1,0,0,0,1.07,0.060231915,1,1.909090909,0.954545455,0.0912
"779",0,401525528,"Georgia Tech","Boston College",0.4467,0,0,0.5926,1,1,0.5164,1,-5.5,57,8,2023,1,0,"ACC","ACC",-225,185,1,1.909090909,0.954545455,0.0533,0.692307692,0.350877193,-0.099707692,0.056522807,0,1,1,2.85,1.425,0.056522807,1,1.909090909,0.954545455,0.0164
"780",0,401532430,"Kent State","Buffalo",0.4278,0,0,0.3184,0,0,0.4757,0,7,43,8,2023,1,0,"Mid-American","Mid-American",200,-245,1,1.909090909,0.954545455,0.0722,0.333333333,0.710144928,-0.014933333,-0.028544928,0,0,0,1,0.704081633,-0.014933333,1,1.909090909,0.954545455,0.0243
"781",0,401531406,"East Carolina","Charlotte",0.4277,0,0,0.5514,1,0,0.5201,1,-6.5,40.5,8,2023,1,0,"American Athletic","American Athletic",-230,190,1,1.909090909,0.954545455,0.0723,0.696969697,0.344827586,-0.145569697,0.103772414,0,1,1,2.9,1.45,0.103772414,0,0,0.954545455,0.0201
"782",1,401525529,"Miami","Clemson",0.3713,0,1,0.3402,0,0,0.514,1,3,48.5,8,2023,1,0,"ACC","ACC",195,-238,0,0,0.954545455,0.1287,0.338983051,0.704142012,0.001216949,-0.044342012,1,0,1,2.95,1.475,0.001216949,0,0,0.954545455,0.014
"783",1,401525530,"Florida State","Duke",0.463,0,1,0.8801,1,1,0.5728,1,-14.5,49.5,8,2023,1,0,"ACC","ACC",-600,440,0,0,0.954545455,0.037,0.857142857,0.185185185,0.022957143,-0.065285185,1,0,1,1.166666667,0.583333333,0.022957143,1,1.909090909,0.954545455,0.0728
"784",0,401532426,"Northern Illinois","Eastern Michigan",0.4642,0,1,0.8045,1,0,0.471,0,-12,43.5,8,2023,1,0,"Mid-American","Mid-American",-485,370,1,1.909090909,0.954545455,0.0358,0.829059829,0.212765957,-0.024559829,-0.017265957,0,0,0,1,0.603092784,-0.017265957,1,1.909090909,0.954545455,0.029
"785",0,401520331,"Sam Houston","Florida International",0.3815,0,0,0.4358,0,1,0.4341,0,-5.5,39.5,8,2023,1,0,"Conference USA","Conference USA",-230,NA,1,1.909090909,0.954545455,0.1185,0.696969697,NA,-0.261169697,NA,0,NA,NA,NA,NA,NA,0,0,0.954545455,0.0659
"786",0,401531897,"Louisiana","Georgia State",0.4915,0,0,0.6172,1,0,0.5335,1,-3.5,62,8,2023,1,0,"Sun Belt","Sun Belt",-148,124,1,1.909090909,0.954545455,0.0085,0.596774194,0.446428571,0.020425806,-0.063628571,1,0,0,0,1.12,0.020425806,0,0,0.954545455,0.0335
"787",1,401532600,"New Mexico","Hawai'i",0.439,0,1,0.3447,0,1,0.354,0,2.5,60,8,2023,1,0,"Mountain West","Mountain West",110,-130,0,0,0.954545455,0.061,0.476190476,0.565217391,-0.131490476,0.090082609,0,1,0,0,1.05,0.090082609,0,0,0.954545455,0.146
"788",0,401531893,"Marshall","James Madison",0.4992,0,0,0.5131,1,0,0.4428,0,1,49,8,2023,1,0,"Sun Belt","Sun Belt",150,NA,1,1.909090909,0.954545455,8e-04,0.4,NA,0.1131,NA,NA,NA,NA,NA,NA,NA,1,1.909090909,0.954545455,0.0572
"789",0,401531382,"UAB","Memphis",0.3937,0,0,0.204,0,1,0.47,0,7,62,8,2023,1,0,"American Athletic","American Athletic",270,-340,1,1.909090909,0.954545455,0.1063,0.27027027,0.772727273,-0.06627027,0.023272727,0,1,1,1.294117647,0.647058824,0.023272727,0,0,0.954545455,0.03
"790",0,401520340,"Michigan State","Michigan",0.4563,0,0,0.091,0,1,0.4545,0,24.5,46,8,2023,1,0,"Big Ten","Big Ten",1700,-4500,1,1.909090909,0.954545455,0.0437,0.055555556,0.97826087,0.035444444,-0.06926087,1,0,0,0,0.511111111,0.035444444,0,0,0.954545455,0.0455
"791",0,401532601,"San Diego State","Nevada",0.5591,1,0,0.8645,1,0,0.5316,1,-11.5,48,8,2023,1,0,"Mountain West","Mountain West",-410,320,0,0,0.954545455,0.0591,0.803921569,0.238095238,0.060578431,-0.102595238,1,0,0,0,2.1,0.060578431,0,0,0.954545455,0.0316
"792",0,401520332,"UTEP","New Mexico State",0.5176,1,0,0.3708,0,0,0.5945,1,1,49.5,8,2023,1,0,"Conference USA","Conference USA",114,NA,0,0,0.954545455,0.0176,0.46728972,NA,-0.09648972,NA,0,NA,NA,NA,NA,NA,0,0,0.954545455,0.0945
"793",0,401531372,"Tulane","North Texas",0.6053,1,1,0.9383,1,0,0.558,1,-20,63.5,8,2023,1,0,"American Athletic","American Athletic",-1350,800,0,0,0.954545455,0.1053,0.931034483,0.111111111,0.007265517,-0.049411111,1,0,1,1.074074074,0.537037037,0.007265517,0,0,0.954545455,0.058
"794",0,401525872,"West Virginia","Oklahoma State",0.4777,0,0,0.5424,1,1,0.5227,1,-3,48.5,8,2023,1,0,"Big 12","Big 12",-148,124,1,1.909090909,0.954545455,0.0223,0.596774194,0.446428571,-0.054374194,0.011171429,0,1,1,2.24,1.12,0.011171429,1,1.909090909,0.954545455,0.0227
"795",1,401525532,"Wake Forest","Pittsburgh",0.5165,1,1,0.5595,1,0,0.4952,0,-1,45.5,8,2023,1,0,"ACC","ACC",120,-142,1,1.909090909,0.954545455,0.0165,0.454545455,0.58677686,0.104954545,-0.14627686,1,0,1,2.2,1.1,0.104954545,1,1.909090909,0.954545455,0.0048
"796",0,401531341,"Tulsa","Rice",0.288,0,0,0.4014,0,0,0.4428,0,-3,57,8,2023,1,0,"American Athletic","American Athletic",-175,NA,1,1.909090909,0.954545455,0.212,0.636363636,NA,-0.234963636,NA,0,NA,NA,NA,NA,NA,1,1.909090909,0.954545455,0.0572
"797",0,401531391,"Temple","SMU",0.4891,0,0,0.1068,0,1,0.3674,0,22.5,54.5,8,2023,1,0,"American Athletic","American Athletic",1100,-2100,1,1.909090909,0.954545455,0.0109,0.083333333,0.954545455,0.023466667,-0.061345455,1,0,0,0,0.523809524,0.023466667,0,0,0.954545455,0.1326
"798",0,401520344,"UConn","South Florida",0.2782,0,0,0.2691,0,0,0.3543,0,1,57,8,2023,1,0,"FBS Independents","American Athletic",-112,-108,1,1.909090909,0.954545455,0.2218,0.528301887,0.519230769,-0.259201887,0.211669231,0,1,1,1.925925926,0.962962963,0.211669231,1,1.909090909,0.954545455,0.1457
"799",0,401532603,"Colorado State","Air Force",0.5245,1,0,0.2335,0,0,0.5402,1,13,48,9,2023,1,0,"Mountain West","Mountain West",455,-625,0,0,0.954545455,0.0245,0.18018018,0.862068966,0.05331982,-0.095568966,1,0,0,0,0.58,0.05331982,0,0,0.954545455,0.0402
"800",0,401531901,"UL Monroe","Arkansas State",0.3426,0,0,0.3196,0,1,0.5559,1,-2.5,56.5,9,2023,1,0,"Sun Belt","Sun Belt",-112,-108,1,1.909090909,0.954545455,0.1574,0.528301887,0.519230769,-0.208701887,0.161169231,0,1,1,1.925925926,0.962962963,0.161169231,1,1.909090909,0.954545455,0.0559
"801",1,401525877,"Texas","BYU",0.5219,1,1,0.9375,1,0,0.4737,0,-18.5,50,9,2023,1,0,"Big 12","Big 12",-1200,750,1,1.909090909,0.954545455,0.0219,0.923076923,0.117647059,0.014423077,-0.055147059,1,0,1,1.083333333,0.541666667,0.014423077,1,1.909090909,0.954545455,0.0263
"802",1,401525876,"Oklahoma State","Cincinnati",0.644,1,1,0.7992,1,1,0.3974,0,-7.5,53,9,2023,1,0,"Big 12","Big 12",-298,240,1,1.909090909,0.954545455,0.144,0.748743719,0.294117647,0.050456281,-0.093317647,1,0,1,1.33557047,0.667785235,0.050456281,0,0,0.954545455,0.1026
"803",1,401525534,"NC State","Clemson",0.5063,1,1,0.2226,0,0,0.5042,1,10,44,9,2023,1,0,"ACC","ACC",285,-360,1,1.909090909,0.954545455,0.0063,0.25974026,0.782608696,-0.03714026,-0.005208696,0,0,0,1,1.925,-0.005208696,0,0,0.954545455,0.0042
"804",0,401524043,"UCLA","Colorado",0.6362,1,1,0.9387,1,0,0.4553,0,-17,63.5,9,2023,1,0,"Pac-12","Pac-12",-600,440,0,0,0.954545455,0.1362,0.857142857,0.185185185,0.081557143,-0.123885185,1,0,1,1.166666667,0.583333333,0.081557143,1,1.909090909,0.954545455,0.0447
"805",1,401525535,"Louisville","Duke",0.5428,1,1,0.639,1,0,0.4454,0,-4.5,46,9,2023,1,0,"ACC","ACC",-198,164,1,1.909090909,0.954545455,0.0428,0.66442953,0.378787879,-0.02542953,-0.017787879,0,0,0,1,0.752525253,-0.017787879,1,1.909090909,0.954545455,0.0546
"806",0,401531398,"UTSA","East Carolina",0.4922,0,1,0.9253,1,1,0.4685,0,-18.5,46,9,2023,1,0,"American Athletic","American Athletic",-1000,650,1,1.909090909,0.954545455,0.0078,0.909090909,0.133333333,0.016209091,-0.058633333,1,0,1,1.1,0.55,0.016209091,0,0,0.954545455,0.0315
"807",1,401520352,"Georgia","Florida",0.4809,0,1,0.867,1,1,0.4673,0,-14.5,47,9,2023,0,1,"SEC","SEC",-550,410,0,0,0.954545455,0.0191,0.846153846,0.196078431,0.020846154,-0.063078431,1,0,1,1.181818182,0.590909091,0.020846154,0,0,0.954545455,0.0327
"808",0,401525536,"Wake Forest","Florida State",0.5647,1,0,0.1036,0,1,0.5429,1,20.5,51,9,2023,1,0,"ACC","ACC",850,-1450,0,0,0.954545455,0.0647,0.105263158,0.935483871,-0.001663158,-0.039083871,0,0,0,1,0.534482759,-0.001663158,1,1.909090909,0.954545455,0.0429
"809",1,401525875,"Kansas State","Houston",0.5598,1,1,0.9439,1,0,0.4538,0,-17.5,58,9,2023,1,0,"Big 12","Big 12",-1050,675,1,1.909090909,0.954545455,0.0598,0.913043478,0.129032258,0.030856522,-0.072932258,1,0,1,1.095238095,0.547619048,0.030856522,1,1.909090909,0.954545455,0.0462
"810",0,401520358,"Penn State","Indiana",0.5561,1,1,0.9429,1,1,0.6063,1,-32,46,9,2023,1,0,"Big Ten","Big Ten",-8000,2200,0,0,0.954545455,0.0561,0.987654321,0.043478261,-0.044754321,0.013621739,0,1,0,0,0.50625,0.013621739,1,1.909090909,0.954545455,0.1063
"811",0,401520346,"Western Kentucky","Liberty",0.5095,1,0,0.4429,0,1,0.5837,1,4,60,9,2023,1,0,"Conference USA","Conference USA",164,-198,0,0,0.954545455,0.0095,0.378787879,0.66442953,0.064112121,-0.10732953,1,0,0,0,0.752525253,0.064112121,1,1.909090909,0.954545455,0.0837
"812",0,401531902,"South Alabama","Louisiana",0.435,0,0,0.7474,1,0,0.4994,0,-10.5,55,9,2023,1,0,"Sun Belt","Sun Belt",-440,340,1,1.909090909,0.954545455,0.065,0.814814815,0.227272727,-0.067414815,0.025327273,0,1,1,4.4,2.2,0.025327273,1,1.909090909,0.954545455,6e-04
"813",1,401520356,"Northwestern","Maryland",0.5619,1,1,0.2499,0,1,0.52,1,13.5,48.5,9,2023,1,0,"Big Ten","Big Ten",455,-625,1,1.909090909,0.954545455,0.0619,0.18018018,0.862068966,0.06971982,-0.111968966,1,0,1,5.55,2.775,0.06971982,1,1.909090909,0.954545455,0.02
"814",1,401531430,"North Texas","Memphis",0.3734,0,0,0.1693,0,1,0.4682,0,7.5,69.5,9,2023,1,0,"American Athletic","American Athletic",205,-250,0,0,0.954545455,0.1266,0.327868852,0.714285714,-0.158568852,0.116414286,0,1,1,1.4,0.7,0.116414286,0,0,0.954545455,0.0318
"815",0,401532432,"Ohio","Miami (OH)",0.5205,1,0,0.7816,1,1,0.5176,1,-7,39.5,9,2023,1,0,"Mid-American","Mid-American",-298,240,0,0,0.954545455,0.0205,0.748743719,0.294117647,0.032856281,-0.075717647,1,0,0,0,1.7,0.032856281,1,1.909090909,0.954545455,0.0176
"816",1,401520354,"Minnesota","Michigan State",0.5047,1,1,0.744,1,0,0.489,0,-7,40,9,2023,1,0,"Big Ten","Big Ten",-230,190,1,1.909090909,0.954545455,0.0047,0.696969697,0.344827586,0.047030303,-0.088827586,1,0,1,1.434782609,0.717391304,0.047030303,1,1.909090909,0.954545455,0.011
"817",1,401520360,"Wisconsin","Ohio State",0.5822,1,0,0.2027,0,0,0.5131,1,14.5,45.5,9,2023,1,0,"Big Ten","Big Ten",470,-650,1,1.909090909,0.954545455,0.0822,0.175438596,0.866666667,0.027261404,-0.069366667,1,0,0,0,0.576923077,0.027261404,0,0,0.954545455,0.0131
"818",0,401524044,"Utah","Oregon",0.4996,0,0,0.3297,0,0,0.4977,0,6.5,48,9,2023,1,0,"Pac-12","Pac-12",205,-250,1,1.909090909,0.954545455,4e-04,0.327868852,0.714285714,0.001831148,-0.043985714,1,0,0,0,0.7,0.001831148,1,1.909090909,0.954545455,0.0023
"819",0,401520359,"Texas A&M","South Carolina",0.5801,1,1,0.9045,1,0,0.606,1,-14.5,54,9,2023,1,0,"SEC","SEC",-850,575,0,0,0.954545455,0.0801,0.894736842,0.148148148,0.009763158,-0.052648148,1,0,1,1.117647059,0.558823529,0.009763158,0,0,0.954545455,0.106
"820",1,401525533,"Virginia Tech","Syracuse",0.4729,0,1,0.4982,0,1,0.4386,0,-2.5,47,9,2023,1,0,"ACC","ACC",-142,120,0,0,0.954545455,0.0271,0.58677686,0.454545455,-0.08857686,0.047254545,0,1,0,0,0.852112676,0.047254545,0,0,0.954545455,0.0614
"821",1,401520361,"Army","Air Force",0.3863,0,1,0.0636,0,0,0.5479,1,18.5,32,10,2023,0,1,"FBS Independents","Mountain West",700,-1100,0,0,0.954545455,0.1137,0.125,0.916666667,-0.0614,0.019733333,0,1,0,0,4,0.019733333,0,0,0.954545455,0.0479
"822",1,401524049,"Utah","Arizona State",0.5282,1,1,0.8066,1,1,0.3786,0,-11,40.5,10,2023,1,0,"Pac-12","Pac-12",-380,300,1,1.909090909,0.954545455,0.0282,0.791666667,0.25,0.014933333,-0.0566,1,0,1,1.263157895,0.631578947,0.014933333,0,0,0.954545455,0.1214
"823",0,401520363,"Florida","Arkansas",0.4324,0,0,0.546,1,1,0.5526,1,-4.5,50,10,2023,1,0,"SEC","SEC",-148,124,1,1.909090909,0.954545455,0.0676,0.596774194,0.446428571,-0.050774194,0.007571429,0,1,1,2.24,1.12,0.007571429,1,1.909090909,0.954545455,0.0526
"824",0,401520379,"Vanderbilt","Auburn",0.5134,1,0,0.2646,0,0,0.437,0,12.5,49,10,2023,1,0,"SEC","SEC",390,-520,0,0,0.954545455,0.0134,0.204081633,0.838709677,0.060518367,-0.103309677,1,0,0,0,0.596153846,0.060518367,1,1.909090909,0.954545455,0.063
"825",1,401525885,"West Virginia","BYU",0.6812,1,1,0.8711,1,0,0.3654,0,-13,48.5,10,2023,1,0,"Big 12","Big 12",-500,380,1,1.909090909,0.954545455,0.1812,0.833333333,0.208333333,0.037766667,-0.079433333,1,0,1,1.2,0.6,0.037766667,1,1.909090909,0.954545455,0.1346
"826",0,401532435,"Bowling Green","Ball State",0.3727,0,1,0.6351,1,1,0.7045,1,-6.5,39.5,10,2023,1,0,"Mid-American","Mid-American",-205,170,1,1.909090909,0.954545455,0.1273,0.672131148,0.37037037,-0.037031148,-0.00547037,0,0,0,1,0.743902439,-0.00547037,1,1.909090909,0.954545455,0.2045
"827",1,401532608,"Fresno State","Boise State",0.5086,1,1,0.6219,1,1,0.4846,0,-3,55,10,2023,1,0,"Mountain West","Mountain West",-142,120,1,1.909090909,0.954545455,0.0086,0.58677686,0.454545455,0.03512314,-0.076445455,1,0,1,1.704225352,0.852112676,0.03512314,0,0,0.954545455,0.0154
"828",0,401525540,"Syracuse","Boston College",0.4108,0,0,0.5073,1,0,0.4349,0,-3,51,10,2023,1,0,"ACC","ACC",100,-120,1,1.909090909,0.954545455,0.0892,0.5,0.545454545,0.0073,-0.052754545,1,0,0,0,0.916666667,0.0073,1,1.909090909,0.954545455,0.0651
"829",1,401532434,"Toledo","Buffalo",0.5461,1,1,0.8886,1,0,0.5404,1,-14,47.5,10,2023,1,0,"Mid-American","Mid-American",-700,500,1,1.909090909,0.954545455,0.0461,0.875,0.166666667,0.0136,-0.055266667,1,0,1,1.142857143,0.571428571,0.0136,0,0,0.954545455,0.0404
"830",1,401524047,"Oregon","California",0.5656,1,1,0.9352,1,1,0.3784,0,-24.5,59,10,2023,1,0,"Pac-12","Pac-12",-4000,1600,1,1.909090909,0.954545455,0.0656,0.975609756,0.058823529,-0.040409756,0.005976471,0,1,0,0,0.5125,0.005976471,0,0,0.954545455,0.1216
"831",0,401531343,"Tulsa","Charlotte",0.4152,0,0,0.5939,1,1,0.5265,1,-4.5,47.5,10,2023,1,0,"American Athletic","American Athletic",-192,160,1,1.909090909,0.954545455,0.0848,0.657534247,0.384615385,-0.063634247,0.021484615,0,1,1,2.6,1.3,0.021484615,1,1.909090909,0.954545455,0.0265
"832",0,401531907,"Old Dominion","Coastal Carolina",0.5731,1,0,0.4668,0,1,0.463,0,1,51,10,2023,1,0,"Sun Belt","Sun Belt",-118,-102,0,0,0.954545455,0.0731,0.541284404,0.504950495,-0.074484404,0.028249505,0,1,1,1.980392157,0.990196078,0.028249505,0,0,0.954545455,0.037
"833",1,401532609,"Wyoming","Colorado State",0.4509,0,1,0.6384,1,0,0.4788,0,-6,41,10,2023,1,0,"Mountain West","Mountain West",-225,185,0,0,0.954545455,0.0491,0.692307692,0.350877193,-0.053907692,0.010722807,0,1,0,0,0.722222222,0.010722807,1,1.909090909,0.954545455,0.0212
"834",1,401531383,"UAB","Florida Atlantic",0.4848,0,1,0.5208,1,1,0.467,0,-1,59.5,10,2023,1,0,"American Athletic","American Athletic",-112,-108,0,0,0.954545455,0.0152,0.528301887,0.519230769,-0.007501887,-0.040030769,0,0,0,1,0.946428571,-0.007501887,0,0,0.954545455,0.033
"835",1,401525541,"Pittsburgh","Florida State",0.5671,1,0,0.0717,0,0,0.4963,0,21.5,50,10,2023,1,0,"ACC","ACC",800,-1350,1,1.909090909,0.954545455,0.0671,0.111111111,0.931034483,-0.039411111,-0.002734483,0,0,0,1,0.537037037,-0.002734483,1,1.909090909,0.954545455,0.0037
"836",1,401531910,"Texas State","Georgia Southern",0.4659,0,1,0.4888,0,0,0.5202,1,2,69,10,2023,1,0,"Sun Belt","Sun Belt",-135,114,0,0,0.954545455,0.0341,0.574468085,0.46728972,-0.085668085,0.04391028,0,1,0,0,0.87037037,0.04391028,0,0,0.954545455,0.0202
"837",0,401525542,"Virginia","Georgia Tech",0.4554,0,0,0.3624,0,1,0.4735,0,-2,57.5,10,2023,1,0,"ACC","ACC",-115,-105,1,1.909090909,0.954545455,0.0446,0.534883721,0.512195122,-0.172483721,0.125404878,0,1,1,1.952380952,0.976190476,0.125404878,0,0,0.954545455,0.0265
"838",0,401532610,"Nevada","Hawai'i",0.5267,1,0,0.3921,0,0,0.6177,1,-3.5,50.5,10,2023,1,0,"Mountain West","Mountain West",-185,154,0,0,0.954545455,0.0267,0.649122807,0.393700787,-0.257022807,0.214199213,0,1,1,2.54,1.27,0.214199213,0,0,0.954545455,0.1177
"839",0,401520370,"Minnesota","Illinois",0.5191,1,0,0.5522,1,1,0.5068,1,-1.5,43,10,2023,1,0,"Big Ten","Big Ten",-142,120,0,0,0.954545455,0.0191,0.58677686,0.454545455,-0.03457686,-0.006745455,0,0,0,1,1.1,-0.006745455,1,1.909090909,0.954545455,0.0068
"840",1,401520373,"Northwestern","Iowa",0.5161,1,0,0.411,0,0,0.4389,0,4.5,30.5,10,2023,0,1,"Big Ten","Big Ten",170,-205,1,1.909090909,0.954545455,0.0161,0.37037037,0.672131148,0.04062963,-0.083131148,1,0,0,0,0.743902439,0.04062963,1,1.909090909,0.954545455,0.0611
"841",0,401520376,"South Carolina","Jacksonville State",0.3672,0,1,0.7213,1,1,0.5582,1,-15.5,55,10,2023,1,0,"SEC","Conference USA",-650,470,1,1.909090909,0.954545455,0.1328,0.866666667,0.175438596,-0.145366667,0.103261404,0,1,0,0,0.576923077,0.103261404,1,1.909090909,0.954545455,0.0582
"842",0,401525884,"Texas","Kansas State",0.4466,0,1,0.6485,1,1,0.4356,0,-4,49.5,10,2023,1,0,"Big 12","Big 12",-180,150,1,1.909090909,0.954545455,0.0534,0.642857143,0.4,0.005642857,-0.0485,1,0,1,1.555555556,0.777777778,0.005642857,0,0,0.954545455,0.0644
"843",0,401520371,"Mississippi State","Kentucky",0.4974,0,0,0.3619,0,0,0.5197,1,5,46,10,2023,1,0,"SEC","SEC",185,-225,1,1.909090909,0.954545455,0.0026,0.350877193,0.692307692,0.011022807,-0.054207692,1,0,0,0,0.722222222,0.011022807,0,0,0.954545455,0.0197
"844",1,401525544,"NC State","Miami",0.5463,1,1,0.3987,0,0,0.429,0,5.5,44,10,2023,1,0,"ACC","ACC",210,-258,1,1.909090909,0.954545455,0.0463,0.322580645,0.720670391,0.076119355,-0.119370391,1,0,1,3.1,1.55,0.076119355,1,1.909090909,0.954545455,0.071
"845",1,401520372,"New Mexico State","Middle Tennessee",0.5622,1,1,0.7556,1,0,0.4932,0,-3.5,56.5,10,2023,1,0,"Conference USA","Conference USA",-155,130,1,1.909090909,0.954545455,0.0622,0.607843137,0.434782609,0.147756863,-0.190382609,1,0,1,1.64516129,0.822580645,0.147756863,1,1.909090909,0.954545455,0.0068
"846",1,401531392,"Temple","Navy",0.4398,0,1,0.2988,0,1,0.5364,1,7,46,10,2023,1,0,"American Athletic","American Athletic",215,-265,0,0,0.954545455,0.0602,0.317460317,0.726027397,-0.018660317,-0.024827397,0,0,0,1,1.575,-0.018660317,1,1.909090909,0.954545455,0.0364
"847",0,401520375,"Rutgers","Ohio State",0.4789,0,0,0.0817,0,1,0.5723,1,19,42.5,10,2023,1,0,"Big Ten","Big Ten",750,-1200,1,1.909090909,0.954545455,0.0211,0.117647059,0.923076923,-0.035947059,-0.004776923,0,0,0,1,0.541666667,-0.004776923,1,1.909090909,0.954545455,0.0723
"848",1,401525883,"Oklahoma State","Oklahoma",0.6102,1,1,0.4301,0,0,0.4777,0,6,61.5,10,2023,1,0,"Big 12","Big 12",195,-238,1,1.909090909,0.954545455,0.1102,0.338983051,0.704142012,0.091116949,-0.134242012,1,0,1,2.95,1.475,0.091116949,1,1.909090909,0.954545455,0.0223
"849",1,401531904,"Troy","South Alabama",0.4622,0,1,0.5955,1,0,0.5833,1,-5.5,44.5,10,2023,1,0,"Sun Belt","Sun Belt",-250,205,0,0,0.954545455,0.0378,0.714285714,0.327868852,-0.118785714,0.076631148,0,1,0,0,0.7,0.076631148,0,0,0.954545455,0.0833
"850",0,401524050,"Washington State","Stanford",0.5174,1,0,0.8318,1,0,0.5669,1,-13,59.5,10,2023,1,0,"Pac-12","Pac-12",-600,440,0,0,0.954545455,0.0174,0.857142857,0.185185185,-0.025342857,-0.016985185,0,0,0,1,2.7,-0.016985185,0,0,0.954545455,0.0669
"851",1,401525879,"Texas Tech","TCU",0.6124,1,1,0.7595,1,1,0.5436,1,-2.5,59.5,10,2023,1,0,"Big 12","Big 12",-142,120,1,1.909090909,0.954545455,0.1124,0.58677686,0.454545455,0.17272314,-0.214045455,1,0,1,1.704225352,0.852112676,0.17272314,1,1.909090909,0.954545455,0.0436
"852",1,401532613,"Hawai'i","Air Force",0.5282,1,1,0.1109,0,0,0.5937,1,20,49.5,11,2023,1,0,"Mountain West","Mountain West",750,-1200,1,1.909090909,0.954545455,0.0282,0.117647059,0.923076923,-0.006747059,-0.033976923,0,0,0,1,4.25,-0.006747059,0,0,0.954545455,0.0937
"853",1,401532441,"Miami (OH)","Akron",0.4899,0,1,0.8941,1,0,0.5125,1,-17,42,11,2023,1,0,"Mid-American","Mid-American",-950,625,0,0,0.954545455,0.0101,0.904761905,0.137931034,-0.010661905,-0.032031034,0,0,0,1,0.552631579,-0.010661905,0,0,0.954545455,0.0125
"854",0,401520386,"Kentucky","Alabama",0.478,0,0,0.2125,0,1,0.4501,0,10,45.5,11,2023,1,0,"SEC","SEC",330,-425,1,1.909090909,0.954545455,0.022,0.23255814,0.80952381,-0.02005814,-0.02202381,0,0,0,1,0.617647059,-0.02005814,0,0,0.954545455,0.0499
"855",0,401531913,"Georgia State","App State",0.4467,0,0,0.4946,0,0,0.4555,0,-2,62.5,11,2023,1,0,"Sun Belt","Sun Belt",-148,124,1,1.909090909,0.954545455,0.0533,0.596774194,0.446428571,-0.102174194,0.058971429,0,1,1,2.24,1.12,0.058971429,1,1.909090909,0.954545455,0.0445
"856",1,401524052,"Colorado","Arizona",0.4025,0,0,0.3128,0,1,0.4922,0,6,55.5,11,2023,1,0,"Pac-12","Pac-12",260,-325,0,0,0.954545455,0.0975,0.277777778,0.764705882,0.035022222,-0.077505882,1,0,0,0,0.653846154,0.035022222,0,0,0.954545455,0.0078
"857",0,401524055,"UCLA","Arizona State",0.4414,0,0,0.9216,1,0,0.471,0,-16,45.5,11,2023,1,0,"Pac-12","Pac-12",-575,425,1,1.909090909,0.954545455,0.0586,0.851851852,0.19047619,0.069748148,-0.11207619,1,0,0,0,2.625,0.069748148,1,1.909090909,0.954545455,0.029
"858",0,401531916,"South Alabama","Arkansas State",0.4611,0,1,0.799,1,0,0.5448,1,-12,54.5,11,2023,1,0,"Sun Belt","Sun Belt",-750,525,1,1.909090909,0.954545455,0.0389,0.882352941,0.16,-0.083352941,0.041,0,1,0,0,0.566666667,0.041,0,0,0.954545455,0.0448
"859",0,401532437,"Northern Illinois","Ball State",0.4563,0,0,0.8295,1,0,0.517,1,-10.5,43,11,2023,1,0,"Mid-American","Mid-American",-305,245,1,1.909090909,0.954545455,0.0437,0.75308642,0.289855072,0.07641358,-0.119355072,1,0,0,0,1.725,0.07641358,0,0,0.954545455,0.017
"860",1,401525889,"Kansas State","Baylor",0.4764,0,1,0.9042,1,1,0.5356,1,-19,55.5,11,2023,1,0,"Big 12","Big 12",-1600,900,0,0,0.954545455,0.0236,0.941176471,0.1,-0.036976471,-0.0042,0,0,0,1,0.53125,-0.0042,1,1.909090909,0.954545455,0.0356
"861",0,401532442,"Kent State","Bowling Green",0.4843,0,0,0.3319,0,1,0.5376,1,8.5,41,11,2023,1,0,"Mid-American","Mid-American",330,-425,1,1.909090909,0.954545455,0.0157,0.23255814,0.80952381,0.09934186,-0.14142381,1,0,0,0,0.617647059,0.09934186,1,1.909090909,0.954545455,0.0376
"862",1,401532438,"Western Michigan","Central Michigan",0.513,1,1,0.6792,1,1,0.5142,1,-3.5,55.5,11,2023,1,0,"Mid-American","Mid-American",-166,140,1,1.909090909,0.954545455,0.013,0.62406015,0.416666667,0.05513985,-0.095866667,1,0,1,1.602409639,0.801204819,0.05513985,1,1.909090909,0.954545455,0.0142
"863",0,401525887,"Houston","Cincinnati",0.51,1,0,0.5288,1,0,0.5265,1,-2.5,53.5,11,2023,1,0,"Big 12","Big 12",-175,145,0,0,0.954545455,0.01,0.636363636,0.408163265,-0.107563636,0.063036735,0,1,1,2.45,1.225,0.063036735,0,0,0.954545455,0.0265
"864",0,401525549,"North Carolina","Duke",0.3847,0,1,0.7106,1,1,0.4291,0,-9.5,52.5,11,2023,1,0,"ACC","ACC",-455,350,1,1.909090909,0.954545455,0.1153,0.81981982,0.222222222,-0.10921982,0.067177778,0,1,0,0,0.60989011,0.067177778,0,0,0.954545455,0.0709
"865",0,401531416,"Florida Atlantic","East Carolina",0.5211,1,0,0.7512,1,0,0.5115,1,-9.5,44.5,11,2023,1,0,"American Athletic","American Athletic",-290,235,0,0,0.954545455,0.0211,0.743589744,0.298507463,0.007610256,-0.049707463,1,0,0,0,1.675,0.007610256,0,0,0.954545455,0.0115
"866",1,401532440,"Toledo","Eastern Michigan",0.5382,1,1,0.8967,1,1,0.5916,1,-18.5,47,11,2023,1,0,"Mid-American","Mid-American",-1200,750,1,1.909090909,0.954545455,0.0382,0.923076923,0.117647059,-0.026376923,-0.014347059,0,0,0,1,0.541666667,-0.014347059,1,1.909090909,0.954545455,0.0916
"867",1,401520389,"LSU","Florida",0.5523,1,1,0.9274,1,1,0.5088,1,-14,68.5,11,2023,1,0,"SEC","SEC",-850,575,1,1.909090909,0.954545455,0.0523,0.894736842,0.148148148,0.032663158,-0.075548148,1,0,1,1.117647059,0.558823529,0.032663158,1,1.909090909,0.954545455,0.0088
"868",1,401520390,"Middle Tennessee","Florida International",0.4443,0,1,0.7223,1,0,0.4766,0,-11.5,50.5,11,2023,1,0,"Conference USA","Conference USA",-425,330,0,0,0.954545455,0.0557,0.80952381,0.23255814,-0.08722381,0.04514186,0,1,0,0,0.617647059,0.04514186,1,1.909090909,0.954545455,0.0234
"869",1,401532614,"San José State","Fresno State",0.5713,1,1,0.5702,1,1,0.4175,0,1,51.5,11,2023,1,0,"Mountain West","Mountain West",-130,110,1,1.909090909,0.954545455,0.0713,0.565217391,0.476190476,0.004982609,-0.046390476,1,0,1,1.769230769,0.884615385,0.004982609,0,0,0.954545455,0.0825
"870",1,401531914,"Marshall","Georgia Southern",0.5131,1,1,0.5663,1,1,0.5444,1,1.5,56.5,11,2023,1,0,"Sun Belt","Sun Belt",-110,-110,1,1.909090909,0.954545455,0.0131,0.523809524,0.523809524,0.042490476,-0.090109524,1,0,1,1.909090909,0.954545455,0.042490476,1,1.909090909,0.954545455,0.0444
"871",0,401520392,"Nebraska","Maryland",0.4521,0,0,0.3812,0,0,0.4713,0,1,41.5,11,2023,1,0,"Big Ten","Big Ten",102,-122,1,1.909090909,0.954545455,0.0479,0.495049505,0.54954955,-0.113849505,0.06925045,0,1,1,1.819672131,0.909836066,0.06925045,1,1.909090909,0.954545455,0.0287
"872",0,401520394,"Penn State","Michigan",0.5153,1,0,0.424,0,0,0.447,0,6.5,44.5,11,2023,1,0,"Big Ten","Big Ten",160,-192,0,0,0.954545455,0.0153,0.384615385,0.657534247,0.039384615,-0.081534247,1,0,0,0,0.760416667,0.039384615,1,1.909090909,0.954545455,0.053
"873",1,401520393,"Ohio State","Michigan State",0.5255,1,1,0.9445,1,0,0.4595,0,-30.5,48.5,11,2023,1,0,"Big Ten","Big Ten",-20000,3500,1,1.909090909,0.954545455,0.0255,0.995024876,0.027777778,-0.050524876,0.027722222,0,1,0,0,0.5025,0.027722222,1,1.909090909,0.954545455,0.0405
"874",1,401520395,"Purdue","Minnesota",0.4234,0,1,0.4201,0,1,0.4756,0,0,45.5,11,2023,1,0,"Big Ten","Big Ten",105,-125,0,0,0.954545455,0.0766,0.487804878,0.555555556,-0.067704878,0.024344444,0,1,0,0,1.025,0.024344444,0,0,0.954545455,0.0244
"875",1,401520397,"Texas A&M","Mississippi State",0.5134,1,1,0.9143,1,1,0.5906,1,-18.5,40.5,11,2023,1,0,"SEC","SEC",-700,500,1,1.909090909,0.954545455,0.0134,0.875,0.166666667,0.0393,-0.080966667,1,0,1,1.142857143,0.571428571,0.0393,1,1.909090909,0.954545455,0.0906
"876",0,401525551,"Wake Forest","NC State",0.4587,0,0,0.375,0,0,0.4959,0,2.5,42.5,11,2023,1,0,"ACC","ACC",-105,-115,1,1.909090909,0.954545455,0.0413,0.512195122,0.534883721,-0.137195122,0.090116279,0,1,1,1.869565217,0.934782609,0.090116279,1,1.909090909,0.954545455,0.0041
"877",1,401532615,"Utah State","Nevada",0.5854,1,1,0.8815,1,1,0.5255,1,-15.5,54.5,11,2023,1,0,"Mountain West","Mountain West",-650,470,1,1.909090909,0.954545455,0.0854,0.866666667,0.175438596,0.014833333,-0.056938596,1,0,1,1.153846154,0.576923077,0.014833333,1,1.909090909,0.954545455,0.0255
"878",0,401520399,"Western Kentucky","New Mexico State",0.4753,0,0,0.6328,1,1,0.6779,1,-5.5,55.5,11,2023,1,0,"Conference USA","Conference USA",-205,170,1,1.909090909,0.954545455,0.0247,0.672131148,0.37037037,-0.039331148,-0.00317037,0,0,0,1,1.35,-0.00317037,1,1.909090909,0.954545455,0.1779
"879",1,401531437,"SMU","North Texas",0.5662,1,1,0.8702,1,0,0.4269,0,-15.5,68,11,2023,1,0,"American Athletic","American Athletic",-1600,900,1,1.909090909,0.954545455,0.0662,0.941176471,0.1,-0.070976471,0.0298,0,1,0,0,0.53125,0.0298,1,1.909090909,0.954545455,0.0731
"880",0,401520398,"Wisconsin","Northwestern",0.4754,0,0,0.8384,1,0,0.49,0,-12,42.5,11,2023,1,0,"Big Ten","Big Ten",-440,340,1,1.909090909,0.954545455,0.0246,0.814814815,0.227272727,0.023585185,-0.065672727,1,0,0,0,2.2,0.023585185,1,1.909090909,0.954545455,0.01
"881",1,401525892,"UCF","Oklahoma State",0.4858,0,1,0.4987,0,0,0.4998,0,2.5,64,11,2023,1,0,"Big 12","Big 12",102,-122,0,0,0.954545455,0.0142,0.495049505,0.54954955,0.003650495,-0.04824955,1,0,1,2.02,1.01,0.003650495,1,1.909090909,0.954545455,2e-04
"882",1,401525552,"Syracuse","Pittsburgh",0.5232,1,1,0.6417,1,1,0.4041,0,1,37.5,11,2023,0,1,"ACC","ACC",140,-166,1,1.909090909,0.954545455,0.0232,0.416666667,0.62406015,0.225033333,-0.26576015,1,0,1,2.4,1.2,0.225033333,0,0,0.954545455,0.0959
"883",1,401531400,"UTSA","Rice",0.534,1,1,0.8222,1,0,0.5403,1,-13,53.5,11,2023,1,0,"American Athletic","American Athletic",-550,410,1,1.909090909,0.954545455,0.034,0.846153846,0.196078431,-0.023953846,-0.018278431,0,0,0,1,0.590909091,-0.018278431,0,0,0.954545455,0.0403
"884",0,401531915,"UL Monroe","Troy",0.5074,1,0,0.0811,0,1,0.5505,1,20,47.5,11,2023,1,0,"Sun Belt","Sun Belt",900,-1600,0,0,0.954545455,0.0074,0.1,0.941176471,-0.0189,-0.022276471,0,0,0,1,0.53125,-0.0189,1,1.909090909,0.954545455,0.0505
"885",0,401524056,"Washington","Utah",0.4589,0,1,0.8509,1,1,0.5451,1,-10.5,49.5,11,2023,1,0,"Pac-12","Pac-12",-375,295,1,1.909090909,0.954545455,0.0411,0.789473684,0.253164557,0.061426316,-0.104064557,1,0,1,1.266666667,0.633333333,0.061426316,1,1.909090909,0.954545455,0.0451
"886",0,401532445,"Eastern Michigan","Akron",0.4766,0,1,0.7195,1,1,0.4872,0,-5.5,39,12,2023,1,0,"Mid-American","Mid-American",-162,136,1,1.909090909,0.954545455,0.0234,0.618320611,0.423728814,0.101179389,-0.143228814,1,0,1,1.617283951,0.808641975,0.101179389,0,0,0.954545455,0.0128
"887",0,401531918,"James Madison","App State",0.5584,1,0,0.8256,1,0,0.3429,0,-11.5,56,12,2023,1,0,"Sun Belt","Sun Belt",-395,310,0,0,0.954545455,0.0584,0.797979798,0.243902439,0.027620202,-0.069502439,1,0,0,0,2.05,0.027620202,1,1.909090909,0.954545455,0.1571
"888",1,401525897,"TCU","Baylor",0.4418,0,1,0.7596,1,1,0.5537,1,-12,58.5,12,2023,1,0,"Big 12","Big 12",-535,400,0,0,0.954545455,0.0582,0.842519685,0.2,-0.082919685,0.0404,0,1,0,0,0.593457944,0.0404,1,1.909090909,0.954545455,0.0537
"889",0,401532619,"Utah State","Boise State",0.4851,0,0,0.4599,0,0,0.4706,0,4,64.5,12,2023,1,0,"Mountain West","Mountain West",170,-205,1,1.909090909,0.954545455,0.0149,0.37037037,0.672131148,0.08952963,-0.132031148,1,0,0,0,0.743902439,0.08952963,1,1.909090909,0.954545455,0.0294
"890",1,401525553,"Pittsburgh","Boston College",0.4558,0,1,0.3913,0,0,0.5337,1,-1,47,12,2023,1,0,"ACC","ACC",-122,102,0,0,0.954545455,0.0442,0.54954955,0.495049505,-0.15824955,0.113650495,0,1,0,0,0.909836066,0.113650495,0,0,0.954545455,0.0337
"891",1,401532447,"Miami (OH)","Buffalo",0.4824,0,1,0.6868,1,0,0.5701,1,-8.5,41.5,12,2023,1,0,"Mid-American","Mid-American",-298,240,0,0,0.954545455,0.0176,0.748743719,0.294117647,-0.061943719,0.019082353,0,1,0,0,0.667785235,0.019082353,0,0,0.954545455,0.0701
"892",0,401524061,"Stanford","California",0.5126,1,0,0.3145,0,0,0.4553,0,4.5,58,12,2023,1,0,"Pac-12","Pac-12",225,-278,0,0,0.954545455,0.0126,0.307692308,0.735449735,0.006807692,-0.049949735,1,0,0,0,0.679856115,0.006807692,1,1.909090909,0.954545455,0.0447
"893",1,401532446,"Ohio","Central Michigan",0.6102,1,1,0.8474,1,1,0.4927,0,-8.5,46.5,12,2023,1,0,"Mid-American","Mid-American",-455,350,1,1.909090909,0.954545455,0.1102,0.81981982,0.222222222,0.02758018,-0.069622222,1,0,1,1.21978022,0.60989011,0.02758018,0,0,0.954545455,0.0073
"894",1,401525899,"West Virginia","Cincinnati",0.5753,1,1,0.7473,1,1,0.5049,1,-6.5,56,12,2023,1,0,"Big 12","Big 12",-218,180,1,1.909090909,0.954545455,0.0753,0.685534591,0.357142857,0.061765409,-0.104442857,1,0,1,1.458715596,0.729357798,0.061765409,1,1.909090909,0.954545455,0.0049
"895",1,401524057,"Washington State","Colorado",0.4433,0,1,0.5145,1,1,0.5392,1,-5.5,63.5,12,2023,1,0,"Pac-12","Pac-12",-205,170,0,0,0.954545455,0.0567,0.672131148,0.37037037,-0.157631148,0.11512963,0,1,0,0,0.743902439,0.11512963,1,1.909090909,0.954545455,0.0392
"896",1,401525555,"Virginia","Duke",0.4557,0,1,0.239,0,1,0.4908,0,4,48.5,12,2023,1,0,"ACC","ACC",120,-142,0,0,0.954545455,0.0443,0.454545455,0.58677686,-0.215545455,0.17422314,0,1,0,0,1.1,0.17422314,0,0,0.954545455,0.0092
"897",1,401531417,"Navy","East Carolina",0.5372,1,1,0.609,1,0,0.4039,0,-3,33.5,12,2023,1,0,"American Athletic","American Athletic",-135,114,1,1.909090909,0.954545455,0.0372,0.574468085,0.46728972,0.034531915,-0.07628972,1,0,1,1.740740741,0.87037037,0.034531915,1,1.909090909,0.954545455,0.0961
"898",0,401520413,"Missouri","Florida",0.5523,1,1,0.8341,1,1,0.437,0,-10.5,59.5,12,2023,1,0,"SEC","SEC",-485,370,0,0,0.954545455,0.0523,0.829059829,0.212765957,0.005040171,-0.046865957,1,0,1,1.206185567,0.603092784,0.005040171,0,0,0.954545455,0.063
"899",0,401520419,"Tennessee","Georgia",0.5745,1,0,0.3075,0,0,0.5276,1,10,58.5,12,2023,1,0,"SEC","SEC",285,-360,0,0,0.954545455,0.0745,0.25974026,0.782608696,0.04775974,-0.090108696,1,0,0,0,0.638888889,0.04775974,0,0,0.954545455,0.0276
"900",1,401520409,"LSU","Georgia State",0.536,1,1,0.9366,1,0,0.635,1,-30.5,71.5,12,2023,1,0,"SEC","Sun Belt",-10000,3000,1,1.909090909,0.954545455,0.036,0.99009901,0.032258065,-0.05349901,0.031141935,0,1,0,0,0.505,0.031141935,0,0,0.954545455,0.135
"901",1,401532620,"Wyoming","Hawai'i",0.4165,0,1,0.8472,1,1,0.5631,1,-14.5,44.5,12,2023,1,0,"Mountain West","Mountain West",-550,410,0,0,0.954545455,0.0835,0.846153846,0.196078431,0.001046154,-0.043278431,1,0,1,1.181818182,0.590909091,0.001046154,1,1.909090909,0.954545455,0.0631
"902",0,401520406,"Iowa","Illinois",0.5862,1,1,0.7532,1,0,0.3475,0,-3.5,30.5,12,2023,1,0,"Big Ten","Big Ten",-142,120,0,0,0.954545455,0.0862,0.58677686,0.454545455,0.16642314,-0.207745455,1,0,1,1.704225352,0.852112676,0.16642314,1,1.909090909,0.954545455,0.1525
"903",1,401520418,"South Carolina","Kentucky",0.3673,0,1,0.4849,0,0,0.5367,1,1.5,54.5,12,2023,1,0,"SEC","SEC",-130,110,0,0,0.954545455,0.1327,0.565217391,0.476190476,-0.080317391,0.038909524,0,1,0,0,0.884615385,0.038909524,0,0,0.954545455,0.0367
"904",0,401531921,"Troy","Louisiana",0.4704,0,1,0.8778,1,1,0.5001,1,-14.5,47.5,12,2023,1,0,"Sun Belt","Sun Belt",-700,500,1,1.909090909,0.954545455,0.0296,0.875,0.166666667,0.0028,-0.044466667,1,0,1,1.142857143,0.571428571,0.0028,1,1.909090909,0.954545455,1e-04
"905",0,401525558,"Miami","Louisville",0.4517,0,0,0.4765,0,1,0.5223,1,1.5,47.5,12,2023,1,0,"ACC","ACC",-112,-108,1,1.909090909,0.954545455,0.0483,0.528301887,0.519230769,-0.051801887,0.004269231,0,1,1,1.925925926,0.962962963,0.004269231,1,1.909090909,0.954545455,0.0223
"906",1,401531920,"South Alabama","Marshall",0.419,0,1,0.6794,1,0,0.5357,1,-8,51.5,12,2023,1,0,"Sun Belt","Sun Belt",-375,295,0,0,0.954545455,0.081,0.789473684,0.253164557,-0.110073684,0.067435443,0,1,0,0,0.633333333,0.067435443,0,0,0.954545455,0.0357
"907",1,401520415,"Ohio State","Minnesota",0.4528,0,1,0.9263,1,0,0.4272,0,-28,49,12,2023,1,0,"Big Ten","Big Ten",-4500,1700,0,0,0.954545455,0.0472,0.97826087,0.055555556,-0.05196087,0.018144444,0,1,0,0,0.511111111,0.018144444,1,1.909090909,0.954545455,0.0728
"908",0,401525559,"Virginia Tech","NC State",0.4035,0,0,0.5341,1,1,0.4334,0,-3.5,45.5,12,2023,1,0,"ACC","ACC",-135,114,1,1.909090909,0.954545455,0.0965,0.574468085,0.46728972,-0.040368085,-0.00138972,0,0,0,1,1.07,-0.00138972,0,0,0.954545455,0.0666
"909",1,401520422,"Wisconsin","Nebraska",0.6201,1,1,0.7929,1,1,0.4801,0,-5,37,12,2023,1,0,"Big Ten","Big Ten",-278,225,1,1.909090909,0.954545455,0.1201,0.735449735,0.307692308,0.057450265,-0.100592308,1,0,1,1.35971223,0.679856115,0.057450265,0,0,0.954545455,0.0199
"910",0,401531345,"Tulsa","North Texas",0.5802,1,0,0.4737,0,0,0.4879,0,3,66.5,12,2023,1,0,"American Athletic","American Athletic",110,-130,0,0,0.954545455,0.0802,0.476190476,0.565217391,-0.002490476,-0.038917391,0,0,0,1,0.884615385,-0.002490476,1,1.909090909,0.954545455,0.0121
"911",0,401520423,"Western Kentucky","Sam Houston",0.5841,1,1,0.8404,1,0,0.4605,0,-12.5,52,12,2023,1,0,"Conference USA","Conference USA",-360,285,0,0,0.954545455,0.0841,0.782608696,0.25974026,0.057791304,-0.10014026,1,0,1,1.277777778,0.638888889,0.057791304,1,1.909090909,0.954545455,0.0395
"912",0,401532623,"San José State","San Diego State",0.5006,1,1,0.8395,1,0,0.5155,1,-14,51,12,2023,1,0,"Mountain West","Mountain West",-700,500,0,0,0.954545455,6e-04,0.875,0.166666667,-0.0355,-0.006166667,0,0,0,1,0.571428571,-0.006166667,0,0,0.954545455,0.0155
"913",1,401531401,"UTSA","South Florida",0.4626,0,1,0.8816,1,1,0.4763,0,-15.5,67.5,12,2023,1,0,"American Athletic","American Athletic",-650,470,0,0,0.954545455,0.0374,0.866666667,0.175438596,0.014933333,-0.057038596,1,0,1,1.153846154,0.576923077,0.014933333,0,0,0.954545455,0.0237
"914",1,401531385,"UAB","Temple",0.3707,0,1,0.5534,1,0,0.5229,1,-7,65,12,2023,1,0,"American Athletic","American Athletic",-310,250,0,0,0.954545455,0.1293,0.756097561,0.285714286,-0.202697561,0.160885714,0,1,0,0,0.661290323,0.160885714,0,0,0.954545455,0.0229
"915",0,401524062,"USC","UCLA",0.4412,0,0,0.6321,1,0,0.5304,1,-6,65.5,12,2023,1,0,"Pac-12","Pac-12",-218,180,1,1.909090909,0.954545455,0.0588,0.685534591,0.357142857,-0.053434591,0.010757143,0,1,1,2.8,1.4,0.010757143,0,0,0.954545455,0.0304
"916",1,401532625,"Boise State","Air Force",0.5662,1,1,0.7519,1,1,0.5415,1,-6.5,44.5,13,2023,1,0,"Mountain West","Mountain West",-238,195,1,1.909090909,0.954545455,0.0662,0.704142012,0.338983051,0.047757988,-0.090883051,1,0,1,1.420168067,0.710084034,0.047757988,1,1.909090909,0.954545455,0.0415
"917",1,401520427,"Auburn","Alabama",0.4043,0,0,0.1882,0,1,0.427,0,14.5,49,13,2023,1,0,"SEC","SEC",425,-575,0,0,0.954545455,0.0957,0.19047619,0.851851852,-0.00227619,-0.040051852,0,0,0,1,0.586956522,-0.00227619,0,0,0.954545455,0.073
"918",0,401524064,"Arizona State","Arizona",0.5235,1,0,0.1614,0,1,0.5327,1,12.5,48.5,13,2023,1,0,"Pac-12","Pac-12",370,-485,0,0,0.954545455,0.0235,0.212765957,0.829059829,-0.051365957,0.009540171,0,1,1,1.206185567,0.603092784,0.009540171,1,1.909090909,0.954545455,0.0327
"919",1,401531924,"Marshall","Arkansas State",0.6121,1,1,0.6178,1,1,0.4782,0,-2,54,13,2023,1,0,"Sun Belt","Sun Belt",-105,-115,1,1.909090909,0.954545455,0.1121,0.512195122,0.534883721,0.105604878,-0.152683721,1,0,1,1.952380952,0.976190476,0.105604878,0,0,0.954545455,0.0218
"920",0,401525905,"Oklahoma State","BYU",0.6504,1,1,0.924,1,1,0.5106,1,-17.5,54.5,13,2023,1,0,"Big 12","Big 12",-750,525,0,0,0.954545455,0.1504,0.882352941,0.16,0.041647059,-0.084,1,0,1,1.133333333,0.566666667,0.041647059,1,1.909090909,0.954545455,0.0106
"921",0,401532450,"Western Michigan","Bowling Green",0.567,1,0,0.5196,1,0,0.4932,0,2,54.5,13,2023,1,0,"Mid-American","Mid-American",120,-142,0,0,0.954545455,0.067,0.454545455,0.58677686,0.065054545,-0.10637686,1,0,0,0,0.852112676,0.065054545,1,1.909090909,0.954545455,0.0068
"922",0,401524066,"UCLA","California",0.518,1,0,0.8355,1,0,0.4013,0,-10,51.5,13,2023,1,0,"Pac-12","Pac-12",-355,280,0,0,0.954545455,0.018,0.78021978,0.263157895,0.05528022,-0.098657895,1,0,0,0,1.9,0.05528022,1,1.909090909,0.954545455,0.0987
"923",1,401531410,"South Florida","Charlotte",0.64,1,1,0.7914,1,1,0.4537,0,-5.5,56.5,13,2023,1,0,"American Athletic","American Athletic",-278,225,1,1.909090909,0.954545455,0.14,0.735449735,0.307692308,0.055950265,-0.099092308,1,0,1,1.35971223,0.679856115,0.055950265,0,0,0.954545455,0.0463
"924",0,401520441,"South Carolina","Clemson",0.39,0,0,0.2801,0,0,0.5582,1,7,48.5,13,2023,1,0,"SEC","ACC",235,-290,1,1.909090909,0.954545455,0.11,0.298507463,0.743589744,-0.018407463,-0.023689744,0,0,0,1,0.672413793,-0.018407463,0,0,0.954545455,0.0582
"925",0,401524067,"Utah","Colorado",0.54,1,1,0.9061,1,0,0.4597,0,-21.5,43.5,13,2023,1,0,"Pac-12","Pac-12",-1650,950,0,0,0.954545455,0.04,0.942857143,0.095238095,-0.036757143,-0.001338095,0,0,0,1,0.53030303,-0.001338095,1,1.909090909,0.954545455,0.0403
"926",1,401532626,"Hawai'i","Colorado State",0.5008,1,1,0.4082,0,0,0.5041,1,6,53.5,13,2023,1,0,"Mountain West","Mountain West",160,-192,1,1.909090909,0.954545455,8e-04,0.384615385,0.657534247,0.023584615,-0.065734247,1,0,1,2.6,1.3,0.023584615,0,0,0.954545455,0.0041
"927",0,401531421,"Rice","Florida Atlantic",0.4512,0,1,0.6668,1,0,0.4076,0,-5,46.5,13,2023,1,0,"American Athletic","American Athletic",-155,130,1,1.909090909,0.954545455,0.0488,0.607843137,0.434782609,0.058956863,-0.101582609,1,0,1,1.64516129,0.822580645,0.058956863,1,1.909090909,0.954545455,0.0924
"928",1,401532627,"San Diego State","Fresno State",0.5445,1,1,0.3908,0,1,0.5738,1,5.5,47.5,13,2023,1,0,"Mountain West","Mountain West",170,-205,1,1.909090909,0.954545455,0.0445,0.37037037,0.672131148,0.02042963,-0.062931148,1,0,1,2.7,1.35,0.02042963,1,1.909090909,0.954545455,0.0738
"929",1,401520430,"Georgia Tech","Georgia",0.5732,1,0,0.0817,0,0,0.5723,1,23,59.5,13,2023,1,0,"ACC","SEC",1300,-2800,1,1.909090909,0.954545455,0.0732,0.071428571,0.965517241,0.010271429,-0.047217241,1,0,0,0,0.517857143,0.010271429,0,0,0.954545455,0.0723
"930",0,401531925,"Old Dominion","Georgia State",0.494,0,1,0.5104,1,0,0.4848,0,-2,49.5,13,2023,1,0,"Sun Belt","Sun Belt",-130,110,1,1.909090909,0.954545455,0.006,0.565217391,0.476190476,-0.054817391,0.013409524,0,1,0,0,0.884615385,0.013409524,1,1.909090909,0.954545455,0.0152
"931",1,401525906,"UCF","Houston",0.4974,0,1,0.8089,1,0,0.5161,1,-13.5,61.5,13,2023,1,0,"Big 12","Big 12",-675,490,0,0,0.954545455,0.0026,0.870967742,0.169491525,-0.062067742,0.021608475,0,1,0,0,0.574074074,0.021608475,0,0,0.954545455,0.0161
"932",1,401520438,"Purdue","Indiana",0.5068,1,1,0.5278,1,1,0.3779,0,-2.5,55.5,13,2023,1,0,"Big Ten","Big Ten",-225,185,1,1.909090909,0.954545455,0.0068,0.692307692,0.350877193,-0.164507692,0.121322807,0,1,0,0,0.722222222,0.121322807,0,0,0.954545455,0.1221
"933",0,401520425,"Nebraska","Iowa",0.3439,0,0,0.3899,0,0,0.3495,0,1,25.5,13,2023,1,0,"Big Ten","Big Ten",-148,124,1,1.909090909,0.954545455,0.1561,0.596774194,0.446428571,-0.206874194,0.163671429,0,1,1,2.24,1.12,0.163671429,1,1.909090909,0.954545455,0.1505
"934",0,401525904,"Kansas State","Iowa State",0.5527,1,0,0.8254,1,1,0.4622,0,-11.5,46.5,13,2023,1,0,"Big 12","Big 12",-310,250,0,0,0.954545455,0.0527,0.756097561,0.285714286,0.069302439,-0.111114286,1,0,0,0,1.75,0.069302439,0,0,0.954545455,0.0378
"935",1,401520437,"New Mexico State","Jacksonville State",0.4623,0,1,0.4297,0,0,0.5064,1,-2,48.5,13,2023,1,0,"Conference USA","Conference USA",114,-135,0,0,0.954545455,0.0377,0.46728972,0.574468085,-0.03758972,-0.004168085,0,0,0,1,1.07,-0.004168085,0,0,0.954545455,0.0064
"936",0,401520432,"Louisville","Kentucky",0.4897,0,0,0.7096,1,1,0.4828,0,-7,51,13,2023,1,0,"ACC","SEC",-278,225,1,1.909090909,0.954545455,0.0103,0.735449735,0.307692308,-0.025849735,-0.017292308,0,0,0,1,1.625,-0.017292308,0,0,0.954545455,0.0172
"937",1,401520444,"UTEP","Liberty",0.4711,0,0,0.0928,0,1,0.4976,0,17,54.5,13,2023,1,0,"Conference USA","Conference USA",700,-1100,0,0,0.954545455,0.0289,0.125,0.916666667,-0.0322,-0.009466667,0,0,0,1,0.545454545,-0.009466667,0,0,0.954545455,0.0024
"938",0,401520439,"Rutgers","Maryland",0.4571,0,0,0.4846,0,1,0.5072,1,2,45.5,13,2023,1,0,"Big Ten","Big Ten",110,-130,1,1.909090909,0.954545455,0.0429,0.476190476,0.565217391,0.008409524,-0.049817391,1,0,0,0,0.884615385,0.008409524,1,1.909090909,0.954545455,0.0072
"939",0,401531394,"Temple","Memphis",0.5047,1,0,0.1913,0,1,0.4647,0,11,63.5,13,2023,1,0,"American Athletic","American Athletic",440,-600,0,0,0.954545455,0.0047,0.185185185,0.857142857,0.006114815,-0.048442857,1,0,0,0,0.583333333,0.006114815,0,0,0.954545455,0.0353
"940",1,401520435,"Penn State","Michigan State",0.6366,1,1,0.9259,1,0,0.479,0,-20,42,13,2023,0,1,"Big Ten","Big Ten",-2400,1200,1,1.909090909,0.954545455,0.1366,0.96,0.076923077,-0.0341,-0.002823077,0,0,0,1,0.520833333,-0.002823077,1,1.909090909,0.954545455,0.021
"941",1,401520440,"Sam Houston","Middle Tennessee",0.463,0,1,0.374,0,0,0.4567,0,4,49.5,13,2023,1,0,"Conference USA","Conference USA",145,-175,0,0,0.954545455,0.037,0.408163265,0.636363636,-0.034163265,-0.010363636,0,0,0,1,1.225,-0.010363636,1,1.909090909,0.954545455,0.0433
"942",1,401531435,"SMU","Navy",0.4307,0,1,0.9132,1,1,0.4687,0,-20,46,13,2023,1,0,"American Athletic","American Athletic",-1350,800,0,0,0.954545455,0.0693,0.931034483,0.111111111,-0.017834483,-0.024311111,0,0,0,1,0.537037037,-0.017834483,0,0,0.954545455,0.0313
"943",0,401524065,"Stanford","Notre Dame",0.4669,0,0,0.1032,0,1,0.5623,1,24.5,49.5,13,2023,1,0,"Pac-12","FBS Independents",1700,-4500,1,1.909090909,0.954545455,0.0331,0.055555556,0.97826087,0.047644444,-0.08146087,1,0,0,0,0.511111111,0.047644444,1,1.909090909,0.954545455,0.0623
"944",1,401531928,"Texas State","South Alabama",0.5087,1,1,0.3598,0,1,0.4827,0,5,56.5,13,2023,1,0,"Sun Belt","Sun Belt",200,-245,1,1.909090909,0.954545455,0.0087,0.333333333,0.710144928,0.026466667,-0.069944928,1,0,1,3,1.5,0.026466667,0,0,0.954545455,0.0173
"945",0,401539483,"Georgia","Alabama",0.4177,0,0,0.6604,1,0,0.532,1,-5,56,14,2023,0,1,"SEC","SEC",-205,170,1,1.909090909,0.954545455,0.0823,0.672131148,0.37037037,-0.011731148,-0.03077037,0,0,0,1,1.35,-0.011731148,0,0,0.954545455,0.032
"946",1,401539484,"Troy","App State",0.5365,1,1,0.6213,1,1,0.4323,0,-6.5,51.5,14,2023,1,0,"Sun Belt","Sun Belt",-225,185,1,1.909090909,0.954545455,0.0365,0.692307692,0.350877193,-0.071007692,0.027822807,0,1,0,0,0.722222222,0.027822807,0,0,0.954545455,0.0677
"947",0,401539478,"Louisville","Florida State",0.4614,0,0,0.3701,0,0,0.4761,0,3.5,51,14,2023,0,1,"ACC","ACC",-118,-102,1,1.909090909,0.954545455,0.0386,0.541284404,0.504950495,-0.171184404,0.124949505,0,1,1,1.980392157,0.990196078,0.124949505,1,1.909090909,0.954545455,0.0239
"948",1,401539480,"Michigan","Iowa",0.4246,0,1,0.8963,1,0,0.3494,0,-23.5,35,14,2023,0,1,"Big Ten","Big Ten",-2400,1200,0,0,0.954545455,0.0754,0.96,0.076923077,-0.0637,0.026776923,0,1,0,0,0.520833333,0.026776923,1,1.909090909,0.954545455,0.1506
"949",0,401539481,"Toledo","Miami (OH)",0.4563,0,0,0.6914,1,0,0.5365,1,-8.5,46,14,2023,0,1,"Mid-American","Mid-American",-250,205,1,1.909090909,0.954545455,0.0437,0.714285714,0.327868852,-0.022885714,-0.019268852,0,0,0,1,1.525,-0.019268852,0,0,0.954545455,0.0365
"950",1,401539479,"Texas","Oklahoma State",0.5228,1,1,0.8791,1,1,0.4892,0,-14,55,14,2023,0,1,"Big 12","Big 12",-650,470,1,1.909090909,0.954545455,0.0228,0.866666667,0.175438596,0.012433333,-0.054538596,1,0,1,1.153846154,0.576923077,0.012433333,0,0,0.954545455,0.0108
"951",0,401539477,"Tulane","SMU",0.5102,1,0,0.6535,1,0,0.4508,0,-4,50.5,14,2023,1,0,"American Athletic","American Athletic",-135,114,0,0,0.954545455,0.0102,0.574468085,0.46728972,0.079031915,-0.12078972,1,0,0,0,1.07,0.079031915,1,1.909090909,0.954545455,0.0492
"952",0,401520445,"Navy","Army",0.4962,0,0,0.4569,0,0,0.4877,0,2,28,15,2023,0,1,"American Athletic","FBS Independents",120,-142,1,1.909090909,0.954545455,0.0038,0.454545455,0.58677686,0.002354545,-0.04367686,1,0,0,0,0.852112676,0.002354545,1,1.909090909,0.954545455,0.0123
"953",0,401551742,"James Madison","Air Force",0.5421,1,0,0.6164,1,1,0.4645,0,2.5,43.5,20,2023,0,1,"Sun Belt","Mountain West",-160,135,0,0,0.954545455,0.0421,0.615384615,0.425531915,0.001015385,-0.041931915,1,0,0,0,1.175,0.001015385,0,0,0.954545455,0.0355
"954",1,401551731,"Miami (OH)","App State",0.5074,1,0,0.4353,0,0,0.4772,0,4.5,40.5,20,2023,0,1,"Mid-American","Sun Belt",185,-225,1,1.909090909,0.954545455,0.0074,0.350877193,0.692307692,0.084422807,-0.127607692,1,0,0,0,0.722222222,0.084422807,1,1.909090909,0.954545455,0.0228
"955",0,401551765,"Oklahoma","Arizona",0.4394,0,0,0.4192,0,0,0.4621,0,1,64.5,20,2023,0,1,"Big 12","Pac-12",110,-130,1,1.909090909,0.954545455,0.0606,0.476190476,0.565217391,-0.056990476,0.015582609,0,1,1,1.769230769,0.884615385,0.015582609,1,1.909090909,0.954545455,0.0379
"956",1,401551741,"Northern Illinois","Arkansas State",0.653,1,1,0.5834,1,0,0.5345,1,2.5,53.5,20,2023,0,1,"Mid-American","Sun Belt",-110,-110,1,1.909090909,0.954545455,0.153,0.523809524,0.523809524,0.059590476,-0.107209524,1,0,1,1.909090909,0.954545455,0.059590476,0,0,0.954545455,0.0345
"957",1,401551770,"Maryland","Auburn",0.389,0,1,0.4749,0,0,0.5143,1,1.5,48.5,20,2023,0,1,"Big Ten","SEC",160,-192,0,0,0.954545455,0.111,0.384615385,0.657534247,0.090284615,-0.132434247,1,0,1,2.6,1.3,0.090284615,0,0,0.954545455,0.0143
"958",1,401551752,"UCLA","Boise State",0.5562,1,1,0.5772,1,1,0.4488,0,-2.5,44.5,20,2023,0,1,"Pac-12","Mountain West",-258,210,1,1.909090909,0.954545455,0.0562,0.720670391,0.322580645,-0.143470391,0.100219355,0,1,0,0,0.69379845,0.100219355,0,0,0.954545455,0.0512
"959",0,401551750,"SMU","Boston College",0.4348,0,0,0.7866,1,0,0.4796,0,-13.5,48.5,20,2023,0,1,"American Athletic","ACC",-435,325,1,1.909090909,0.954545455,0.0652,0.813084112,0.235294118,-0.026484112,-0.021894118,0,0,0,1,2.125,-0.021894118,1,1.909090909,0.954545455,0.0204
"960",1,401551756,"Minnesota","Bowling Green",0.5249,1,1,0.616,1,1,0.5469,1,-2.5,44.5,20,2023,0,1,"Big Ten","Mid-American",-180,155,1,1.909090909,0.954545455,0.0249,0.642857143,0.392156863,-0.026857143,-0.008156863,0,0,0,1,0.777777778,-0.008156863,1,1.909090909,0.954545455,0.0469
"961",1,401551753,"Texas Tech","California",0.4605,0,1,0.4702,0,0,0.4471,0,-1.5,56.5,20,2023,0,1,"Big 12","Pac-12",-180,150,0,0,0.954545455,0.0395,0.642857143,0.4,-0.172657143,0.1298,0,1,0,0,0.777777778,0.1298,1,1.909090909,0.954545455,0.0529
"962",1,401551766,"Kentucky","Clemson",0.5182,1,0,0.2717,0,1,0.4948,0,7.5,48.5,20,2023,0,1,"SEC","ACC",142,-170,1,1.909090909,0.954545455,0.0182,0.41322314,0.62962963,-0.14152314,0.09867037,0,1,1,1.588235294,0.794117647,0.09867037,0,0,0.954545455,0.0052
"963",0,401551746,"San José State","Coastal Carolina",0.5326,1,0,0.7551,1,0,0.4797,0,-7.5,54.5,20,2023,0,1,"Mountain West","Sun Belt",-310,250,0,0,0.954545455,0.0326,0.756097561,0.285714286,-0.000997561,-0.040814286,0,0,0,1,1.75,-0.000997561,1,1.909090909,0.954545455,0.0203
"964",0,401551739,"Troy","Duke",0.4874,0,0,0.6096,1,0,0.4702,0,-6.5,44.5,20,2023,0,1,"Sun Belt","ACC",250,-300,1,1.909090909,0.954545455,0.0126,0.285714286,0.75,0.323885714,-0.3596,1,0,0,0,0.666666667,0.323885714,1,1.909090909,0.954545455,0.0298
"965",1,401551773,"Georgia","Florida State",0.4779,0,1,0.7266,1,1,0.534,1,-13.5,45,20,2023,0,1,"SEC","ACC",-2100,1100,0,0,0.954545455,0.0221,0.954545455,0.083333333,-0.227945455,0.190066667,0,1,0,0,0.523809524,0.190066667,1,1.909090909,0.954545455,0.034
"966",0,401551732,"New Mexico State","Fresno State",0.5818,1,0,0.5054,1,0,0.5308,1,-1,53.5,20,2023,0,1,"Conference USA","Mountain West",-166,140,0,0,0.954545455,0.0818,0.62406015,0.416666667,-0.11866015,0.077933333,0,1,1,2.4,1.2,0.077933333,0,0,0.954545455,0.0308
"967",1,401551733,"Ohio","Georgia Southern",0.5533,1,1,0.5893,1,1,0.4858,0,-1.5,48.5,20,2023,0,1,"Mid-American","Sun Belt",102,-122,1,1.909090909,0.954545455,0.0533,0.495049505,0.54954955,0.094250495,-0.13884955,1,0,1,2.02,1.01,0.094250495,0,0,0.954545455,0.0142
"968",0,401551743,"Utah State","Georgia State",0.5966,1,0,0.5665,1,1,0.5411,1,-1.5,57.5,20,2023,0,1,"Mountain West","Sun Belt",-110,-110,0,0,0.954545455,0.0966,0.523809524,0.523809524,0.042690476,-0.090309524,1,0,0,0,0.954545455,0.042690476,1,1.909090909,0.954545455,0.0411
"969",0,401551754,"UCF","Georgia Tech",0.5028,1,0,0.5938,1,0,0.5223,1,-6.5,65.5,20,2023,0,1,"Big 12","ACC",175,-210,0,0,0.954545455,0.0028,0.363636364,0.677419355,0.230163636,-0.271219355,1,0,0,0,0.738095238,0.230163636,0,0,0.954545455,0.0223
"970",1,401551780,"Tennessee","Iowa",0.389,0,1,0.6907,1,0,0.495,0,-8,36,20,2023,0,1,"SEC","Big Ten",-198,164,0,0,0.954545455,0.111,0.66442953,0.378787879,0.02627047,-0.069487879,1,0,1,1.505050505,0.752525253,0.02627047,1,1.909090909,0.954545455,0.005
"971",0,401551751,"Louisiana","Jacksonville State",0.5456,1,0,0.4534,0,1,0.4826,0,-1.5,57.5,20,2023,0,1,"Sun Belt","Conference USA",140,-166,0,0,0.954545455,0.0456,0.416666667,0.62406015,0.036733333,-0.07746015,1,0,0,0,0.801204819,0.036733333,0,0,0.954545455,0.0174
"972",0,401551757,"UNLV","Kansas",0.4588,0,0,0.1887,0,1,0.6102,1,10.5,64.5,20,2023,0,1,"Mountain West","Big 12",250,-310,1,1.909090909,0.954545455,0.0412,0.285714286,0.756097561,-0.097014286,0.055202439,0,1,1,1.322580645,0.661290323,0.055202439,1,1.909090909,0.954545455,0.1102
"973",0,401551764,"NC State","Kansas State",0.3729,0,0,0.2795,0,0,0.5599,1,5.5,48.5,20,2023,0,1,"ACC","Big 12",124,-148,1,1.909090909,0.954545455,0.1271,0.446428571,0.596774194,-0.166928571,0.123725806,0,1,1,1.675675676,0.837837838,0.123725806,0,0,0.954545455,0.0599
"974",1,401551778,"Wisconsin","LSU",0.6792,1,0,0.1913,0,1,0.5421,1,10,55,20,2023,0,1,"Big Ten","SEC",270,-340,1,1.909090909,0.954545455,0.1792,0.27027027,0.772727273,-0.07897027,0.035972727,0,1,1,1.294117647,0.647058824,0.035972727,1,1.909090909,0.954545455,0.0421
"975",1,401551782,"Oregon","Liberty",0.563,1,1,0.9231,1,0,0.4827,0,-16.5,64.5,20,2023,0,1,"Pac-12","Conference USA",-1100,700,1,1.909090909,0.954545455,0.063,0.916666667,0.125,0.006433333,-0.0481,1,0,1,1.090909091,0.545454545,0.006433333,1,1.909090909,0.954545455,0.0173
"976",1,401581109,"USC","Louisville",0.5553,1,1,0.5462,1,1,0.5245,1,4.5,56.5,20,2023,0,1,"Pac-12","ACC",260,-320,1,1.909090909,0.954545455,0.0553,0.277777778,0.761904762,0.268422222,-0.308104762,1,0,1,3.6,1.8,0.268422222,1,1.909090909,0.954545455,0.0245
"977",1,401551735,"UTSA","Marshall",0.4854,0,1,0.6908,1,1,0.552,1,-8.5,46.5,20,2023,0,1,"American Athletic","Sun Belt",-250,205,0,0,0.954545455,0.0146,0.714285714,0.327868852,-0.023485714,-0.018668852,0,0,0,1,0.7,-0.018668852,1,1.909090909,0.954545455,0.052
"978",1,401551762,"Rutgers","Miami",0.4947,0,1,0.4722,0,1,0.5175,1,-2.5,40.5,20,2023,0,1,"Big Ten","ACC",115,-135,0,0,0.954545455,0.0053,0.465116279,0.574468085,0.007083721,-0.046668085,1,0,1,2.15,1.075,0.007083721,1,1.909090909,0.954545455,0.0175
"979",0,401551768,"Ohio State","Missouri",0.5261,1,0,0.7101,1,0,0.4929,0,-6.5,51.5,20,2023,0,1,"Big Ten","SEC",-192,160,0,0,0.954545455,0.0261,0.657534247,0.384615385,0.052565753,-0.094715385,1,0,0,0,1.3,0.052565753,1,1.909090909,0.954545455,0.0071
"980",1,401551761,"West Virginia","North Carolina",0.5641,1,1,0.5901,1,0,0.5296,1,-3.5,61.5,20,2023,0,1,"Big 12","ACC",-160,135,1,1.909090909,0.954545455,0.0641,0.615384615,0.425531915,-0.025284615,-0.015631915,0,0,0,1,0.8125,-0.015631915,0,0,0.954545455,0.0296
"981",0,401551798,"Oregon State","Notre Dame",0.4575,0,0,0.3313,0,1,0.4839,0,5.5,40.5,20,2023,0,1,"Pac-12","FBS Independents",-250,210,1,1.909090909,0.954545455,0.0425,0.714285714,0.322580645,-0.382985714,0.346119355,0,1,1,3.1,1.55,0.346119355,0,0,0.954545455,0.0161
"982",0,401551749,"Texas A&M","Oklahoma State",0.5163,1,0,0.5875,1,1,0.4565,0,-4.5,53.5,20,2023,0,1,"SEC","Big 12",160,-192,0,0,0.954545455,0.0163,0.384615385,0.657534247,0.202884615,-0.245034247,1,0,0,0,0.760416667,0.202884615,0,0,0.954545455,0.0435
"983",1,401551469,"Western Kentucky","Old Dominion",0.4751,0,1,0.5693,1,1,0.5848,1,-1,48.5,20,2023,0,1,"Conference USA","Sun Belt",154,-185,0,0,0.954545455,0.0249,0.393700787,0.649122807,0.175599213,-0.218422807,1,0,1,2.54,1.27,0.175599213,1,1.909090909,0.954545455,0.0848
"984",0,401551769,"Penn State","Ole Miss",0.5352,1,0,0.6737,1,1,0.5859,1,-3.5,48.5,20,2023,0,1,"Big Ten","SEC",-192,160,0,0,0.954545455,0.0352,0.657534247,0.384615385,0.016165753,-0.058315385,1,0,0,0,1.3,0.016165753,1,1.909090909,0.954545455,0.0859
"985",1,401551748,"Texas State","Rice",0.5917,1,1,0.6262,1,1,0.435,0,-3.5,59.5,20,2023,0,1,"Sun Belt","American Athletic",-195,165,1,1.909090909,0.954545455,0.0917,0.661016949,0.377358491,-0.034816949,-0.003558491,0,0,0,1,0.756410256,-0.003558491,0,0,0.954545455,0.065
"986",0,401551737,"Syracuse","South Florida",0.4807,0,0,0.5839,1,0,0.3155,0,-5.5,55.5,20,2023,0,1,"ACC","American Athletic",100,-120,1,1.909090909,0.954545455,0.0193,0.5,0.545454545,0.0839,-0.129354545,1,0,0,0,0.916666667,0.0839,1,1.909090909,0.954545455,0.1845
"987",0,401554566,"Wyoming","Toledo",0.5607,1,1,0.6415,1,0,0.48,0,-4.5,44.5,20,2023,0,1,"Mountain West","Mid-American",-130,110,0,0,0.954545455,0.0607,0.565217391,0.476190476,0.076282609,-0.117690476,1,0,1,1.769230769,0.884615385,0.076282609,1,1.909090909,0.954545455,0.02
"988",1,401551758,"Virginia Tech","Tulane",0.5307,1,1,0.7512,1,1,0.4595,0,-12.5,44.5,20,2023,0,1,"ACC","American Athletic",-285,235,1,1.909090909,0.954545455,0.0307,0.74025974,0.298507463,0.01094026,-0.049707463,1,0,1,1.350877193,0.675438596,0.01094026,0,0,0.954545455,0.0405
"989",1,401551786,"Michigan","Alabama",0.4963,0,1,0.538,1,1,0.4792,0,-1.5,46,22,2023,0,1,"Big Ten","SEC",-130,110,0,0,0.954545455,0.0037,0.565217391,0.476190476,-0.027217391,-0.014190476,0,0,0,1,0.884615385,-0.014190476,0,0,0.954545455,0.0208
"990",1,401551788,"Washington","Texas",0.5532,1,1,0.5027,1,1,0.5127,1,4.5,64,22,2023,0,1,"Pac-12","Big 12",140,-166,1,1.909090909,0.954545455,0.0532,0.416666667,0.62406015,0.086033333,-0.12676015,1,0,1,2.4,1.2,0.086033333,1,1.909090909,0.954545455,0.0127
"991",0,401551789,"Washington","Michigan",0.5293,1,0,0.4189,0,0,0.6568,1,4.5,55.5,23,2023,0,1,"Pac-12","Big Ten",NA,NA,0,0,0.954545455,0.0293,NA,NA,NA,NA,NA,NA,NA,NA,NA,NA,0,0,0.954545455,0.1568
"992",1,401628370,"South Carolina","Akron",0.5134,1,1,0.9104,1,1,0.5051,1,-25,42,4,2024,1,0,"SEC","Mid-American",-2400,1200,1,1.909090909,0.954545455,0.0134,0.96,0.076923077,-0.0496,0.012676923,0,1,0,0,0.520833333,0.012676923,1,1.909090909,0.954545455,0.0051
"993",1,401636877,"Texas Tech","Arizona State",0.5061,1,1,0.6414,1,0,0.4705,0,-4.5,58.5,4,2024,1,0,"Big 12","Big 12",-198,164,1,1.909090909,0.954545455,0.0061,0.66442953,0.378787879,-0.02302953,-0.020187879,0,0,0,1,0.752525253,-0.020187879,1,1.909090909,0.954545455,0.0295
"994",0,401628363,"Auburn","Arkansas",0.4405,0,0,0.3832,0,0,0.375,0,-2.5,53.5,4,2024,1,0,"SEC","SEC",-142,120,1,1.909090909,0.954545455,0.0595,0.58677686,0.454545455,-0.20357686,0.162254545,0,1,1,2.2,1.1,0.162254545,1,1.909090909,0.954545455,0.125
"995",1,401636875,"Iowa State","Arkansas State",0.4996,0,1,0.8718,1,1,0.679,1,-20.5,52,4,2024,1,0,"Big 12","Sun Belt",-1600,900,0,0,0.954545455,4e-04,0.941176471,0.1,-0.069376471,0.0282,0,1,0,0,0.53125,0.0282,1,1.909090909,0.954545455,0.179
"996",0,401644735,"Central Michigan","Ball State",0.3938,0,1,0.6223,1,1,0.3796,0,-6.5,50.5,4,2024,1,0,"Mid-American","Mid-American",-218,180,1,1.909090909,0.954545455,0.1062,0.685534591,0.357142857,-0.063234591,0.020557143,0,1,0,0,0.729357798,0.020557143,0,0,0.954545455,0.1204
"997",1,401636874,"Colorado","Baylor",0.4457,0,1,0.5214,1,1,0.5666,1,-2.5,52.5,4,2024,1,0,"Big 12","Big 12",-135,114,0,0,0.954545455,0.0543,0.574468085,0.46728972,-0.053068085,0.01131028,0,1,0,0,0.87037037,0.01131028,1,1.909090909,0.954545455,0.0666
"998",0,401628372,"Texas A&M","Bowling Green",0.4715,0,1,0.8939,1,0,0.4844,0,-21,50.5,4,2024,1,0,"SEC","Mid-American",-1450,850,1,1.909090909,0.954545455,0.0285,0.935483871,0.105263158,-0.041583871,0.000836842,0,1,0,0,0.534482759,0.000836842,1,1.909090909,0.954545455,0.0156
"999",0,401644736,"Northern Illinois","Buffalo",0.4709,0,0,0.7662,1,0,0.42,0,-13,43,4,2024,1,0,"Mid-American","Mid-American",-535,400,1,1.909090909,0.954545455,0.0291,0.842519685,0.2,-0.076319685,0.0338,0,1,1,5,2.5,0.0338,1,1.909090909,0.954545455,0.08
"1000",1,401635551,"Florida State","California",0.623,1,1,0.5726,1,0,0.5295,1,-3,44,4,2024,1,0,"ACC","ACC",-142,120,1,1.909090909,0.954545455,0.123,0.58677686,0.454545455,-0.01417686,-0.027145455,0,0,0,1,0.852112676,-0.01417686,0,0,0.954545455,0.0295
"1001",1,401628486,"Indiana","Charlotte",0.5257,1,1,0.9392,1,1,0.526,1,-28.5,51,4,2024,1,0,"Big Ten","American Athletic",-6500,2000,1,1.909090909,0.954545455,0.0257,0.984848485,0.047619048,-0.045648485,0.013180952,0,1,0,0,0.507692308,0.013180952,1,1.909090909,0.954545455,0.026
"1002",0,401635553,"Middle Tennessee","Duke",0.5358,1,0,0.1403,0,1,0.4586,0,14.5,51,4,2024,1,0,"Conference USA","ACC",455,-625,0,0,0.954545455,0.0358,0.18018018,0.862068966,-0.03988018,-0.002368966,0,0,0,1,0.58,-0.002368966,0,0,0.954545455,0.0414
"1003",1,401640991,"Liberty","East Carolina",0.3495,0,1,0.6456,1,1,0.5857,1,-7.5,55,4,2024,1,0,"Conference USA","American Athletic",-285,230,0,0,0.954545455,0.1505,0.74025974,0.303030303,-0.09465974,0.051369697,0,1,0,0,0.675438596,0.051369697,1,1.909090909,0.954545455,0.0857
"1004",0,401628367,"Mississippi State","Florida",0.4654,0,0,0.2673,0,1,0.5861,1,6.5,57.5,4,2024,1,0,"SEC","SEC",190,-230,1,1.909090909,0.954545455,0.0346,0.344827586,0.696969697,-0.077527586,0.035730303,0,1,1,1.434782609,0.717391304,0.035730303,1,1.909090909,0.954545455,0.0861
"1005",1,401629031,"UConn","Florida Atlantic",0.6664,1,1,0.6506,1,1,0.5133,1,-1,45.5,4,2024,1,0,"FBS Independents","American Athletic",-112,-108,1,1.909090909,0.954545455,0.1664,0.528301887,0.519230769,0.122298113,-0.169830769,1,0,1,1.892857143,0.946428571,0.122298113,1,1.909090909,0.954545455,0.0133
"1006",0,401643711,"New Mexico","Fresno State",0.5087,1,0,0.2091,0,0,0.4483,0,12,61,4,2024,1,0,"Mountain West","Mountain West",370,-485,0,0,0.954545455,0.0087,0.212765957,0.829059829,-0.003665957,-0.038159829,0,0,0,1,0.603092784,-0.003665957,1,1.909090909,0.954545455,0.0517
"1007",1,401628366,"Ole Miss","Georgia Southern",0.3953,0,1,0.929,1,0,0.4712,0,-35,68.5,4,2024,1,0,"SEC","Sun Belt",-7500,2500,0,0,0.954545455,0.1047,0.986842105,0.038461538,-0.057842105,0.032538462,0,1,0,0,0.506666667,0.032538462,1,1.909090909,0.954545455,0.0288
"1008",1,401635554,"Louisville","Georgia Tech",0.4443,0,1,0.7468,1,0,0.5173,1,-9.5,56,4,2024,1,0,"ACC","ACC",-325,260,0,0,0.954545455,0.0557,0.764705882,0.277777778,-0.017905882,-0.024577778,0,0,0,1,0.653846154,-0.017905882,0,0,0.954545455,0.0173
"1009",0,401628485,"Nebraska","Illinois",0.4347,0,0,0.7318,1,1,0.5157,1,-9,42.5,4,2024,1,0,"Big Ten","Big Ten",-375,295,1,1.909090909,0.954545455,0.0653,0.789473684,0.253164557,-0.057673684,0.015035443,0,1,1,3.95,1.975,0.015035443,1,1.909090909,0.954545455,0.0157
"1010",0,401628487,"Minnesota","Iowa",0.4622,0,0,0.3411,0,1,0.2918,0,3,34.5,4,2024,1,0,"Big Ten","Big Ten",120,-142,1,1.909090909,0.954545455,0.0378,0.454545455,0.58677686,-0.113445455,0.07212314,0,1,1,1.704225352,0.852112676,0.07212314,0,0,0.954545455,0.2082
"1011",0,401635556,"North Carolina","James Madison",0.523,1,0,0.771,1,1,0.6531,1,-11,48.5,4,2024,1,0,"ACC","Sun Belt",-455,350,0,0,0.954545455,0.023,0.81981982,0.222222222,-0.04881982,0.006777778,0,1,1,4.5,2.25,0.006777778,1,1.909090909,0.954545455,0.1531
"1012",1,401636879,"West Virginia","Kansas",0.5915,1,1,0.6496,1,1,0.4701,0,-1,55,4,2024,1,0,"Big 12","Big 12",-115,-105,1,1.909090909,0.954545455,0.0915,0.534883721,0.512195122,0.114716279,-0.161795122,1,0,1,1.869565217,0.934782609,0.114716279,0,0,0.954545455,0.0299
"1013",1,401628493,"Penn State","Kent State",0.306,0,1,0.9429,1,0,0.5189,1,-49,58,4,2024,1,0,"Big Ten","Mid-American",NA,NA,0,0,0.954545455,0.194,NA,NA,NA,NA,NA,NA,NA,NA,NA,NA,0,0,0.954545455,0.0189
"1014",0,401628492,"Ohio State","Marshall",0.538,1,1,0.9336,1,1,0.5677,1,-40,57,4,2024,1,0,"Big Ten","Sun Belt",NA,NA,0,0,0.954545455,0.038,NA,NA,NA,NA,NA,NA,NA,NA,NA,NA,1,1.909090909,0.954545455,0.0677
"1015",1,401645329,"Navy","Memphis",0.6153,1,1,0.3098,0,1,0.4572,0,9.5,47,4,2024,1,0,"American Athletic","American Athletic",250,-310,1,1.909090909,0.954545455,0.1153,0.285714286,0.756097561,0.024085714,-0.065897561,1,0,1,3.5,1.75,0.024085714,0,0,0.954545455,0.0428
"1016",0,401635555,"South Florida","Miami",0.5464,1,0,0.1097,0,1,0.4395,0,17,64.5,4,2024,1,0,"American Athletic","ACC",600,-900,0,0,0.954545455,0.0464,0.142857143,0.9,-0.033157143,-0.0097,0,0,0,1,0.555555556,-0.0097,0,0,0.954545455,0.0605
"1017",0,401628979,"Notre Dame","Miami (OH)",0.3297,0,1,0.9137,1,0,0.585,1,-27.5,44,4,2024,1,0,"FBS Independents","Mid-American",-4500,1700,1,1.909090909,0.954545455,0.1703,0.97826087,0.055555556,-0.06456087,0.030744444,0,1,0,0,0.511111111,0.030744444,0,0,0.954545455,0.085
"1018",1,401641034,"Sam Houston","New Mexico State",0.413,0,1,0.8933,1,0,0.5743,1,-15,44.5,4,2024,1,0,"Conference USA","Conference USA",-700,500,0,0,0.954545455,0.087,0.875,0.166666667,0.0183,-0.059966667,1,0,1,1.142857143,0.571428571,0.0183,0,0,0.954545455,0.0743
"1019",1,401628491,"Washington","Northwestern",0.4842,0,1,0.8239,1,0,0.522,1,-11.5,42.5,4,2024,1,0,"Big Ten","Big Ten",-455,350,0,0,0.954545455,0.0158,0.81981982,0.222222222,0.00408018,-0.046122222,1,0,1,1.21978022,0.60989011,0.00408018,0,0,0.954545455,0.022
"1020",0,401628494,"Virginia Tech","Rutgers",0.3726,0,0,0.5911,1,1,0.4991,0,-3.5,44.5,4,2024,1,0,"ACC","Big Ten",-150,130,1,1.909090909,0.954545455,0.1274,0.6,0.434782609,-0.0089,-0.025882609,0,0,0,1,1.15,-0.0089,0,0,0.954545455,9e-04
"1021",0,401643714,"Washington State","San José State",0.4413,0,1,0.7594,1,1,0.5475,1,-13,55.5,4,2024,1,0,"Pac-12","Mountain West",-535,400,1,1.909090909,0.954545455,0.0587,0.842519685,0.2,-0.083119685,0.0406,0,1,0,0,0.593457944,0.0406,1,1.909090909,0.954545455,0.0475
"1022",0,401634766,"Syracuse","Stanford",0.5494,1,0,0.7802,1,0,0.6176,1,-9.5,56.5,4,2024,1,0,"ACC","ACC",-345,275,0,0,0.954545455,0.0494,0.775280899,0.266666667,0.004919101,-0.046866667,1,0,0,0,1.875,0.004919101,0,0,0.954545455,0.1176
"1023",1,401641037,"Western Kentucky","Toledo",0.5301,1,1,0.4538,0,0,0.5039,1,2,60.5,4,2024,1,0,"Conference USA","Mid-American",102,-122,1,1.909090909,0.954545455,0.0301,0.495049505,0.54954955,-0.041249505,-0.00334955,0,0,0,1,1.01,-0.00334955,0,0,0.954545455,0.0039
"1024",1,401643718,"Wyoming","Air Force",0.4743,0,1,0.3624,0,1,0.4241,0,4,33.5,5,2024,1,0,"Mountain West","Mountain West",145,-175,0,0,0.954545455,0.0257,0.408163265,0.636363636,-0.045763265,0.001236364,0,1,0,0,1.225,0.001236364,0,0,0.954545455,0.0759
"1025",1,401644738,"Ohio","Akron",0.6577,1,1,0.8733,1,0,0.4227,0,-8.5,46,5,2024,1,0,"Mid-American","Mid-American",-325,260,1,1.909090909,0.954545455,0.1577,0.764705882,0.277777778,0.108594118,-0.151077778,1,0,1,1.307692308,0.653846154,0.108594118,1,1.909090909,0.954545455,0.0773
"1026",0,401636886,"Utah","Arizona",0.355,0,0,0.7164,1,0,0.5683,1,-7.5,47,5,2024,1,0,"Big 12","Big 12",-285,230,1,1.909090909,0.954545455,0.145,0.74025974,0.303030303,-0.02385974,-0.019430303,0,0,0,1,1.65,-0.019430303,0,0,0.954545455,0.0683
"1027",0,401628373,"Texas A&M","Arkansas",0.4821,0,1,0.5769,1,0,0.5076,1,-6.5,50.5,5,2024,0,1,"SEC","SEC",-230,190,1,1.909090909,0.954545455,0.0179,0.696969697,0.344827586,-0.120069697,0.078272414,0,1,0,0,0.717391304,0.078272414,0,0,0.954545455,0.0076
"1028",0,401645331,"Temple","Army",0.4074,0,0,0.1782,0,1,0.494,0,11,46.5,5,2024,1,0,"American Athletic","American Athletic",350,-455,1,1.909090909,0.954545455,0.0926,0.222222222,0.81981982,-0.044022222,0.00198018,0,1,1,1.21978022,0.60989011,0.00198018,0,0,0.954545455,0.006
"1029",1,401643793,"James Madison","Ball State",0.6081,1,1,0.9078,1,1,0.4244,0,-22,56.5,5,2024,1,0,"Sun Belt","Mid-American",-1600,900,1,1.909090909,0.954545455,0.1081,0.941176471,0.1,-0.033376471,-0.0078,0,0,0,1,0.53125,-0.0078,0,0,0.954545455,0.0756
"1030",1,401629032,"UConn","Buffalo",0.5403,1,1,0.7573,1,1,0.411,0,-6,44.5,5,2024,1,0,"FBS Independents","Mid-American",-218,180,1,1.909090909,0.954545455,0.0403,0.685534591,0.357142857,0.071765409,-0.114442857,1,0,1,1.458715596,0.729357798,0.071765409,0,0,0.954545455,0.089
"1031",0,401645333,"Rice","Charlotte",0.5079,1,0,0.6645,1,0,0.5485,1,-4,48,5,2024,1,0,"American Athletic","American Athletic",-185,154,0,0,0.954545455,0.0079,0.649122807,0.393700787,0.015377193,-0.058200787,1,0,0,0,1.27,0.015377193,0,0,0.954545455,0.0485
"1032",0,401636884,"Texas Tech","Cincinnati",0.5233,1,1,0.7512,1,1,0.5395,1,-3,60,5,2024,1,0,"Big 12","Big 12",-155,130,0,0,0.954545455,0.0233,0.607843137,0.434782609,0.143356863,-0.185982609,1,0,1,1.64516129,0.822580645,0.143356863,1,1.909090909,0.954545455,0.0395
"1033",0,401636885,"UCF","Colorado",0.4266,0,0,0.6791,1,1,0.4899,0,-12.5,60.5,5,2024,1,0,"Big 12","Big 12",-455,350,1,1.909090909,0.954545455,0.0734,0.81981982,0.222222222,-0.14071982,0.098677778,0,1,1,4.5,2.25,0.098677778,0,0,0.954545455,0.0101
"1034",0,401644739,"Kent State","Eastern Michigan",0.4701,0,0,0.1741,0,1,0.4336,0,14,46,5,2024,1,0,"Mid-American","Mid-American",425,-575,1,1.909090909,0.954545455,0.0299,0.19047619,0.851851852,-0.01637619,-0.025951852,0,0,0,1,0.586956522,-0.01637619,0,0,0.954545455,0.0664
"1035",1,401635563,"SMU","Florida State",0.558,1,1,0.7398,1,1,0.5983,1,-6,46,5,2024,1,0,"ACC","ACC",-205,170,1,1.909090909,0.954545455,0.058,0.672131148,0.37037037,0.067668852,-0.11017037,1,0,1,1.487804878,0.743902439,0.067668852,1,1.909090909,0.954545455,0.0983
"1036",0,401643792,"Georgia State","Georgia Southern",0.3638,0,0,0.3247,0,1,0.4107,0,-3.5,57.5,5,2024,1,0,"Sun Belt","Sun Belt",-155,130,1,1.909090909,0.954545455,0.1362,0.607843137,0.434782609,-0.283143137,0.240517391,0,1,1,2.3,1.15,0.240517391,0,0,0.954545455,0.0893
"1037",0,401628495,"Penn State","Illinois",0.4828,0,1,0.9124,1,0,0.5476,1,-19.5,48,5,2024,1,0,"Big Ten","Big Ten",-1100,700,1,1.909090909,0.954545455,0.0172,0.916666667,0.125,-0.004266667,-0.0374,0,0,0,1,0.545454545,-0.004266667,0,0,0.954545455,0.0476
"1038",1,401636882,"TCU","Kansas",0.5782,1,1,0.7249,1,1,0.4497,0,1.5,58.5,5,2024,0,1,"Big 12","Big 12",-102,-118,1,1.909090909,0.954545455,0.0782,0.504950495,0.541284404,0.219949505,-0.266184404,1,0,1,1.980392157,0.990196078,0.219949505,0,0,0.954545455,0.0503
"1039",0,401628377,"Ole Miss","Kentucky",0.4842,0,0,0.8724,1,0,0.4206,0,-15,51.5,5,2024,1,0,"SEC","SEC",-700,500,1,1.909090909,0.954545455,0.0158,0.875,0.166666667,-0.0026,-0.039066667,0,0,0,1,3,-0.0026,1,1.909090909,0.954545455,0.0794
"1040",0,401635659,"Wake Forest","Louisiana",0.4624,0,0,0.5875,1,1,0.5209,1,-3,59.5,5,2024,1,0,"ACC","Sun Belt",-155,130,1,1.909090909,0.954545455,0.0376,0.607843137,0.434782609,-0.020343137,-0.022282609,0,0,0,1,1.15,-0.020343137,1,1.909090909,0.954545455,0.0209
"1041",1,401628980,"Notre Dame","Louisville",0.507,1,1,0.745,1,1,0.457,0,-6.5,45,5,2024,1,0,"FBS Independents","ACC",-245,200,1,1.909090909,0.954545455,0.007,0.710144928,0.333333333,0.034855072,-0.078333333,1,0,1,1.408163265,0.704081633,0.034855072,0,0,0.954545455,0.043
"1042",0,401629043,"Miami (OH)","Massachusetts",0.5626,1,1,0.9097,1,0,0.5469,1,-15.5,44.5,5,2024,1,0,"Mid-American","FBS Independents",-750,525,0,0,0.954545455,0.0626,0.882352941,0.16,0.027347059,-0.0697,1,0,1,1.133333333,0.566666667,0.027347059,0,0,0.954545455,0.0469
"1043",0,401628378,"Texas","Mississippi State",0.455,0,1,0.9352,1,0,0.4507,0,-37,58.5,5,2024,1,0,"SEC","SEC",-20000,4000,1,1.909090909,0.954545455,0.045,0.995024876,0.024390244,-0.059824876,0.040409756,0,1,0,0,0.5025,0.040409756,1,1.909090909,0.954545455,0.0493
"1044",0,401645332,"UAB","Navy",0.4919,0,0,0.3235,0,1,0.5585,1,4.5,56.5,5,2024,1,0,"American Athletic","American Athletic",150,-180,1,1.909090909,0.954545455,0.0081,0.4,0.642857143,-0.0765,0.033642857,0,1,1,1.555555556,0.777777778,0.033642857,1,1.909090909,0.954545455,0.0585
"1045",0,401628499,"Purdue","Nebraska",0.3662,0,0,0.1307,0,0,0.5562,1,10,47.5,5,2024,1,0,"Big Ten","Big Ten",300,-380,1,1.909090909,0.954545455,0.1338,0.25,0.791666667,-0.1193,0.077633333,0,1,1,1.263157895,0.631578947,0.077633333,0,0,0.954545455,0.0562
"1046",0,401641035,"New Mexico State","New Mexico",0.4636,0,0,0.2028,0,1,0.3956,0,9.5,54,5,2024,1,0,"Conference USA","Mountain West",280,-355,1,1.909090909,0.954545455,0.0364,0.263157895,0.78021978,-0.060357895,0.01698022,0,1,1,1.281690141,0.64084507,0.01698022,0,0,0.954545455,0.1044
"1047",1,401628500,"UCLA","Oregon",0.505,1,0,0.1094,0,0,0.4964,0,23.5,54.5,5,2024,1,0,"Big Ten","Big Ten",1100,-2100,1,1.909090909,0.954545455,0.005,0.083333333,0.954545455,0.026066667,-0.063945455,1,0,0,0,0.523809524,0.026066667,1,1.909090909,0.954545455,0.0036
"1048",0,401641041,"Texas State","Sam Houston",0.4788,0,0,0.6411,1,1,0.5011,1,-11,55,5,2024,0,1,"Sun Belt","Conference USA",-410,320,1,1.909090909,0.954545455,0.0212,0.803921569,0.238095238,-0.162821569,0.120804762,0,1,1,4.2,2.1,0.120804762,1,1.909090909,0.954545455,0.0011
"1049",1,401645337,"Tulane","South Florida",0.4252,0,1,0.5421,1,0,0.3956,0,-4,60.5,5,2024,1,0,"American Athletic","American Athletic",-180,150,0,0,0.954545455,0.0748,0.642857143,0.4,-0.100757143,0.0579,0,1,0,0,0.777777778,0.0579,1,1.909090909,0.954545455,0.1044
"1050",1,401628384,"Vanderbilt","Alabama",0.558,1,1,0.1169,0,1,0.4019,0,23.5,53.5,6,2024,1,0,"SEC","SEC",1200,-2400,1,1.909090909,0.954545455,0.058,0.076923077,0.96,0.039976923,-0.0769,1,0,1,13,6.5,0.039976923,0,0,0.954545455,0.0981
"1051",1,401643799,"Marshall","App State",0.4763,0,1,0.6176,1,1,0.4812,0,-3,56.5,6,2024,1,0,"Sun Belt","Sun Belt",-155,130,0,0,0.954545455,0.0237,0.607843137,0.434782609,0.009756863,-0.052382609,1,0,1,1.64516129,0.822580645,0.009756863,0,0,0.954545455,0.0188
"1052",0,401645339,"Tulsa","Army",0.3782,0,0,0.134,0,1,0.4492,0,13.5,50.5,6,2024,1,0,"American Athletic","American Athletic",410,-550,1,1.909090909,0.954545455,0.1218,0.196078431,0.846153846,-0.062078431,0.019846154,0,1,1,1.181818182,0.590909091,0.019846154,0,0,0.954545455,0.0508
"1053",0,401628381,"Georgia","Auburn",0.3829,0,1,0.888,1,0,0.5176,1,-21,50,6,2024,1,0,"SEC","SEC",-1650,950,1,1.909090909,0.954545455,0.1171,0.942857143,0.095238095,-0.054857143,0.016761905,0,1,0,0,0.53030303,0.016761905,0,0,0.954545455,0.0176
"1054",1,401636889,"Iowa State","Baylor",0.4685,0,1,0.7048,1,1,0.6349,1,-13,45,6,2024,1,0,"Big 12","Big 12",-500,380,0,0,0.954545455,0.0315,0.833333333,0.208333333,-0.128533333,0.086866667,0,1,0,0,0.6,0.086866667,1,1.909090909,0.954545455,0.1349
"1055",1,401635567,"Virginia","Boston College",0.4269,0,1,0.377,0,0,0.4595,0,-2,52.5,6,2024,1,0,"ACC","ACC",-122,102,0,0,0.954545455,0.0731,0.54954955,0.495049505,-0.17254955,0.127950495,0,1,0,0,0.909836066,0.127950495,1,1.909090909,0.954545455,0.0405
"1056",1,401635569,"Florida State","Clemson",0.5632,1,0,0.1682,0,0,0.561,1,16.5,47,6,2024,1,0,"ACC","ACC",525,-750,1,1.909090909,0.954545455,0.0632,0.16,0.882352941,0.0082,-0.050552941,1,0,0,0,0.566666667,0.0082,0,0,0.954545455,0.061
"1057",0,401643724,"Oregon State","Colorado State",0.2415,0,1,0.545,1,1,0.4625,0,-10,47,6,2024,1,0,"Pac-12","Mountain West",-380,300,1,1.909090909,0.954545455,0.2585,0.791666667,0.25,-0.246666667,0.205,0,1,0,0,0.631578947,0.205,0,0,0.954545455,0.0375
"1058",0,401635570,"Georgia Tech","Duke",0.6372,1,1,0.8737,1,0,0.4282,0,-10,52.5,6,2024,1,0,"ACC","ACC",-375,295,0,0,0.954545455,0.1372,0.789473684,0.253164557,0.084226316,-0.126864557,1,0,1,1.266666667,0.633333333,0.084226316,1,1.909090909,0.954545455,0.0718
"1059",1,401643725,"San Diego State","Hawai'i",0.4325,0,1,0.4971,0,1,0.7032,1,-1.5,47.5,6,2024,1,0,"Mountain West","Mountain West",-115,-105,0,0,0.954545455,0.0675,0.534883721,0.512195122,-0.037783721,-0.009295122,0,0,0,1,0.934782609,-0.009295122,1,1.909090909,0.954545455,0.2032
"1060",0,401636891,"TCU","Houston",0.515,1,0,0.9034,1,0,0.5141,1,-16.5,52,6,2024,1,0,"Big 12","Big 12",-800,550,0,0,0.954545455,0.015,0.888888889,0.153846154,0.014511111,-0.057246154,1,0,0,0,3.25,0.014511111,0,0,0.954545455,0.0141
"1061",1,401628504,"Ohio State","Iowa",0.5509,1,1,0.9323,1,0,0.4497,0,-17,46,6,2024,1,0,"Big Ten","Big Ten",-1200,750,1,1.909090909,0.954545455,0.0509,0.923076923,0.117647059,0.009223077,-0.049947059,1,0,1,1.083333333,0.541666667,0.009223077,1,1.909090909,0.954545455,0.0503
"1062",0,401641001,"Kennesaw State","Jacksonville State",0.4602,0,0,0.083,0,1,0.4421,0,17.5,49.5,6,2024,1,0,"Conference USA","Conference USA",575,-850,1,1.909090909,0.954545455,0.0398,0.148148148,0.894736842,-0.065148148,0.022263158,0,1,1,1.117647059,0.558823529,0.022263158,0,0,0.954545455,0.0579
"1063",1,401643801,"UL Monroe","James Madison",0.4081,0,1,0.129,0,0,0.4411,0,16.5,48.5,6,2024,1,0,"Sun Belt","Sun Belt",525,-750,0,0,0.954545455,0.0919,0.16,0.882352941,-0.031,-0.011352941,0,0,0,1,3.125,-0.011352941,1,1.909090909,0.954545455,0.0589
"1064",1,401643802,"Southern Miss","Louisiana",0.4592,0,0,0.0617,0,0,0.4746,0,17.5,57.5,6,2024,1,0,"Sun Belt","Sun Belt",575,-850,0,0,0.954545455,0.0408,0.148148148,0.894736842,-0.086448148,0.043563158,0,1,1,1.117647059,0.558823529,0.043563158,1,1.909090909,0.954545455,0.0254
"1065",0,401629044,"Northern Illinois","Massachusetts",0.6072,1,1,0.8954,1,1,0.4841,0,-14,41,6,2024,1,0,"Mid-American","FBS Independents",-575,425,0,0,0.954545455,0.1072,0.851851852,0.19047619,0.043548148,-0.08587619,1,0,1,1.173913043,0.586956522,0.043548148,0,0,0.954545455,0.0159
"1066",1,401644684,"Toledo","Miami (OH)",0.4531,0,1,0.7345,1,1,0.3925,0,-4.5,44,6,2024,1,0,"Mid-American","Mid-American",-192,160,0,0,0.954545455,0.0469,0.657534247,0.384615385,0.076965753,-0.119115385,1,0,1,1.520833333,0.760416667,0.076965753,0,0,0.954545455,0.1075
"1067",1,401628505,"Washington","Michigan",0.5152,1,1,0.5665,1,1,0.5286,1,-1.5,39.5,6,2024,1,0,"Big Ten","Big Ten",-118,-102,1,1.909090909,0.954545455,0.0152,0.541284404,0.504950495,0.025215596,-0.071450495,1,0,1,1.847457627,0.923728814,0.025215596,1,1.909090909,0.954545455,0.0286
"1068",0,401628506,"Oregon","Michigan State",0.5507,1,1,0.9306,1,0,0.5007,1,-22.5,53,6,2024,1,0,"Big Ten","Big Ten",-2100,1100,0,0,0.954545455,0.0507,0.954545455,0.083333333,-0.023945455,-0.013933333,0,0,0,1,0.523809524,-0.013933333,0,0,0.954545455,7e-04
"1069",1,401628383,"Texas A&M","Missouri",0.4418,0,1,0.4489,0,1,0.4885,0,-3,47.5,6,2024,1,0,"SEC","SEC",-142,120,0,0,0.954545455,0.0582,0.58677686,0.454545455,-0.13787686,0.096554545,0,1,0,0,0.852112676,0.096554545,0,0,0.954545455,0.0115
"1070",0,401643726,"San José State","Nevada",0.4569,0,1,0.6954,1,1,0.5011,1,-7,51.5,6,2024,1,0,"Mountain West","Mountain West",-285,230,1,1.909090909,0.954545455,0.0431,0.74025974,0.303030303,-0.04485974,0.001569697,0,1,0,0,0.675438596,0.001569697,1,1.909090909,0.954545455,0.0011
"1071",0,401628382,"South Carolina","Ole Miss",0.572,1,0,0.3726,0,0,0.4607,0,10,53,6,2024,1,0,"SEC","SEC",285,-360,0,0,0.954545455,0.072,0.25974026,0.782608696,0.11285974,-0.155208696,1,0,0,0,0.638888889,0.11285974,1,1.909090909,0.954545455,0.0393
"1072",1,401628509,"Wisconsin","Purdue",0.5002,1,1,0.8285,1,1,0.5433,1,-12,44.5,6,2024,1,0,"Big Ten","Big Ten",-485,370,1,1.909090909,0.954545455,2e-04,0.829059829,0.212765957,-0.000559829,-0.041265957,0,0,0,1,0.603092784,-0.000559829,1,1.909090909,0.954545455,0.0433
"1073",0,401641029,"UTEP","Sam Houston",0.4286,0,0,0.1917,0,1,0.5256,1,10,49.5,6,2024,1,0,"Conference USA","Conference USA",280,-355,1,1.909090909,0.954545455,0.0714,0.263157895,0.78021978,-0.071457895,0.02808022,0,1,1,1.281690141,0.64084507,0.02808022,1,1.909090909,0.954545455,0.0256
"1074",0,401629033,"UConn","Temple",0.5845,1,1,0.93,1,0,0.452,0,-17.5,49,6,2024,1,0,"FBS Independents","American Athletic",-800,550,0,0,0.954545455,0.0845,0.888888889,0.153846154,0.041111111,-0.083846154,1,0,1,1.125,0.5625,0.041111111,1,1.909090909,0.954545455,0.048
"1075",0,401643797,"Troy","Texas State",0.4936,0,0,0.1694,0,0,0.4329,0,14.5,56,6,2024,1,0,"Sun Belt","Sun Belt",455,-625,1,1.909090909,0.954545455,0.0064,0.18018018,0.862068966,-0.01078018,-0.031468966,0,0,0,1,0.58,-0.01078018,1,1.909090909,0.954545455,0.0671
"1076",0,401645338,"UAB","Tulane",0.4676,0,0,0.1193,0,1,0.4349,0,19.5,52,6,2024,1,0,"American Athletic","American Athletic",750,-1200,1,1.909090909,0.954545455,0.0324,0.117647059,0.923076923,0.001652941,-0.042376923,1,0,0,0,0.541666667,0.001652941,0,0,0.954545455,0.0651
"1077",1,401643727,"New Mexico","Air Force",0.561,1,1,0.5511,1,1,0.4152,0,-7,56,7,2024,1,0,"Mountain West","Mountain West",-265,215,1,1.909090909,0.954545455,0.061,0.726027397,0.317460317,-0.174927397,0.131439683,0,1,0,0,0.688679245,0.131439683,0,0,0.954545455,0.0848
"1078",1,401644742,"Western Michigan","Akron",0.5077,1,1,0.5504,1,1,0.4084,0,-9.5,48.5,7,2024,1,0,"Mid-American","Mid-American",-325,260,1,1.909090909,0.954545455,0.0077,0.764705882,0.277777778,-0.214305882,0.171822222,0,1,0,0,0.653846154,0.171822222,0,0,0.954545455,0.0916
"1079",0,401643806,"Louisiana","App State",0.5296,1,1,0.5684,1,0,0.3949,0,-10,64,7,2024,1,0,"Sun Belt","Sun Belt",-355,280,0,0,0.954545455,0.0296,0.78021978,0.263157895,-0.21181978,0.168442105,0,1,0,0,0.64084507,0.168442105,1,1.909090909,0.954545455,0.1051
"1080",1,401636893,"BYU","Arizona",0.4971,0,1,0.534,1,1,0.5249,1,-3,48.5,7,2024,1,0,"Big 12","Big 12",-148,120,0,0,0.954545455,0.0029,0.596774194,0.454545455,-0.062774194,0.011454545,0,1,0,0,0.837837838,0.011454545,1,1.909090909,0.954545455,0.0249
"1081",1,401643808,"Texas State","Arkansas State",0.3998,0,1,0.5502,1,0,0.3904,0,-13.5,66,7,2024,1,0,"Sun Belt","Sun Belt",-535,400,0,0,0.954545455,0.1002,0.842519685,0.2,-0.292319685,0.2498,0,1,0,0,0.593457944,0.2498,1,1.909090909,0.954545455,0.1096
"1082",1,401644743,"Kent State","Ball State",0.4419,0,0,0.4804,0,1,0.3303,0,3,58,7,2024,1,0,"Mid-American","Mid-American",124,-148,0,0,0.954545455,0.0581,0.446428571,0.596774194,0.033971429,-0.077174194,1,0,0,0,0.837837838,0.033971429,0,0,0.954545455,0.1697
"1083",0,401643728,"Hawai'i","Boise State",0.4335,0,0,0.4076,0,0,0.4225,0,21,60,7,2024,1,0,"Mountain West","Mountain West",950,-1650,1,1.909090909,0.954545455,0.0665,0.095238095,0.942857143,0.312361905,-0.350457143,1,0,0,0,0.53030303,0.312361905,1,1.909090909,0.954545455,0.0775
"1084",0,401635575,"Pittsburgh","California",0.512,1,1,0.5233,1,0,0.4532,0,-3.5,57.5,7,2024,1,0,"ACC","ACC",-166,140,0,0,0.954545455,0.012,0.62406015,0.416666667,-0.10076015,0.060033333,0,1,0,0,0.801204819,0.060033333,1,1.909090909,0.954545455,0.0468
"1085",0,401636895,"UCF","Cincinnati",0.5295,1,0,0.5057,1,0,0.6552,1,-2,58,7,2024,1,0,"Big 12","Big 12",-125,105,0,0,0.954545455,0.0295,0.555555556,0.487804878,-0.049855556,0.006495122,0,1,1,2.05,1.025,0.006495122,0,0,0.954545455,0.1552
"1086",0,401635576,"Wake Forest","Clemson",0.513,1,0,0.4076,0,0,0.5288,1,21,63,7,2024,1,0,"ACC","ACC",950,-1650,0,0,0.954545455,0.013,0.095238095,0.942857143,0.312361905,-0.350457143,1,0,0,0,0.53030303,0.312361905,0,0,0.954545455,0.0288
"1087",1,401643803,"James Madison","Coastal Carolina",0.4953,0,1,0.5196,1,0,0.5209,1,-7,59,7,2024,1,0,"Sun Belt","Sun Belt",-265,215,0,0,0.954545455,0.0047,0.726027397,0.317460317,-0.206427397,0.162939683,0,1,0,0,0.688679245,0.162939683,0,0,0.954545455,0.0209
"1088",0,401628391,"Tennessee","Florida",0.5475,1,1,0.5864,1,0,0.5454,1,-14,55.5,7,2024,1,0,"SEC","SEC",-600,440,0,0,0.954545455,0.0475,0.857142857,0.185185185,-0.270742857,0.228414815,0,1,0,0,0.583333333,0.228414815,0,0,0.954545455,0.0454
"1089",0,401640982,"Liberty","Florida International",0.5368,1,1,0.5864,1,0,0.5195,1,-15.5,56,7,2024,1,0,"Conference USA","Conference USA",-800,550,0,0,0.954545455,0.0368,0.888888889,0.153846154,-0.302488889,0.259753846,0,1,0,0,0.5625,0.259753846,0,0,0.954545455,0.0195
"1090",0,401635577,"North Carolina","Georgia Tech",0.3665,0,0,0.4633,0,1,0.3727,0,3.5,60.5,7,2024,1,0,"ACC","ACC",142,-170,1,1.909090909,0.954545455,0.1335,0.41322314,0.62962963,0.05007686,-0.09292963,1,0,0,0,0.794117647,0.05007686,0,0,0.954545455,0.1273
"1091",0,401636896,"West Virginia","Iowa State",0.589,1,0,0.4922,0,0,0.4783,0,3,54,7,2024,1,0,"Big 12","Big 12",130,-155,0,0,0.954545455,0.089,0.434782609,0.607843137,0.057417391,-0.100043137,1,0,0,0,0.822580645,0.057417391,1,1.909090909,0.954545455,0.0217
"1092",1,401635578,"Virginia","Louisville",0.3888,0,0,0.4557,0,0,0.5114,1,7,54,7,2024,1,0,"ACC","ACC",225,-278,0,0,0.954545455,0.1112,0.307692308,0.735449735,0.148007692,-0.191149735,1,0,0,0,0.679856115,0.148007692,0,0,0.954545455,0.0114
"1093",0,401645341,"South Florida","Memphis",0.6134,1,0,0.447,0,0,0.4881,0,10,61,7,2024,0,1,"American Athletic","American Athletic",270,-340,0,0,0.954545455,0.1134,0.27027027,0.772727273,0.17672973,-0.219727273,1,0,0,0,0.647058824,0.17672973,1,1.909090909,0.954545455,0.0119
"1094",0,401628514,"UCLA","Minnesota",0.5077,1,0,0.47,0,0,0.5075,1,3.5,39,7,2024,1,0,"Big Ten","Big Ten",140,-166,0,0,0.954545455,0.0077,0.416666667,0.62406015,0.053333333,-0.09406015,1,0,0,0,0.801204819,0.053333333,0,0,0.954545455,0.0075
"1095",1,401628515,"Oregon","Ohio State",0.4311,0,1,0.4744,0,1,0.3645,0,3.5,55,7,2024,1,0,"Big Ten","Big Ten",142,-170,0,0,0.954545455,0.0689,0.41322314,0.62962963,0.06117686,-0.10402963,1,0,1,2.42,1.21,0.06117686,0,0,0.954545455,0.1355
"1096",1,401628390,"Texas","Oklahoma",0.4636,0,1,0.5924,1,0,0.4201,0,-17,49,7,2024,0,1,"SEC","SEC",-850,575,0,0,0.954545455,0.0364,0.894736842,0.148148148,-0.302336842,0.259451852,0,1,0,0,0.558823529,0.259451852,1,1.909090909,0.954545455,0.0799
"1097",1,401628516,"USC","Penn State",0.4474,0,0,0.4804,0,1,0.4514,0,3.5,52,7,2024,1,0,"Big Ten","Big Ten",154,-185,0,0,0.954545455,0.0526,0.393700787,0.649122807,0.086699213,-0.129522807,1,0,0,0,0.77027027,0.086699213,0,0,0.954545455,0.0486
"1098",0,401643732,"Wyoming","San Diego State",0.5162,1,0,0.5147,1,1,0.3853,0,-1.5,43,7,2024,1,0,"Mountain West","Mountain West",-122,102,0,0,0.954545455,0.0162,0.54954955,0.495049505,-0.03484955,-0.009749505,0,0,0,1,1.01,-0.009749505,0,0,0.954545455,0.1147
"1099",1,401643807,"UL Monroe","Southern Miss",0.3817,0,1,0.5319,1,1,0.5343,1,-4.5,41,7,2024,1,0,"Sun Belt","Sun Belt",-185,154,0,0,0.954545455,0.1183,0.649122807,0.393700787,-0.117222807,0.074399213,0,1,0,0,0.77027027,0.074399213,1,1.909090909,0.954545455,0.0343
"1100",1,401643733,"Utah State","UNLV",0.4898,0,0,0.4076,0,1,0.493,0,19,67.5,7,2024,1,0,"Mountain West","Mountain West",700,-1100,0,0,0.954545455,0.0102,0.125,0.916666667,0.2826,-0.324266667,1,0,0,0,0.545454545,0.2826,0,0,0.954545455,0.007
"1101",1,401641030,"Western Kentucky","UTEP",0.5408,1,1,0.5924,1,1,0.316,0,-19,55.5,7,2024,1,0,"Conference USA","Conference USA",-1200,750,1,1.909090909,0.954545455,0.0408,0.923076923,0.117647059,-0.330676923,0.289952941,0,1,0,0,0.541666667,0.289952941,0,0,0.954545455,0.184
"1102",1,401628397,"Tennessee","Alabama",0.4089,0,1,0.5085,1,0,0.5453,1,3.5,57.5,8,2024,1,0,"SEC","SEC",136,-162,0,0,0.954545455,0.0911,0.423728814,0.618320611,0.084771186,-0.126820611,1,0,1,2.36,1.18,0.084771186,0,0,0.954545455,0.0453
"1103",1,401636899,"Cincinnati","Arizona State",0.3432,0,1,0.288,0,0,0.5113,1,-5.5,51,8,2024,1,0,"Big 12","Big 12",-205,170,0,0,0.954545455,0.1568,0.672131148,0.37037037,-0.384131148,0.34162963,0,1,0,0,0.743902439,0.34162963,0,0,0.954545455,0.0113
"1104",0,401643814,"Southern Miss","Arkansas State",0.3667,0,0,0.1507,0,1,0.5932,1,7,57,8,2024,1,0,"Sun Belt","Sun Belt",205,-250,1,1.909090909,0.954545455,0.1333,0.327868852,0.714285714,-0.177168852,0.135014286,0,1,1,1.4,0.7,0.135014286,1,1.909090909,0.954545455,0.0932
"1105",1,401628395,"Missouri","Auburn",0.533,1,1,0.7613,1,0,0.5049,1,-3.5,49.5,8,2024,1,0,"SEC","SEC",-162,136,1,1.909090909,0.954545455,0.033,0.618320611,0.423728814,0.142979389,-0.185028814,1,0,1,1.617283951,0.808641975,0.142979389,0,0,0.954545455,0.0049
"1106",0,401628399,"Vanderbilt","Ball State",0.5419,1,1,0.9376,1,0,0.3107,0,-27.5,57.5,8,2024,1,0,"SEC","Mid-American",-4500,1700,0,0,0.954545455,0.0419,0.97826087,0.055555556,-0.04066087,0.006844444,0,1,0,0,0.511111111,0.006844444,1,1.909090909,0.954545455,0.1893
"1107",0,401636902,"Texas Tech","Baylor",0.4686,0,0,0.6616,1,1,0.4573,0,-4.5,56,8,2024,1,0,"Big 12","Big 12",-185,154,1,1.909090909,0.954545455,0.0314,0.649122807,0.393700787,0.012477193,-0.055300787,1,0,0,0,1.27,0.012477193,0,0,0.954545455,0.0427
"1108",1,401634768,"Virginia Tech","Boston College",0.4075,0,1,0.6004,1,1,0.567,1,-8.5,47.5,8,2024,1,0,"ACC","ACC",-325,260,0,0,0.954545455,0.0925,0.764705882,0.277777778,-0.164305882,0.121822222,0,1,0,0,0.653846154,0.121822222,1,1.909090909,0.954545455,0.067
"1109",1,401644750,"Eastern Michigan","Central Michigan",0.6051,1,1,0.6955,1,1,0.3755,0,-3.5,52.5,8,2024,1,0,"Mid-American","Mid-American",-148,124,1,1.909090909,0.954545455,0.1051,0.596774194,0.446428571,0.098725806,-0.141928571,1,0,1,1.675675676,0.837837838,0.098725806,0,0,0.954545455,0.1245
"1110",1,401645347,"Navy","Charlotte",0.5584,1,1,0.9105,1,1,0.5109,1,-16.5,57.5,8,2024,1,0,"American Athletic","American Athletic",-700,500,1,1.909090909,0.954545455,0.0584,0.875,0.166666667,0.0355,-0.077166667,1,0,1,1.142857143,0.571428571,0.0355,1,1.909090909,0.954545455,0.0109
"1111",1,401645348,"UTSA","Florida Atlantic",0.7318,1,1,0.8577,1,1,0.5634,1,-4,52.5,8,2024,1,0,"American Athletic","American Athletic",-180,150,1,1.909090909,0.954545455,0.2318,0.642857143,0.4,0.214842857,-0.2577,1,0,1,1.555555556,0.777777778,0.214842857,1,1.909090909,0.954545455,0.0634
"1112",1,401640983,"UTEP","Florida International",0.5169,1,1,0.3779,0,1,0.492,0,7,47,8,2024,1,0,"Conference USA","Conference USA",200,-245,1,1.909090909,0.954545455,0.0169,0.333333333,0.710144928,0.044566667,-0.088044928,1,0,1,3,1.5,0.044566667,0,0,0.954545455,0.008
"1113",0,401643735,"Nevada","Fresno State",0.4444,0,0,0.4563,0,0,0.3195,0,3,50,8,2024,1,0,"Mountain West","Mountain West",120,-142,1,1.909090909,0.954545455,0.0556,0.454545455,0.58677686,0.001754545,-0.04307686,1,0,0,0,0.852112676,0.001754545,1,1.909090909,0.954545455,0.1805
"1114",0,401628398,"Texas","Georgia",0.5653,1,0,0.8158,1,0,0.471,0,-4,57,8,2024,1,0,"SEC","SEC",-180,150,0,0,0.954545455,0.0653,0.642857143,0.4,0.172942857,-0.2158,1,0,0,0,1.25,0.172942857,1,1.909090909,0.954545455,0.029
"1115",1,401643810,"Marshall","Georgia State",0.4803,0,1,0.7905,1,1,0.5573,1,-9.5,51.5,8,2024,1,0,"Sun Belt","Sun Belt",-325,260,0,0,0.954545455,0.0197,0.764705882,0.277777778,0.025794118,-0.068277778,1,0,1,1.307692308,0.653846154,0.025794118,1,1.909090909,0.954545455,0.0573
"1116",1,401628982,"Notre Dame","Georgia Tech",0.5094,1,1,0.8729,1,0,0.4737,0,-14,49.5,8,2024,0,1,"FBS Independents","ACC",-600,440,1,1.909090909,0.954545455,0.0094,0.857142857,0.185185185,0.015757143,-0.058085185,1,0,1,1.166666667,0.583333333,0.015757143,1,1.909090909,0.954545455,0.0263
"1117",1,401643736,"Washington State","Hawai'i",0.4359,0,1,0.9085,1,0,0.4353,0,-18.5,55.5,8,2024,1,0,"Pac-12","Mountain West",-1100,700,0,0,0.954545455,0.0641,0.916666667,0.125,-0.008166667,-0.0335,0,0,0,1,0.545454545,-0.008166667,1,1.909090909,0.954545455,0.0647
"1118",1,401636901,"Kansas","Houston",0.4264,0,1,0.5777,1,1,0.5751,1,-4.5,45.5,8,2024,0,1,"Big 12","Big 12",-192,160,0,0,0.954545455,0.0736,0.657534247,0.384615385,-0.079834247,0.037684615,0,1,0,0,0.760416667,0.037684615,1,1.909090909,0.954545455,0.0751
"1119",1,401628520,"Michigan State","Iowa",0.3848,0,1,0.2132,0,1,0.525,1,7,39.5,8,2024,1,0,"Big Ten","Big Ten",225,-278,0,0,0.954545455,0.1152,0.307692308,0.735449735,-0.094492308,0.051350265,0,1,0,0,1.625,0.051350265,1,1.909090909,0.954545455,0.025
"1120",0,401636904,"West Virginia","Kansas State",0.4622,0,0,0.4382,0,1,0.5294,1,2.5,56.5,8,2024,1,0,"Big 12","Big 12",120,-142,1,1.909090909,0.954545455,0.0378,0.454545455,0.58677686,-0.016345455,-0.02497686,0,0,0,1,0.852112676,-0.016345455,1,1.909090909,0.954545455,0.0294
"1121",1,401641019,"Middle Tennessee","Kennesaw State",0.5243,1,1,0.7767,1,0,0.5641,1,-8.5,50,8,2024,1,0,"Conference USA","Conference USA",-325,260,1,1.909090909,0.954545455,0.0243,0.764705882,0.277777778,0.011994118,-0.054477778,1,0,1,1.307692308,0.653846154,0.011994118,0,0,0.954545455,0.0641
"1122",1,401641010,"New Mexico State","Louisiana Tech",0.3683,0,1,0.1397,0,1,0.477,0,12.5,49,8,2024,1,0,"Conference USA","Conference USA",360,-470,0,0,0.954545455,0.1317,0.217391304,0.824561404,-0.077691304,0.035738596,0,1,0,0,2.3,0.035738596,0,0,0.954545455,0.023
"1123",0,401643737,"Utah State","New Mexico",0.4567,0,0,0.3364,0,1,0.3554,0,1,78.5,8,2024,1,0,"Mountain West","Mountain West",-108,-112,1,1.909090909,0.954545455,0.0433,0.519230769,0.528301887,-0.182830769,0.135298113,0,1,1,1.892857143,0.946428571,0.135298113,0,0,0.954545455,0.1446
"1124",0,401628523,"Purdue","Oregon",0.3661,0,0,0.0407,0,0,0.4149,0,30,61,8,2024,1,0,"Big Ten","Big Ten",1800,-5000,1,1.909090909,0.954545455,0.1339,0.052631579,0.980392157,-0.011931579,-0.021092157,0,0,0,1,0.51,-0.011931579,1,1.909090909,0.954545455,0.0851
"1125",0,401645350,"Tulane","Rice",0.5089,1,1,0.9577,1,0,0.326,0,-21.5,53.5,8,2024,1,0,"American Athletic","American Athletic",-1800,1000,0,0,0.954545455,0.0089,0.947368421,0.090909091,0.010331579,-0.048609091,1,0,1,1.055555556,0.527777778,0.010331579,1,1.909090909,0.954545455,0.174
"1126",0,401635590,"Stanford","SMU",0.3384,0,0,0.0731,0,0,0.371,0,16.5,52.5,8,2024,1,0,"ACC","ACC",525,-750,1,1.909090909,0.954545455,0.1616,0.16,0.882352941,-0.0869,0.044547059,0,1,1,1.133333333,0.566666667,0.044547059,1,1.909090909,0.954545455,0.129
"1127",0,401636903,"Utah","TCU",0.4044,0,0,0.3536,0,0,0.486,0,-3,52,8,2024,1,0,"Big 12","Big 12",-155,130,1,1.909090909,0.954545455,0.0956,0.607843137,0.434782609,-0.254243137,0.211617391,0,1,1,2.3,1.15,0.211617391,1,1.909090909,0.954545455,0.014
"1128",0,401628403,"Mississippi State","Arkansas",0.4633,0,0,0.1822,0,1,0.5683,1,7.5,55,9,2024,1,0,"SEC","SEC",230,-285,1,1.909090909,0.954545455,0.0367,0.303030303,0.74025974,-0.120830303,0.07754026,0,1,1,1.350877193,0.675438596,0.07754026,1,1.909090909,0.954545455,0.0683
"1129",0,401628401,"Kentucky","Auburn",0.4927,0,0,0.4797,0,0,0.5151,1,-2,44,9,2024,1,0,"SEC","SEC",-122,102,1,1.909090909,0.954545455,0.0073,0.54954955,0.495049505,-0.06984955,0.025250495,0,1,1,2.02,1.01,0.025250495,0,0,0.954545455,0.0151
"1130",0,401636911,"UCF","BYU",0.3887,0,0,0.436,0,1,0.581,1,-2.5,53.5,9,2024,1,0,"Big 12","Big 12",-130,110,1,1.909090909,0.954545455,0.1113,0.565217391,0.476190476,-0.129217391,0.087809524,0,1,1,2.1,1.05,0.087809524,1,1.909090909,0.954545455,0.081
"1131",0,401644754,"Toledo","Bowling Green",0.4981,0,0,0.6185,1,1,0.6533,1,-2,48,9,2024,1,0,"Mid-American","Mid-American",-125,105,1,1.909090909,0.954545455,0.0019,0.555555556,0.487804878,0.062944444,-0.106304878,1,0,0,0,1.025,0.062944444,1,1.909090909,0.954545455,0.1533
"1132",1,401644755,"Ohio","Buffalo",0.5735,1,1,0.7762,1,1,0.4588,0,-4,46.5,9,2024,1,0,"Mid-American","Mid-American",-192,160,1,1.909090909,0.954545455,0.0735,0.657534247,0.384615385,0.118665753,-0.160815385,1,0,1,1.520833333,0.760416667,0.118665753,0,0,0.954545455,0.0412
"1133",1,401644687,"Miami (OH)","Central Michigan",0.6394,1,1,0.8857,1,1,0.3933,0,-10.5,48.5,9,2024,1,0,"Mid-American","Mid-American",-395,310,1,1.909090909,0.954545455,0.1394,0.797979798,0.243902439,0.087720202,-0.129602439,1,0,1,1.253164557,0.626582278,0.087720202,0,0,0.954545455,0.1067
"1134",0,401645353,"Memphis","Charlotte",0.5679,1,1,0.9068,1,1,0.6557,1,-17,56,9,2024,1,0,"American Athletic","American Athletic",-950,625,0,0,0.954545455,0.0679,0.904761905,0.137931034,0.002038095,-0.044731034,1,0,1,1.105263158,0.552631579,0.002038095,1,1.909090909,0.954545455,0.1557
"1135",1,401636907,"Colorado","Cincinnati",0.5984,1,1,0.7646,1,0,0.5276,1,-6,57,9,2024,1,0,"Big 12","Big 12",-230,190,1,1.909090909,0.954545455,0.0984,0.696969697,0.344827586,0.067630303,-0.109427586,1,0,1,1.434782609,0.717391304,0.067630303,0,0,0.954545455,0.0276
"1136",0,401635596,"Miami","Florida State",0.4298,0,1,0.9196,1,0,0.5779,1,-22.5,55,9,2024,1,0,"ACC","ACC",-1800,1000,1,1.909090909,0.954545455,0.0702,0.947368421,0.090909091,-0.027768421,-0.010509091,0,0,0,1,0.527777778,-0.010509091,0,0,0.954545455,0.0779
"1137",1,401643815,"Old Dominion","Georgia Southern",0.5173,1,1,0.4145,0,1,0.4703,0,1,51.5,9,2024,1,0,"Sun Belt","Sun Belt",-108,-112,1,1.909090909,0.954545455,0.0173,0.519230769,0.528301887,-0.104730769,0.057198113,0,1,0,0,0.962962963,0.057198113,0,0,0.954545455,0.0297
"1138",1,401635597,"Virginia Tech","Georgia Tech",0.4472,0,1,0.6818,1,0,0.538,1,-11,52,9,2024,1,0,"ACC","ACC",-410,320,0,0,0.954545455,0.0528,0.803921569,0.238095238,-0.122121569,0.080104762,0,1,0,0,0.62195122,0.080104762,0,0,0.954545455,0.038
"1139",1,401628525,"Oregon","Illinois",0.5052,1,1,0.9214,1,0,0.5319,1,-22,54,9,2024,1,0,"Big Ten","Big Ten",-1800,1000,1,1.909090909,0.954545455,0.0052,0.947368421,0.090909091,-0.025968421,-0.012309091,0,0,0,1,0.527777778,-0.012309091,0,0,0.954545455,0.0319
"1140",0,401636909,"Kansas State","Kansas",0.5359,1,1,0.8398,1,0,0.6016,1,-10,56.5,9,2024,1,0,"Big 12","Big 12",-360,285,0,0,0.954545455,0.0359,0.782608696,0.25974026,0.057191304,-0.09954026,1,0,1,1.277777778,0.638888889,0.057191304,0,0,0.954545455,0.1016
"1141",1,401644756,"Western Michigan","Kent State",0.4249,0,1,0.9089,1,1,0.2876,0,-19,61,9,2024,1,0,"Mid-American","Mid-American",-1050,675,0,0,0.954545455,0.0751,0.913043478,0.129032258,-0.004143478,-0.037932258,0,0,0,1,0.547619048,-0.004143478,0,0,0.954545455,0.2124
"1142",1,401628404,"Texas A&M","LSU",0.4931,0,1,0.5537,1,1,0.4754,0,-2,54.5,9,2024,1,0,"SEC","SEC",-122,102,0,0,0.954545455,0.0069,0.54954955,0.495049505,0.00415045,-0.048749505,1,0,1,1.819672131,0.909836066,0.00415045,0,0,0.954545455,0.0246
"1143",1,401628528,"Minnesota","Maryland",0.4597,0,1,0.6473,1,1,0.5088,1,-6,45,9,2024,1,0,"Big Ten","Big Ten",-225,185,0,0,0.954545455,0.0403,0.692307692,0.350877193,-0.045007692,0.001822807,0,1,0,0,0.722222222,0.001822807,1,1.909090909,0.954545455,0.0088
"1144",1,401628983,"Notre Dame","Navy",0.5618,1,1,0.765,1,1,0.5743,1,-11.5,52,9,2024,0,1,"FBS Independents","American Athletic",-485,370,1,1.909090909,0.954545455,0.0618,0.829059829,0.212765957,-0.064059829,0.022234043,0,1,0,0,0.603092784,0.022234043,1,1.909090909,0.954545455,0.0743
"1145",0,401628530,"Ohio State","Nebraska",0.4836,0,1,0.9262,1,0,0.4453,0,-25,48.5,9,2024,1,0,"Big Ten","Big Ten",-3200,1400,1,1.909090909,0.954545455,0.0164,0.96969697,0.066666667,-0.04349697,0.007133333,0,1,0,0,0.515625,0.007133333,1,1.909090909,0.954545455,0.0547
"1146",0,401635598,"Virginia","North Carolina",0.4753,0,0,0.4918,0,0,0.4493,0,-3.5,58.5,9,2024,1,0,"ACC","ACC",-175,145,1,1.909090909,0.954545455,0.0247,0.636363636,0.408163265,-0.144563636,0.100036735,0,1,1,2.45,1.225,0.100036735,1,1.909090909,0.954545455,0.0507
"1147",0,401628402,"Ole Miss","Oklahoma",0.3754,0,1,0.8562,1,0,0.4841,0,-19,50,9,2024,1,0,"SEC","SEC",-1200,750,1,1.909090909,0.954545455,0.1246,0.923076923,0.117647059,-0.066876923,0.026152941,0,1,0,0,0.541666667,0.026152941,1,1.909090909,0.954545455,0.0159
"1148",0,401628531,"Wisconsin","Penn State",0.4038,0,0,0.1991,0,0,0.4777,0,6.5,47,9,2024,1,0,"Big Ten","Big Ten",195,-238,1,1.909090909,0.954545455,0.0962,0.338983051,0.704142012,-0.139883051,0.096757988,0,1,1,1.420168067,0.710084034,0.096757988,1,1.909090909,0.954545455,0.0223
"1149",1,401629035,"UConn","Rice",0.5288,1,1,0.8235,1,0,0.4864,0,-6.5,47,9,2024,1,0,"FBS Independents","American Athletic",-238,195,1,1.909090909,0.954545455,0.0288,0.704142012,0.338983051,0.119357988,-0.162483051,1,0,1,1.420168067,0.710084034,0.119357988,1,1.909090909,0.954545455,0.0136
"1150",1,401628532,"USC","Rutgers",0.4434,0,1,0.775,1,1,0.5628,1,-13.5,55.5,9,2024,1,0,"Big Ten","Big Ten",-650,425,0,0,0.954545455,0.0566,0.866666667,0.19047619,-0.091666667,0.03452381,0,1,0,0,0.576923077,0.03452381,1,1.909090909,0.954545455,0.0628
"1151",1,401628405,"Vanderbilt","Texas",0.5222,1,0,0.0967,0,0,0.312,0,17,51,9,2024,1,0,"SEC","SEC",525,-750,1,1.909090909,0.954545455,0.0222,0.16,0.882352941,-0.0633,0.020947059,0,1,1,1.133333333,0.566666667,0.020947059,1,1.909090909,0.954545455,0.188
"1152",0,401643745,"Wyoming","Utah State",0.4642,0,0,0.3662,0,0,0.3566,0,2,56.5,9,2024,1,0,"Mountain West","Mountain West",105,-125,1,1.909090909,0.954545455,0.0358,0.487804878,0.555555556,-0.121604878,0.078244444,0,1,1,1.8,0.9,0.078244444,1,1.909090909,0.954545455,0.1434
"1153",0,401643746,"Army","Air Force",0.4988,0,1,0.9231,1,0,0.3584,0,-18,38.5,10,2024,1,0,"American Athletic","Mountain West",-1100,700,1,1.909090909,0.954545455,0.0012,0.916666667,0.125,0.006433333,-0.0481,1,0,1,1.090909091,0.545454545,0.006433333,1,1.909090909,0.954545455,0.1416
"1154",1,401636916,"UCF","Arizona",0.468,0,1,0.6665,1,1,0.5782,1,-6.5,55,10,2024,1,0,"Big 12","Big 12",-225,185,0,0,0.954545455,0.032,0.692307692,0.350877193,-0.025807692,-0.017377193,0,0,0,1,0.722222222,-0.017377193,1,1.909090909,0.954545455,0.0782
"1155",0,401636915,"Oklahoma State","Arizona State",0.4415,0,0,0.3471,0,1,0.6001,1,5,57,10,2024,1,0,"Big 12","Big 12",164,-198,1,1.909090909,0.954545455,0.0585,0.378787879,0.66442953,-0.031687879,-0.01152953,0,0,0,1,0.752525253,-0.01152953,1,1.909090909,0.954545455,0.1001
"1156",1,401643824,"Troy","Coastal Carolina",0.3639,0,1,0.1464,0,1,0.5704,1,4,52,10,2024,1,0,"Sun Belt","Sun Belt",150,-180,0,0,0.954545455,0.1361,0.4,0.642857143,-0.2536,0.210742857,0,1,0,0,1.25,0.210742857,1,1.909090909,0.954545455,0.0704
"1157",0,401643748,"Nevada","Colorado State",0.4658,0,0,0.4933,0,1,0.4449,0,2,45.5,10,2024,1,0,"Mountain West","Mountain West",110,-130,1,1.909090909,0.954545455,0.0342,0.476190476,0.565217391,0.017109524,-0.058517391,1,0,0,0,0.884615385,0.017109524,0,0,0.954545455,0.0551
"1158",1,401635601,"Miami","Duke",0.5828,1,1,0.9287,1,1,0.4418,0,-21,55.5,10,2024,1,0,"ACC","ACC",-1650,950,1,1.909090909,0.954545455,0.0828,0.942857143,0.095238095,-0.014157143,-0.023938095,0,0,0,1,0.53030303,-0.014157143,0,0,0.954545455,0.0582
"1159",0,401628408,"Georgia","Florida",0.4242,0,1,0.8539,1,1,0.5153,1,-14.5,52.5,10,2024,0,1,"SEC","SEC",-700,500,1,1.909090909,0.954545455,0.0758,0.875,0.166666667,-0.0211,-0.020566667,0,0,0,1,0.571428571,-0.020566667,1,1.909090909,0.954545455,0.0153
"1160",0,401643823,"South Alabama","Georgia Southern",0.4632,0,0,0.6419,1,1,0.467,0,-5.5,60,10,2024,1,0,"Sun Belt","Sun Belt",-192,160,1,1.909090909,0.954545455,0.0368,0.657534247,0.384615385,-0.015634247,-0.026515385,0,0,0,1,1.3,-0.015634247,0,0,0.954545455,0.033
"1161",0,401629036,"UConn","Georgia State",0.5074,1,1,0.7619,1,1,0.5757,1,-7,48,10,2024,1,0,"FBS Independents","Sun Belt",-270,220,0,0,0.954545455,0.0074,0.72972973,0.3125,0.03217027,-0.0744,1,0,1,1.37037037,0.685185185,0.03217027,1,1.909090909,0.954545455,0.0757
"1162",0,401628534,"Michigan State","Indiana",0.4606,0,0,0.2078,0,1,0.5144,1,7.5,53.5,10,2024,1,0,"Big Ten","Big Ten",245,-305,1,1.909090909,0.954545455,0.0394,0.289855072,0.75308642,-0.082055072,0.03911358,0,1,1,1.327868852,0.663934426,0.03911358,1,1.909090909,0.954545455,0.0144
"1163",0,401640994,"Liberty","Jacksonville State",0.4221,0,0,0.408,0,0,0.4845,0,-2.5,64,10,2024,1,0,"Conference USA","Conference USA",-135,114,1,1.909090909,0.954545455,0.0779,0.574468085,0.46728972,-0.166468085,0.12471028,0,1,1,2.14,1.07,0.12471028,1,1.909090909,0.954545455,0.0155
"1164",0,401641020,"Western Kentucky","Kennesaw State",0.6616,1,1,0.9379,1,0,0.5525,1,-24,49,10,2024,1,0,"Conference USA","Conference USA",-2100,1100,0,0,0.954545455,0.1616,0.954545455,0.083333333,-0.016645455,-0.021233333,0,0,0,1,0.523809524,-0.016645455,0,0,0.954545455,0.0525
"1165",0,401628412,"Tennessee","Kentucky",0.6262,1,1,0.9082,1,1,0.4595,0,-17.5,45.5,10,2024,1,0,"SEC","SEC",-950,625,0,0,0.954545455,0.1262,0.904761905,0.137931034,0.003438095,-0.046131034,1,0,1,1.105263158,0.552631579,0.003438095,0,0,0.954545455,0.0405
"1166",0,401643820,"Texas State","Louisiana",0.4836,0,0,0.634,1,0,0.5415,1,-4,60.5,10,2024,1,0,"Sun Belt","Sun Belt",-185,154,1,1.909090909,0.954545455,0.0164,0.649122807,0.393700787,-0.015122807,-0.027700787,0,0,0,1,1.27,-0.015122807,0,0,0.954545455,0.0415
"1167",0,401641012,"Sam Houston","Louisiana Tech",0.465,0,1,0.7604,1,0,0.519,1,-10.5,45.5,10,2024,1,0,"Conference USA","Conference USA",-425,330,1,1.909090909,0.954545455,0.035,0.80952381,0.23255814,-0.04912381,0.00704186,0,1,0,0,0.617647059,0.00704186,0,0,0.954545455,0.019
"1168",1,401628409,"Mississippi State","Massachusetts",0.5497,1,1,0.8915,1,1,0.4608,0,-19.5,59.5,10,2024,1,0,"SEC","FBS Independents",-1200,750,1,1.909090909,0.954545455,0.0497,0.923076923,0.117647059,-0.031576923,-0.009147059,0,0,0,1,0.541666667,-0.009147059,0,0,0.954545455,0.0392
"1169",1,401645359,"UTSA","Memphis",0.6268,1,1,0.3821,0,1,0.5077,1,7,62,10,2024,1,0,"American Athletic","American Athletic",210,-258,1,1.909090909,0.954545455,0.1268,0.322580645,0.720670391,0.059519355,-0.102770391,1,0,1,3.1,1.55,0.059519355,1,1.909090909,0.954545455,0.0077
"1170",0,401641026,"UTEP","Middle Tennessee",0.5796,1,0,0.6116,1,0,0.4763,0,-2,48,10,2024,1,0,"Conference USA","Conference USA",-122,102,0,0,0.954545455,0.0796,0.54954955,0.495049505,0.06205045,-0.106649505,1,0,0,0,1.01,0.06205045,1,1.909090909,0.954545455,0.0237
"1171",1,401645360,"Rice","Navy",0.4632,0,1,0.1898,0,0,0.6162,1,12.5,49,10,2024,1,0,"American Athletic","American Athletic",350,-455,0,0,0.954545455,0.0368,0.222222222,0.81981982,-0.032422222,-0.00961982,0,0,0,1,2.25,-0.00961982,0,0,0.954545455,0.1162
"1172",0,401628538,"Purdue","Northwestern",0.5639,1,0,0.6274,1,1,0.4703,0,-3,44.5,10,2024,1,0,"Big Ten","Big Ten",-142,120,0,0,0.954545455,0.0639,0.58677686,0.454545455,0.04062314,-0.081945455,1,0,0,0,1.1,0.04062314,0,0,0.954545455,0.0297
"1173",0,401628539,"Penn State","Ohio State",0.4635,0,0,0.4834,0,0,0.4818,0,3,47.5,10,2024,1,0,"Big Ten","Big Ten",136,-162,1,1.909090909,0.954545455,0.0365,0.423728814,0.618320611,0.059671186,-0.101720611,1,0,0,0,0.808641975,0.059671186,1,1.909090909,0.954545455,0.0182
"1174",1,401635627,"SMU","Pittsburgh",0.4807,0,1,0.7098,1,1,0.4484,0,-7,55.5,10,2024,1,0,"ACC","ACC",-278,225,0,0,0.954545455,0.0193,0.735449735,0.307692308,-0.025649735,-0.017492308,0,0,0,1,0.679856115,-0.017492308,0,0,0.954545455,0.0516
"1175",1,401645358,"UAB","Tulsa",0.4518,0,1,0.4898,0,1,0.425,0,-2.5,57.5,10,2024,1,0,"American Athletic","American Athletic",-142,120,0,0,0.954545455,0.0482,0.58677686,0.454545455,-0.09697686,0.055654545,0,1,0,0,0.852112676,0.055654545,0,0,0.954545455,0.075
"1176",1,401628540,"Washington","USC",0.5143,1,1,0.4915,0,0,0.5873,1,2,55,10,2024,1,0,"Big Ten","Big Ten",105,-125,1,1.909090909,0.954545455,0.0143,0.487804878,0.555555556,0.003695122,-0.047055556,1,0,1,2.05,1.025,0.003695122,0,0,0.954545455,0.0873
"1177",0,401628413,"LSU","Alabama",0.5102,1,0,0.5165,1,0,0.6207,1,2.5,59.5,11,2024,1,0,"SEC","SEC",120,-142,0,0,0.954545455,0.0102,0.454545455,0.58677686,0.061954545,-0.10327686,1,0,0,0,0.852112676,0.061954545,0,0,0.954545455,0.1207
"1178",1,401643825,"Coastal Carolina","App State",0.4329,0,1,0.6606,1,0,0.542,1,2.5,62.5,11,2024,1,0,"Sun Belt","Sun Belt",105,-125,0,0,0.954545455,0.0671,0.487804878,0.555555556,0.172795122,-0.216155556,1,0,1,2.05,1.025,0.172795122,0,0,0.954545455,0.042
"1179",1,401643827,"Louisiana","Arkansas State",0.3663,0,1,0.8451,1,1,0.526,1,-14,60,11,2024,1,0,"Sun Belt","Sun Belt",-550,410,0,0,0.954545455,0.1337,0.846153846,0.196078431,-0.001053846,-0.041178431,0,0,0,1,0.590909091,-0.001053846,1,1.909090909,0.954545455,0.026
"1180",0,401629045,"North Texas","Army",0.5244,1,0,0.4304,0,0,0.4011,0,6.5,68,11,2024,1,0,"American Athletic","American Athletic",205,-250,0,0,0.954545455,0.0244,0.327868852,0.714285714,0.102531148,-0.144685714,1,0,0,0,0.7,0.102531148,1,1.909090909,0.954545455,0.0989
"1181",1,401636922,"Utah","BYU",0.3876,0,0,0.2663,0,1,0.4225,0,3,40.5,11,2024,1,0,"Big 12","Big 12",124,-148,0,0,0.954545455,0.1124,0.446428571,0.596774194,-0.180128571,0.136925806,0,1,1,1.675675676,0.837837838,0.136925806,0,0,0.954545455,0.0775
"1182",1,401644760,"Central Michigan","Bowling Green",0.3469,0,0,0.0895,0,0,0.5326,1,15.5,49,11,2024,1,0,"Mid-American","Mid-American",525,-750,0,0,0.954545455,0.1531,0.16,0.882352941,-0.0705,0.028147059,0,1,1,1.133333333,0.566666667,0.028147059,0,0,0.954545455,0.0326
"1183",0,401634773,"Wake Forest","California",0.4452,0,0,0.2367,0,1,0.5031,1,7,55,11,2024,1,0,"ACC","ACC",235,-290,1,1.909090909,0.954545455,0.0548,0.298507463,0.743589744,-0.061807463,0.019710256,0,1,1,1.344827586,0.672413793,0.019710256,1,1.909090909,0.954545455,0.0031
"1184",0,401635607,"Virginia Tech","Clemson",0.4807,0,0,0.3,0,0,0.544,1,5.5,54.5,11,2024,1,0,"ACC","ACC",180,-218,1,1.909090909,0.954545455,0.0193,0.357142857,0.685534591,-0.057142857,0.014465409,0,1,1,1.458715596,0.729357798,0.014465409,0,0,0.954545455,0.044
"1185",0,401636921,"Texas Tech","Colorado",0.4655,0,0,0.3804,0,1,0.4649,0,4.5,62,11,2024,1,0,"Big 12","Big 12",164,-198,1,1.909090909,0.954545455,0.0345,0.378787879,0.66442953,0.001612121,-0.04482953,1,0,0,0,0.752525253,0.001612121,0,0,0.954545455,0.0351
"1186",0,401635608,"NC State","Duke",0.5042,1,0,0.6512,1,0,0.408,0,-3,51.5,11,2024,1,0,"ACC","ACC",-148,124,0,0,0.954545455,0.0042,0.596774194,0.446428571,0.054425806,-0.097628571,1,0,0,0,1.12,0.054425806,1,1.909090909,0.954545455,0.092
"1187",1,401628417,"Texas","Florida",0.4994,0,1,0.9378,1,1,0.4939,0,-23,48.5,11,2024,1,0,"SEC","SEC",-2800,1300,0,0,0.954545455,6e-04,0.965517241,0.071428571,-0.027717241,-0.009228571,0,0,0,1,0.517857143,-0.009228571,0,0,0.954545455,0.0061
"1188",1,401628984,"Notre Dame","Florida State",0.4173,0,1,0.9334,1,1,0.5521,1,-25.5,44,11,2024,1,0,"FBS Independents","ACC",-5000,1800,0,0,0.954545455,0.0827,0.980392157,0.052631579,-0.046992157,0.013968421,0,1,0,0,0.51,0.013968421,1,1.909090909,0.954545455,0.0521
"1189",1,401628414,"Ole Miss","Georgia",0.5611,1,1,0.5561,1,0,0.5603,1,2.5,55,11,2024,1,0,"SEC","SEC",114,-135,1,1.909090909,0.954545455,0.0611,0.46728972,0.574468085,0.08881028,-0.130568085,1,0,1,2.14,1.07,0.08881028,0,0,0.954545455,0.0603
"1190",1,401643826,"James Madison","Georgia State",0.481,0,1,0.9,1,0,0.5759,1,-14.5,53.5,11,2024,1,0,"Sun Belt","Sun Belt",-625,455,0,0,0.954545455,0.019,0.862068966,0.18018018,0.037931034,-0.08018018,1,0,1,1.16,0.58,0.037931034,0,0,0.954545455,0.0759
"1191",1,401628542,"UCLA","Iowa",0.3676,0,1,0.1829,0,0,0.5113,1,6.5,45,11,2024,1,0,"Big Ten","Big Ten",200,-245,0,0,0.954545455,0.1324,0.333333333,0.710144928,-0.150433333,0.106955072,0,1,0,0,1.5,0.106955072,0,0,0.954545455,0.0113
"1192",1,401636919,"Kansas","Iowa State",0.3846,0,1,0.3474,0,1,0.5018,1,2.5,52.5,11,2024,0,1,"Big 12","Big 12",110,-130,0,0,0.954545455,0.1154,0.476190476,0.565217391,-0.128790476,0.087382609,0,1,0,0,1.05,0.087382609,1,1.909090909,0.954545455,0.0018
"1193",1,401641004,"Louisiana Tech","Jacksonville State",0.3808,0,0,0.233,0,1,0.4655,0,10,56,11,2024,1,0,"Conference USA","Conference USA",310,-395,0,0,0.954545455,0.1192,0.243902439,0.797979798,-0.010902439,-0.030979798,0,0,0,1,0.626582278,-0.010902439,0,0,0.954545455,0.0345
"1194",1,401641021,"UTEP","Kennesaw State",0.5382,1,1,0.5826,1,1,0.6529,1,-4.5,42.5,11,2024,1,0,"Conference USA","Conference USA",-185,154,1,1.909090909,0.954545455,0.0382,0.649122807,0.393700787,-0.066522807,0.023699213,0,1,0,0,0.77027027,0.023699213,1,1.909090909,0.954545455,0.1529
"1195",0,401640995,"Middle Tennessee","Liberty",0.5071,1,0,0.2562,0,0,0.591,1,12.5,55,11,2024,1,0,"Conference USA","Conference USA",370,-485,0,0,0.954545455,0.0071,0.212765957,0.829059829,0.043434043,-0.085259829,1,0,0,0,0.603092784,0.043434043,0,0,0.954545455,0.091
"1196",0,401643829,"Southern Miss","Marshall",0.5126,1,0,0.1966,0,0,0.5412,1,13.5,53.5,11,2024,1,0,"Sun Belt","Sun Belt",390,-520,0,0,0.954545455,0.0126,0.204081633,0.838709677,-0.007481633,-0.035309677,0,0,0,1,0.596153846,-0.007481633,0,0,0.954545455,0.0412
"1197",0,401628543,"Oregon","Maryland",0.5057,1,1,0.935,1,0,0.4361,0,-24,58,11,2024,1,0,"Big Ten","Big Ten",-3200,1400,0,0,0.954545455,0.0057,0.96969697,0.066666667,-0.03469697,-0.001666667,0,0,0,1,0.515625,-0.001666667,1,1.909090909,0.954545455,0.0639
"1198",1,401628544,"Rutgers","Minnesota",0.6288,1,1,0.5409,1,1,0.5494,1,6.5,44.5,11,2024,1,0,"Big Ten","Big Ten",195,-230,1,1.909090909,0.954545455,0.1288,0.338983051,0.696969697,0.201916949,-0.237869697,1,0,1,2.95,1.475,0.201916949,1,1.909090909,0.954545455,0.0494
"1199",0,401628416,"Tennessee","Mississippi State",0.508,1,1,0.9298,1,0,0.5128,1,-26,61.5,11,2024,1,0,"SEC","SEC",-3200,1400,0,0,0.954545455,0.008,0.96969697,0.066666667,-0.03989697,0.003533333,0,1,0,0,0.515625,0.003533333,0,0,0.954545455,0.0128
"1200",0,401645363,"South Florida","Navy",0.6852,1,0,0.4942,0,0,0.5632,1,4.5,58.5,11,2024,1,0,"American Athletic","American Athletic",164,-198,0,0,0.954545455,0.1852,0.378787879,0.66442953,0.115412121,-0.15862953,1,0,0,0,0.752525253,0.115412121,0,0,0.954545455,0.0632
"1201",0,401643754,"San Diego State","New Mexico",0.3701,0,0,0.3895,0,0,0.5087,1,-1.5,65,11,2024,1,0,"Mountain West","Mountain West",-120,100,1,1.909090909,0.954545455,0.1299,0.545454545,0.5,-0.155954545,0.1105,0,1,1,2,1,0.1105,0,0,0.954545455,0.0087
"1202",0,401644762,"Western Michigan","Northern Illinois",0.5586,1,0,0.5463,1,1,0.5801,1,2,52,11,2024,1,0,"Mid-American","Mid-American",110,-130,0,0,0.954545455,0.0586,0.476190476,0.565217391,0.070109524,-0.111517391,1,0,0,0,0.884615385,0.070109524,1,1.909090909,0.954545455,0.0801
"1203",1,401636920,"TCU","Oklahoma State",0.4589,0,1,0.7734,1,0,0.4269,0,-10.5,68.5,11,2024,1,0,"Big 12","Big 12",-380,300,0,0,0.954545455,0.0411,0.791666667,0.25,-0.018266667,-0.0234,0,0,0,1,0.631578947,-0.018266667,1,1.909090909,0.954545455,0.0731
"1204",0,401628418,"Vanderbilt","South Carolina",0.483,0,0,0.3249,0,0,0.4975,0,6,45,11,2024,1,0,"SEC","SEC",185,-225,1,1.909090909,0.954545455,0.017,0.350877193,0.692307692,-0.025977193,-0.017207692,0,0,0,1,0.722222222,-0.017207692,1,1.909090909,0.954545455,0.0025
"1205",1,401645364,"Tulane","Temple",0.5177,1,1,0.9287,1,1,0.529,1,-26,50.5,11,2024,1,0,"American Athletic","American Athletic",-4500,1700,1,1.909090909,0.954545455,0.0177,0.97826087,0.055555556,-0.04956087,0.015744444,0,1,0,0,0.511111111,0.015744444,1,1.909090909,0.954545455,0.029
"1206",0,401643828,"UL Monroe","Texas State",0.4133,0,0,0.2541,0,1,0.6081,1,9.5,50,11,2024,1,0,"Sun Belt","Sun Belt",280,-355,1,1.909090909,0.954545455,0.0867,0.263157895,0.78021978,-0.009057895,-0.03431978,0,0,0,1,0.64084507,-0.009057895,1,1.909090909,0.954545455,0.1081
"1207",1,401643756,"Washington State","Utah State",0.5588,1,1,0.9434,1,1,0.4734,0,-20,68.5,11,2024,1,0,"Pac-12","Mountain West",-1350,800,1,1.909090909,0.954545455,0.0588,0.931034483,0.111111111,0.012365517,-0.054511111,1,0,1,1.074074074,0.537037037,0.012365517,0,0,0.954545455,0.0266
"1208",0,401644766,"Northern Illinois","Akron",0.433,0,1,0.7883,1,1,0.5092,1,-14,43.5,12,2024,1,0,"Mid-American","Mid-American",-600,440,1,1.909090909,0.954545455,0.067,0.857142857,0.185185185,-0.068842857,0.026514815,0,1,0,0,0.583333333,0.026514815,1,1.909090909,0.954545455,0.0092
"1209",0,401636927,"Kansas State","Arizona State",0.5302,1,0,0.6151,1,0,0.5602,1,-7.5,51.5,12,2024,1,0,"Big 12","Big 12",-278,225,0,0,0.954545455,0.0302,0.735449735,0.307692308,-0.120349735,0.077207692,0,1,1,3.25,1.625,0.077207692,0,0,0.954545455,0.0602
"1210",0,401643831,"Georgia State","Arkansas State",0.4335,0,0,0.445,0,0,0.4228,0,-2.5,60,12,2024,1,0,"Sun Belt","Sun Belt",-135,114,1,1.909090909,0.954545455,0.0665,0.574468085,0.46728972,-0.129468085,0.08771028,0,1,1,2.14,1.07,0.08771028,1,1.909090909,0.954545455,0.0772
"1211",0,401644763,"Buffalo","Ball State",0.5868,1,1,0.5923,1,1,0.4851,0,-3.5,55.5,12,2024,1,0,"Mid-American","Mid-American",-162,136,0,0,0.954545455,0.0868,0.618320611,0.423728814,-0.026020611,-0.016028814,0,0,0,1,0.808641975,-0.016028814,0,0,0.954545455,0.0149
"1212",0,401636929,"West Virginia","Baylor",0.5487,1,0,0.4537,0,1,0.4188,0,2,60,12,2024,1,0,"Big 12","Big 12",110,-130,0,0,0.954545455,0.0487,0.476190476,0.565217391,-0.022490476,-0.018917391,0,0,0,1,0.884615385,-0.018917391,0,0,0.954545455,0.0812
"1213",0,401643758,"San José State","Boise State",0.4858,0,0,0.2507,0,1,0.5153,1,14.5,62,12,2024,1,0,"Mountain West","Mountain West",455,-625,1,1.909090909,0.954545455,0.0142,0.18018018,0.862068966,0.07051982,-0.112768966,1,0,0,0,0.58,0.07051982,1,1.909090909,0.954545455,0.0153
"1214",0,401635580,"SMU","Boston College",0.3963,0,1,0.8063,1,1,0.5969,1,-19,54.5,12,2024,1,0,"ACC","ACC",-1050,675,1,1.909090909,0.954545455,0.1037,0.913043478,0.129032258,-0.106743478,0.064667742,0,1,0,0,0.547619048,0.064667742,1,1.909090909,0.954545455,0.0969
"1215",1,401644765,"Toledo","Central Michigan",0.6095,1,1,0.7935,1,0,0.5324,1,-15,52.5,12,2024,1,0,"Mid-American","Mid-American",-625,455,1,1.909090909,0.954545455,0.1095,0.862068966,0.18018018,-0.068568966,0.02631982,0,1,0,0,0.58,0.02631982,0,0,0.954545455,0.0324
"1216",1,401636926,"Iowa State","Cincinnati",0.4729,0,1,0.6242,1,0,0.5734,1,-7,52.5,12,2024,1,0,"Big 12","Big 12",-265,215,0,0,0.954545455,0.0271,0.726027397,0.317460317,-0.101827397,0.058339683,0,1,0,0,0.688679245,0.058339683,0,0,0.954545455,0.0734
"1217",1,401635582,"Pittsburgh","Clemson",0.4673,0,0,0.3476,0,0,0.5388,1,12,52,12,2024,1,0,"ACC","ACC",360,-470,0,0,0.954545455,0.0327,0.217391304,0.824561404,0.130208696,-0.172161404,1,0,0,0,0.606382979,0.130208696,0,0,0.954545455,0.0388
"1218",1,401643832,"Marshall","Coastal Carolina",0.5732,1,1,0.5976,1,0,0.593,1,-7.5,57,12,2024,1,0,"Sun Belt","Sun Belt",-298,240,1,1.909090909,0.954545455,0.0732,0.748743719,0.294117647,-0.151143719,0.108282353,0,1,0,0,0.667785235,0.108282353,0,0,0.954545455,0.093
"1219",1,401645365,"Tulsa","East Carolina",0.4444,0,0,0.2152,0,1,0.3802,0,16,63.5,12,2024,1,0,"American Athletic","American Athletic",550,-800,0,0,0.954545455,0.0556,0.153846154,0.888888889,0.061353846,-0.104088889,1,0,0,0,0.5625,0.061353846,0,0,0.954545455,0.1198
"1220",1,401644767,"Ohio","Eastern Michigan",0.6212,1,1,0.7194,1,0,0.526,1,-10.5,51.5,12,2024,1,0,"Mid-American","Mid-American",-410,320,1,1.909090909,0.954545455,0.1212,0.803921569,0.238095238,-0.084521569,0.042504762,0,1,0,0,0.62195122,0.042504762,0,0,0.954545455,0.026
"1221",1,401645369,"Temple","Florida Atlantic",0.4723,0,1,0.5054,1,0,0.4509,0,-2,50,12,2024,1,0,"American Athletic","American Athletic",-130,110,0,0,0.954545455,0.0277,0.565217391,0.476190476,-0.059817391,0.018409524,0,1,0,0,0.884615385,0.018409524,1,1.909090909,0.954545455,0.0491
"1222",0,401640986,"Jacksonville State","Florida International",0.4719,0,1,0.6953,1,1,0.4838,0,-12.5,58.5,12,2024,1,0,"Conference USA","Conference USA",-455,350,1,1.909090909,0.954545455,0.0281,0.81981982,0.222222222,-0.12451982,0.082477778,0,1,0,0,0.60989011,0.082477778,0,0,0.954545455,0.0162
"1223",1,401643760,"Utah State","Hawai'i",0.523,1,1,0.4983,0,1,0.4791,0,2.5,62,12,2024,1,0,"Mountain West","Mountain West",110,-130,1,1.909090909,0.954545455,0.023,0.476190476,0.565217391,0.022109524,-0.063517391,1,0,1,2.1,1.05,0.022109524,0,0,0.954545455,0.0209
"1224",0,401643833,"Old Dominion","James Madison",0.5299,1,0,0.4067,0,1,0.4463,0,1.5,51,12,2024,1,0,"Sun Belt","Sun Belt",100,-120,0,0,0.954545455,0.0299,0.5,0.545454545,-0.0933,0.047845455,0,1,1,1.833333333,0.916666667,0.047845455,0,0,0.954545455,0.0537
"1225",0,401644689,"Miami (OH)","Kent State",0.4373,0,1,0.7936,1,0,0.525,1,-31,47.5,12,2024,1,0,"Mid-American","Mid-American",-20000,3500,1,1.909090909,0.954545455,0.0627,0.995024876,0.027777778,-0.201424876,0.178622222,0,1,0,0,0.5025,0.178622222,0,0,0.954545455,0.025
"1226",1,401629046,"Massachusetts","Liberty",0.4555,0,0,0.2035,0,1,0.5829,1,17,53,12,2024,1,0,"FBS Independents","Conference USA",575,-850,0,0,0.954545455,0.0445,0.148148148,0.894736842,0.055351852,-0.098236842,1,0,0,0,0.558823529,0.055351852,1,1.909090909,0.954545455,0.0829
"1227",0,401641013,"Western Kentucky","Louisiana Tech",0.4319,0,0,0.6641,1,0,0.4884,0,-11.5,52.5,12,2024,1,0,"Conference USA","Conference USA",-440,340,1,1.909090909,0.954545455,0.0681,0.814814815,0.227272727,-0.150714815,0.108627273,0,1,1,4.4,2.2,0.108627273,1,1.909090909,0.954545455,0.0116
"1228",1,401635517,"Stanford","Louisville",0.5484,1,1,0.197,0,1,0.5673,1,21,57.5,12,2024,1,0,"ACC","ACC",900,-1600,1,1.909090909,0.954545455,0.0484,0.1,0.941176471,0.097,-0.138176471,1,0,1,10,5,0.097,1,1.909090909,0.954545455,0.0673
"1229",0,401628423,"South Carolina","Missouri",0.6252,1,1,0.673,1,1,0.541,1,-10.5,42.5,12,2024,1,0,"SEC","SEC",-410,320,0,0,0.954545455,0.1252,0.803921569,0.238095238,-0.130921569,0.088904762,0,1,0,0,0.62195122,0.088904762,1,1.909090909,0.954545455,0.041
"1230",1,401628549,"USC","Nebraska",0.4186,0,1,0.655,1,0,0.5128,1,-6.5,51,12,2024,1,0,"Big Ten","Big Ten",-250,205,0,0,0.954545455,0.0814,0.714285714,0.327868852,-0.059285714,0.017131148,0,1,0,0,0.7,0.017131148,0,0,0.954545455,0.0128
"1231",0,401628424,"Texas A&M","New Mexico State",0.5806,1,1,0.8117,1,0,0.4648,0,-38.5,54.5,12,2024,1,0,"SEC","Conference USA",-10000,2500,0,0,0.954545455,0.0806,0.99009901,0.038461538,-0.17839901,0.149838462,0,1,0,0,0.505,0.149838462,1,1.909090909,0.954545455,0.0352
"1232",1,401645366,"UTSA","North Texas",0.6178,1,1,0.5664,1,1,0.6214,1,-1,73,12,2024,1,0,"American Athletic","American Athletic",-118,-102,1,1.909090909,0.954545455,0.1178,0.541284404,0.504950495,0.025115596,-0.071350495,1,0,1,1.847457627,0.923728814,0.025115596,1,1.909090909,0.954545455,0.1214
"1233",0,401628550,"Ohio State","Northwestern",0.6148,1,1,0.7985,1,0,0.5507,1,-28,43.5,12,2024,0,1,"Big Ten","Big Ten",-9000,2500,0,0,0.954545455,0.1148,0.989010989,0.038461538,-0.190510989,0.163038462,0,1,0,0,0.505555556,0.163038462,0,0,0.954545455,0.0507
"1234",1,401628551,"Wisconsin","Oregon",0.4293,0,0,0.2797,0,0,0.5931,1,13.5,49.5,12,2024,1,0,"Big Ten","Big Ten",400,-535,0,0,0.954545455,0.0707,0.2,0.842519685,0.0797,-0.122219685,1,0,0,0,0.593457944,0.0797,0,0,0.954545455,0.0931
"1235",0,401628552,"Purdue","Penn State",0.4641,0,0,0.2025,0,1,0.6152,1,30,51.5,12,2024,1,0,"Big Ten","Big Ten",3000,-10000,1,1.909090909,0.954545455,0.0359,0.032258065,0.99009901,0.170241935,-0.19259901,1,0,0,0,0.505,0.170241935,1,1.909090909,0.954545455,0.1152
"1236",1,401643835,"Texas State","Southern Miss",0.5044,1,1,0.7891,1,1,0.5439,1,-27.5,56.5,12,2024,1,0,"Sun Belt","Sun Belt",-4000,1600,1,1.909090909,0.954545455,0.0044,0.975609756,0.058823529,-0.186509756,0.152076471,0,1,0,0,0.5125,0.152076471,1,1.909090909,0.954545455,0.0439
"1237",1,401628553,"Washington","UCLA",0.4833,0,1,0.624,1,1,0.5191,1,-4.5,47,12,2024,1,0,"Big Ten","Big Ten",-185,154,0,0,0.954545455,0.0167,0.649122807,0.393700787,-0.025122807,-0.017700787,0,0,0,1,0.77027027,-0.017700787,1,1.909090909,0.954545455,0.0191
"1238",0,401643763,"Nevada","Air Force",0.3755,0,0,0.6098,1,0,0.3999,0,-3,44.5,13,2024,1,0,"Mountain West","Mountain West",-148,124,1,1.909090909,0.954545455,0.1245,0.596774194,0.446428571,0.013025806,-0.056228571,1,0,0,0,1.12,0.013025806,1,1.909090909,0.954545455,0.1001
"1239",0,401644769,"Kent State","Akron",0.519,1,0,0.3132,0,1,0.3997,0,10.5,49,13,2024,1,0,"Mid-American","Mid-American",310,-395,0,0,0.954545455,0.019,0.243902439,0.797979798,0.069297561,-0.111179798,1,0,0,0,0.626582278,0.069297561,0,0,0.954545455,0.1003
"1240",1,401628433,"Oklahoma","Alabama",0.5586,1,1,0.1521,0,0,0.5187,1,14,47,13,2024,1,0,"SEC","SEC",455,-625,1,1.909090909,0.954545455,0.0586,0.18018018,0.862068966,-0.02808018,-0.014168966,0,0,0,1,2.775,-0.014168966,0,0,0.954545455,0.0187
"1241",1,401636935,"TCU","Arizona",0.453,0,1,0.8002,1,1,0.4254,0,-10.5,60,13,2024,1,0,"Big 12","Big 12",-425,330,0,0,0.954545455,0.047,0.80952381,0.23255814,-0.00932381,-0.03275814,0,0,0,1,0.617647059,-0.00932381,0,0,0.954545455,0.0746
"1242",1,401640959,"Notre Dame","Army",0.4736,0,1,0.8685,1,1,0.5242,1,-14.5,44.5,13,2024,0,1,"FBS Independents","American Athletic",-675,490,0,0,0.954545455,0.0264,0.870967742,0.169491525,-0.002467742,-0.037991525,0,0,0,1,0.574074074,-0.002467742,1,1.909090909,0.954545455,0.0242
"1243",0,401636931,"Houston","Baylor",0.502,1,0,0.2219,0,0,0.5424,1,7,51,13,2024,1,0,"Big 12","Big 12",215,-265,0,0,0.954545455,0.002,0.317460317,0.726027397,-0.095560317,0.052072603,0,1,1,1.377358491,0.688679245,0.052072603,0,0,0.954545455,0.0424
"1244",1,401643764,"Wyoming","Boise State",0.4061,0,0,0.0586,0,0,0.3113,0,22,54,13,2024,1,0,"Mountain West","Mountain West",1100,-2100,0,0,0.954545455,0.0939,0.083333333,0.954545455,-0.024733333,-0.013145455,0,0,0,1,0.523809524,-0.013145455,1,1.909090909,0.954545455,0.1887
"1245",0,401644772,"Eastern Michigan","Buffalo",0.4639,0,0,0.4596,0,1,0.3776,0,-1,53.5,13,2024,1,0,"Mid-American","Mid-American",-112,-108,1,1.909090909,0.954545455,0.0361,0.528301887,0.519230769,-0.068701887,0.021169231,0,1,1,1.925925926,0.962962963,0.021169231,0,0,0.954545455,0.1224
"1246",0,401645371,"Florida Atlantic","Charlotte",0.5225,1,0,0.4235,0,1,0.4514,0,3,49.5,13,2024,1,0,"American Athletic","American Athletic",130,-155,0,0,0.954545455,0.0225,0.434782609,0.607843137,-0.011282609,-0.031343137,0,0,0,1,0.822580645,-0.011282609,0,0,0.954545455,0.0486
"1247",1,401636933,"Kansas State","Cincinnati",0.5737,1,1,0.7905,1,1,0.569,1,-7.5,54.5,13,2024,1,0,"Big 12","Big 12",-270,220,1,1.909090909,0.954545455,0.0737,0.72972973,0.3125,0.06077027,-0.103,1,0,1,1.37037037,0.685185185,0.06077027,1,1.909090909,0.954545455,0.069
"1248",1,401636932,"Kansas","Colorado",0.4238,0,1,0.3409,0,0,0.5381,1,1.5,59.5,13,2024,0,1,"Big 12","Big 12",102,-122,0,0,0.954545455,0.0762,0.495049505,0.54954955,-0.154149505,0.10955045,0,1,0,0,1.01,0.10955045,0,0,0.954545455,0.0381
"1249",1,401643765,"Fresno State","Colorado State",0.4005,0,1,0.545,1,1,0.4634,0,-3.5,43.5,13,2024,1,0,"Mountain West","Mountain West",-155,130,0,0,0.954545455,0.0995,0.607843137,0.434782609,-0.062843137,0.020217391,0,1,0,0,0.822580645,0.020217391,0,0,0.954545455,0.0366
"1250",0,401645372,"North Texas","East Carolina",0.3047,0,0,0.4007,0,0,0.3918,0,-2.5,74.5,13,2024,1,0,"American Athletic","American Athletic",-135,114,1,1.909090909,0.954545455,0.1953,0.574468085,0.46728972,-0.173768085,0.13201028,0,1,1,2.14,1.07,0.13201028,1,1.909090909,0.954545455,0.1082
"1251",1,401640987,"Kennesaw State","Florida International",0.4781,0,1,0.3396,0,1,0.5452,1,9,42.5,13,2024,1,0,"Conference USA","Conference USA",260,-325,0,0,0.954545455,0.0219,0.277777778,0.764705882,0.061822222,-0.104305882,1,0,1,3.6,1.8,0.061822222,1,1.909090909,0.954545455,0.0452
"1252",0,401643842,"Texas State","Georgia State",0.5099,1,0,0.9086,1,1,0.5087,1,-23,59.5,13,2024,1,0,"Sun Belt","Sun Belt",-2100,1100,0,0,0.954545455,0.0099,0.954545455,0.083333333,-0.045945455,0.008066667,0,1,1,12,6,0.008066667,1,1.909090909,0.954545455,0.0087
"1253",0,401628554,"Rutgers","Illinois",0.5119,1,0,0.5334,1,1,0.5495,1,-2.5,47.5,13,2024,1,0,"Big Ten","Big Ten",-135,115,0,0,0.954545455,0.0119,0.574468085,0.465116279,-0.041068085,0.001483721,0,1,1,2.15,1.075,0.001483721,1,1.909090909,0.954545455,0.0495
"1254",1,401628555,"Ohio State","Indiana",0.5057,1,1,0.734,1,1,0.5141,1,-10.5,52.5,13,2024,1,0,"Big Ten","Big Ten",-410,320,1,1.909090909,0.954545455,0.0057,0.803921569,0.238095238,-0.069921569,0.027904762,0,1,0,0,0.62195122,0.027904762,1,1.909090909,0.954545455,0.0141
"1255",0,401628556,"Maryland","Iowa",0.4319,0,0,0.2929,0,1,0.512,1,4,40.5,13,2024,1,0,"Big Ten","Big Ten",154,-185,1,1.909090909,0.954545455,0.0681,0.393700787,0.649122807,-0.100800787,0.057977193,0,1,1,1.540540541,0.77027027,0.057977193,1,1.909090909,0.954545455,0.012
"1256",1,401636936,"Utah","Iowa State",0.4124,0,0,0.2392,0,1,0.5454,1,6.5,42.5,13,2024,1,0,"Big 12","Big 12",210,-258,0,0,0.954545455,0.0876,0.322580645,0.720670391,-0.083380645,0.040129609,0,1,1,1.387596899,0.69379845,0.040129609,1,1.909090909,0.954545455,0.0454
"1257",0,401628436,"Texas","Kentucky",0.5492,1,1,0.9308,1,0,0.4311,0,-18.5,47,13,2024,1,0,"SEC","SEC",-1200,750,0,0,0.954545455,0.0492,0.923076923,0.117647059,0.007723077,-0.048447059,1,0,1,1.083333333,0.541666667,0.007723077,1,1.909090909,0.954545455,0.0689
"1258",0,401643838,"Old Dominion","Marshall",0.4773,0,0,0.4898,0,1,0.5415,1,-3,51,13,2024,1,0,"Sun Belt","Sun Belt",-135,114,1,1.909090909,0.954545455,0.0227,0.574468085,0.46728972,-0.084668085,0.04291028,0,1,1,2.14,1.07,0.04291028,1,1.909090909,0.954545455,0.0415
"1259",0,401644773,"Toledo","Ohio",0.5035,1,0,0.5716,1,0,0.4405,0,-1.5,47,13,2024,1,0,"Mid-American","Mid-American",-115,-105,0,0,0.954545455,0.0035,0.534883721,0.512195122,0.036716279,-0.083795122,1,0,0,0,0.976190476,0.036716279,1,1.909090909,0.954545455,0.0595
"1260",1,401645373,"UAB","Rice",0.5595,1,1,0.5351,1,1,0.6065,1,7,52.5,13,2024,1,0,"American Athletic","American Athletic",205,-250,1,1.909090909,0.954545455,0.0595,0.327868852,0.714285714,0.207231148,-0.249385714,1,0,1,3.05,1.525,0.207231148,1,1.909090909,0.954545455,0.1065
"1261",0,401635619,"Virginia","SMU",0.4605,0,0,0.1627,0,0,0.4341,0,11.5,54.5,13,2024,1,0,"ACC","ACC",295,-375,1,1.909090909,0.954545455,0.0395,0.253164557,0.789473684,-0.090464557,0.047826316,0,1,1,1.266666667,0.633333333,0.047826316,1,1.909090909,0.954545455,0.0659
"1262",1,401643766,"Utah State","San Diego State",0.4167,0,1,0.6008,1,1,0.5017,1,-5,60,13,2024,1,0,"Mountain West","Mountain West",-198,164,0,0,0.954545455,0.0833,0.66442953,0.378787879,-0.06362953,0.020412121,0,1,0,0,0.752525253,0.020412121,1,1.909090909,0.954545455,0.0017
"1263",1,401643841,"Southern Miss","South Alabama",0.4737,0,0,0.0786,0,0,0.4635,0,24,54,13,2024,1,0,"Sun Belt","Sun Belt",1200,-2400,0,0,0.954545455,0.0263,0.076923077,0.96,0.001676923,-0.0386,1,0,0,0,0.520833333,0.001676923,1,1.909090909,0.954545455,0.0365
"1264",1,401645374,"UTSA","Temple",0.5488,1,1,0.9203,1,1,0.5764,1,-16.5,56,13,2024,1,0,"American Athletic","American Athletic",-700,500,1,1.909090909,0.954545455,0.0488,0.875,0.166666667,0.0453,-0.086966667,1,0,1,1.142857143,0.571428571,0.0453,1,1.909090909,0.954545455,0.0764
"1265",1,401636937,"West Virginia","UCF",0.5304,1,1,0.5436,1,0,0.5135,1,3,60,13,2024,1,0,"Big 12","Big 12",124,-148,1,1.909090909,0.954545455,0.0304,0.446428571,0.596774194,0.097171429,-0.140374194,1,0,1,2.24,1.12,0.097171429,0,0,0.954545455,0.0135
"1266",0,401643768,"San Diego State","Air Force",0.4485,0,0,0.3856,0,1,0.4273,0,6,43.5,14,2024,1,0,"Mountain West","Mountain West",180,-218,1,1.909090909,0.954545455,0.0515,0.357142857,0.685534591,0.028457143,-0.071134591,1,0,0,0,0.729357798,0.028457143,0,0,0.954545455,0.0727
"1267",1,401643844,"Georgia Southern","App State",0.5534,1,1,0.6984,1,0,0.502,1,-2.5,60,14,2024,1,0,"Sun Belt","Sun Belt",-135,114,1,1.909090909,0.954545455,0.0534,0.574468085,0.46728972,0.123931915,-0.16568972,1,0,1,1.740740741,0.87037037,0.123931915,0,0,0.954545455,0.002
"1268",1,401628443,"Missouri","Arkansas",0.5859,1,1,0.634,1,0,0.552,1,-3,51,14,2024,1,0,"SEC","SEC",-148,124,1,1.909090909,0.954545455,0.0859,0.596774194,0.446428571,0.037225806,-0.080428571,1,0,1,1.675675676,0.837837838,0.037225806,0,0,0.954545455,0.052
"1269",1,401644777,"Ohio","Ball State",0.5885,1,1,0.9066,1,1,0.5313,1,-18,51.5,14,2024,1,0,"Mid-American","Mid-American",-900,600,1,1.909090909,0.954545455,0.0885,0.9,0.142857143,0.0066,-0.049457143,1,0,1,1.111111111,0.555555556,0.0066,1,1.909090909,0.954545455,0.0313
"1270",1,401635621,"SMU","California",0.5312,1,1,0.8496,1,0,0.3664,0,-12.5,54.5,14,2024,1,0,"ACC","ACC",-500,380,1,1.909090909,0.954545455,0.0312,0.833333333,0.208333333,0.016266667,-0.057933333,1,0,1,1.2,0.6,0.016266667,1,1.909090909,0.954545455,0.1336
"1271",0,401644779,"Northern Illinois","Central Michigan",0.44,0,1,0.7807,1,0,0.4772,0,-13.5,40,14,2024,1,0,"Mid-American","Mid-American",-520,390,1,1.909090909,0.954545455,0.06,0.838709677,0.204081633,-0.058009677,0.015218367,0,1,0,0,0.596153846,0.015218367,1,1.909090909,0.954545455,0.0228
"1272",0,401643845,"Georgia State","Coastal Carolina",0.2871,0,0,0.3246,0,1,0.5675,1,-1,53,14,2024,1,0,"Sun Belt","Sun Belt",-112,-108,1,1.909090909,0.954545455,0.2129,0.528301887,0.519230769,-0.203701887,0.156169231,0,1,1,1.925925926,0.962962963,0.156169231,1,1.909090909,0.954545455,0.0675
"1273",0,401635622,"Wake Forest","Duke",0.4637,0,0,0.3019,0,0,0.4497,0,3.5,53,14,2024,1,0,"ACC","ACC",140,-166,1,1.909090909,0.954545455,0.0363,0.416666667,0.62406015,-0.114766667,0.07403985,0,1,1,1.602409639,0.801204819,0.07403985,1,1.909090909,0.954545455,0.0503
"1274",1,401644780,"Western Michigan","Eastern Michigan",0.5041,1,1,0.7174,1,0,0.5292,1,-6,55.5,14,2024,1,0,"Mid-American","Mid-American",-205,170,1,1.909090909,0.954545455,0.0041,0.672131148,0.37037037,0.045268852,-0.08777037,1,0,1,1.487804878,0.743902439,0.045268852,0,0,0.954545455,0.0292
"1275",0,401628438,"Florida State","Florida",0.5661,1,0,0.1387,0,0,0.5242,1,17,46,14,2024,1,0,"ACC","SEC",500,-700,0,0,0.954545455,0.0661,0.166666667,0.875,-0.027966667,-0.0137,0,0,0,1,0.571428571,-0.0137,0,0,0.954545455,0.0242
"1276",0,401645380,"Tulsa","Florida Atlantic",0.4282,0,0,0.5062,1,1,0.4907,0,-1,58,14,2024,1,0,"American Athletic","American Athletic",-112,-108,1,1.909090909,0.954545455,0.0718,0.528301887,0.519230769,-0.022101887,-0.025430769,0,0,0,1,0.962962963,-0.022101887,0,0,0.954545455,0.0093
"1277",0,401628570,"UCLA","Fresno State",0.5489,1,1,0.6211,1,0,0.5696,1,-7.5,46.5,14,2024,1,0,"Big Ten","Mountain West",-285,230,0,0,0.954545455,0.0489,0.74025974,0.303030303,-0.11915974,0.075869697,0,1,0,0,0.675438596,0.075869697,0,0,0.954545455,0.0696
"1278",0,401628563,"Northwestern","Illinois",0.5013,1,0,0.2468,0,1,0.4949,0,9,43.5,14,2024,0,1,"Big Ten","Big Ten",275,-345,0,0,0.954545455,0.0013,0.266666667,0.775280899,-0.019866667,-0.022080899,0,0,0,1,0.644927536,-0.019866667,0,0,0.954545455,0.0051
"1279",1,401641006,"Western Kentucky","Jacksonville State",0.4089,0,1,0.5353,1,0,0.5353,1,-1,62.5,14,2024,1,0,"Conference USA","Conference USA",-112,-108,0,0,0.954545455,0.0911,0.528301887,0.519230769,0.006998113,-0.054530769,1,0,1,1.892857143,0.946428571,0.006998113,0,0,0.954545455,0.0353
"1280",1,401641014,"Louisiana Tech","Kennesaw State",0.5542,1,1,0.7874,1,0,0.5177,1,-10,41.5,14,2024,1,0,"Conference USA","Conference USA",-355,280,1,1.909090909,0.954545455,0.0542,0.78021978,0.263157895,0.00718022,-0.050557895,1,0,1,1.281690141,0.64084507,0.00718022,0,0,0.954545455,0.0177
"1281",1,401640997,"Sam Houston","Liberty",0.5685,1,1,0.622,1,0,0.5913,1,2.5,48,14,2024,1,0,"Conference USA","Conference USA",110,-130,1,1.909090909,0.954545455,0.0685,0.476190476,0.565217391,0.145809524,-0.187217391,1,0,1,2.1,1.05,0.145809524,0,0,0.954545455,0.0913
"1282",0,401643848,"UL Monroe","Louisiana",0.4339,0,0,0.2598,0,1,0.5702,1,8.5,50,14,2024,1,0,"Sun Belt","Sun Belt",250,-310,1,1.909090909,0.954545455,0.0661,0.285714286,0.756097561,-0.025914286,-0.015897561,0,0,0,1,0.661290323,-0.015897561,1,1.909090909,0.954545455,0.0702
"1283",1,401628565,"Penn State","Maryland",0.6202,1,1,0.9464,1,1,0.4997,0,-26,50.5,14,2024,1,0,"Big Ten","Big Ten",-4000,1600,1,1.909090909,0.954545455,0.1202,0.975609756,0.058823529,-0.029209756,-0.005223529,0,0,0,1,0.5125,-0.005223529,0,0,0.954545455,3e-04
"1284",0,401645376,"Tulane","Memphis",0.4919,0,0,0.7667,1,1,0.5052,1,-12.5,54.5,14,2024,1,0,"American Athletic","American Athletic",-455,350,1,1.909090909,0.954545455,0.0081,0.81981982,0.222222222,-0.05311982,0.011077778,0,1,1,4.5,2.25,0.011077778,1,1.909090909,0.954545455,0.0052
"1285",1,401635623,"Syracuse","Miami",0.4087,0,1,0.1728,0,1,0.4381,0,12,67.5,14,2024,1,0,"ACC","ACC",330,-425,0,0,0.954545455,0.0913,0.23255814,0.80952381,-0.05975814,0.01767619,0,1,0,0,2.15,0.01767619,0,0,0.954545455,0.0619
"1286",0,401628566,"Ohio State","Michigan",0.4717,0,0,0.917,1,0,0.5266,1,-19.5,41.5,14,2024,1,0,"Big Ten","Big Ten",-1350,800,1,1.909090909,0.954545455,0.0283,0.931034483,0.111111111,-0.014034483,-0.028111111,0,0,0,1,4.5,-0.014034483,0,0,0.954545455,0.0266
"1287",0,401628568,"Wisconsin","Minnesota",0.4494,0,0,0.483,0,0,0.6416,1,2,40.5,14,2024,1,0,"Big Ten","Big Ten",102,-122,1,1.909090909,0.954545455,0.0506,0.495049505,0.54954955,-0.012049505,-0.03254955,0,0,0,1,0.909836066,-0.012049505,0,0,0.954545455,0.1416
"1288",0,401628442,"Ole Miss","Mississippi State",0.455,0,1,0.9138,1,0,0.5645,1,-26,63.5,14,2024,1,0,"SEC","SEC",-3600,1500,1,1.909090909,0.954545455,0.045,0.972972973,0.0625,-0.059172973,0.0237,0,1,0,0,0.513888889,0.0237,0,0,0.954545455,0.0645
"1289",0,401635624,"North Carolina","NC State",0.6346,1,0,0.6829,1,1,0.4327,0,-2,54.5,14,2024,1,0,"ACC","ACC",-125,105,0,0,0.954545455,0.1346,0.555555556,0.487804878,0.127344444,-0.170704878,1,0,0,0,1.025,0.127344444,0,0,0.954545455,0.0673
"1290",1,401645381,"Temple","North Texas",0.4431,0,0,0.1588,0,0,0.5224,1,12,63,14,2024,1,0,"American Athletic","American Athletic",330,-425,0,0,0.954545455,0.0569,0.23255814,0.80952381,-0.07375814,0.03167619,0,1,1,1.235294118,0.617647059,0.03167619,0,0,0.954545455,0.0224
"1291",0,401628571,"USC","Notre Dame",0.5734,1,0,0.3903,0,1,0.605,1,7,52.5,14,2024,1,0,"Big Ten","FBS Independents",210,-258,0,0,0.954545455,0.0734,0.322580645,0.720670391,0.067719355,-0.110970391,1,0,0,0,0.69379845,0.067719355,1,1.909090909,0.954545455,0.105
"1292",1,401643849,"Troy","Southern Miss",0.4183,0,1,0.8884,1,1,0.4748,0,-17.5,49,14,2024,1,0,"Sun Belt","Sun Belt",-800,550,0,0,0.954545455,0.0817,0.888888889,0.153846154,-0.000488889,-0.042246154,0,0,0,1,0.5625,-0.000488889,0,0,0.954545455,0.0252
"1293",0,401628446,"Vanderbilt","Tennessee",0.5934,1,0,0.3396,0,1,0.5773,1,9.5,47,14,2024,1,0,"SEC","SEC",295,-375,0,0,0.954545455,0.0934,0.253164557,0.789473684,0.086435443,-0.129073684,1,0,0,0,0.633333333,0.086435443,1,1.909090909,0.954545455,0.0773
"1294",0,401628445,"Texas A&M","Texas",0.4184,0,0,0.3196,0,0,0.5298,1,4.5,50,14,2024,1,0,"SEC","SEC",164,-198,1,1.909090909,0.954545455,0.0816,0.378787879,0.66442953,-0.059187879,0.01597047,0,1,1,1.505050505,0.752525253,0.01597047,0,0,0.954545455,0.0298
"1295",1,401635640,"Virginia Tech","Virginia",0.4865,0,1,0.578,1,1,0.495,0,-4.5,44.5,14,2024,1,0,"ACC","ACC",-180,150,0,0,0.954545455,0.0135,0.642857143,0.4,-0.064857143,0.022,0,1,0,0,0.777777778,0.022,0,0,0.954545455,0.005
"1296",0,401673465,"Iowa State","Arizona State",0.4413,0,0,0.4482,0,1,0.4744,0,-1.5,51,15,2024,0,1,"Big 12","Big 12",-120,100,1,1.909090909,0.954545455,0.0587,0.545454545,0.5,-0.097254545,0.0518,0,1,1,2,1,0.0518,0,0,0.954545455,0.0256
"1297",0,401673463,"SMU","Clemson",0.4937,0,0,0.637,1,1,0.4813,0,-2.5,56.5,15,2024,0,1,"ACC","ACC",-135,114,1,1.909090909,0.954545455,0.0063,0.574468085,0.46728972,0.062531915,-0.10428972,1,0,0,0,1.07,0.062531915,0,0,0.954545455,0.0187
"1298",0,401673469,"Texas","Georgia",0.628,1,0,0.7652,1,0,0.378,0,-3,51,15,2024,0,1,"SEC","SEC",-155,130,0,0,0.954545455,0.128,0.607843137,0.434782609,0.157356863,-0.199982609,1,0,0,0,1.15,0.157356863,1,1.909090909,0.954545455,0.122
"1299",1,401673467,"Ohio","Miami (OH)",0.4313,0,1,0.4296,0,0,0.4561,0,2.5,44,15,2024,0,1,"Mid-American","Mid-American",114,-135,0,0,0.954545455,0.0687,0.46728972,0.574468085,-0.03768972,-0.004068085,0,0,0,1,1.07,-0.004068085,1,1.909090909,0.954545455,0.0439
"1300",0,401673464,"Penn State","Oregon",0.6113,1,0,0.6367,1,1,0.5323,1,3.5,52,15,2024,0,1,"Big Ten","Big Ten",150,-180,0,0,0.954545455,0.1113,0.4,0.642857143,0.2367,-0.279557143,1,0,0,0,0.777777778,0.2367,1,1.909090909,0.954545455,0.0323
"1301",1,401677102,"Michigan","Alabama",0.5507,1,1,0.1287,0,0,0.4949,0,16.5,45.5,20,2024,0,1,"Big Ten","SEC",575,-850,1,1.909090909,0.954545455,0.0507,0.148148148,0.894736842,-0.019448148,-0.023436842,0,0,0,1,3.375,-0.019448148,1,1.909090909,0.954545455,0.0051
"1302",0,401677092,"Texas Tech","Arkansas",0.4448,0,0,0.5895,1,1,0.5273,1,-3.5,52.5,20,2024,0,1,"Big 12","SEC",-162,136,1,1.909090909,0.954545455,0.0552,0.618320611,0.423728814,-0.028820611,-0.013228814,0,0,0,1,1.18,-0.013228814,1,1.909090909,0.954545455,0.0273
"1303",0,401677089,"Bowling Green","Arkansas State",0.5065,1,0,0.7446,1,1,0.5555,1,-10.5,54.5,20,2024,0,1,"Mid-American","Sun Belt",-380,300,0,0,0.954545455,0.0065,0.791666667,0.25,-0.047066667,0.0054,0,1,1,4,2,0.0054,1,1.909090909,0.954545455,0.0555
"1304",0,401677100,"Louisiana Tech","Army",0.4669,0,0,0.1654,0,0,0.5313,1,15,44.5,20,2024,0,1,"Conference USA","American Athletic",490,-675,1,1.909090909,0.954545455,0.0331,0.169491525,0.870967742,-0.004091525,-0.036367742,0,0,0,1,0.574074074,-0.004091525,0,0,0.954545455,0.0313
"1305",0,401677099,"Colorado","BYU",0.5513,1,0,0.5701,1,0,0.5963,1,-3,55.5,20,2024,0,1,"Big 12","Big 12",-148,124,0,0,0.954545455,0.0513,0.596774194,0.446428571,-0.026674194,-0.016528571,0,0,0,1,1.12,-0.016528571,0,0,0.954545455,0.0963
"1306",1,401677104,"LSU","Baylor",0.5375,1,1,0.3822,0,1,0.4324,0,3,62.5,20,2024,0,1,"SEC","Big 12",130,-155,1,1.909090909,0.954545455,0.0375,0.434782609,0.607843137,-0.052582609,0.009956863,0,1,0,0,1.15,0.009956863,0,0,0.954545455,0.0676
"1307",1,401677095,"Nebraska","Boston College",0.5154,1,1,0.5405,1,0,0.4911,0,-3,47.5,20,2024,0,1,"Big Ten","ACC",-162,136,1,1.909090909,0.954545455,0.0154,0.618320611,0.423728814,-0.077820611,0.035771186,0,1,0,0,0.808641975,0.035771186,1,1.909090909,0.954545455,0.0089
"1308",0,401677108,"Liberty","Buffalo",0.4331,0,0,0.3585,0,0,0.4839,0,4.5,50.5,20,2024,0,1,"Conference USA","Mid-American",160,-192,1,1.909090909,0.954545455,0.0669,0.384615385,0.657534247,-0.026115385,-0.016034247,0,0,0,1,0.760416667,-0.016034247,1,1.909090909,0.954545455,0.0161
"1309",1,401677081,"UNLV","California",0.4897,0,1,0.5056,1,0,0.5832,1,-3,45,20,2024,0,1,"Mountain West","ACC",-148,124,0,0,0.954545455,0.0103,0.596774194,0.446428571,-0.091174194,0.047971429,0,1,0,0,0.837837838,0.047971429,0,0,0.954545455,0.0832
"1310",1,401677176,"Texas","Clemson",0.5275,1,1,0.844,1,1,0.437,0,-13.5,49.5,20,2024,1,0,"SEC","ACC",-650,470,1,1.909090909,0.954545455,0.0275,0.866666667,0.175438596,-0.022666667,-0.019438596,0,0,0,1,0.576923077,-0.019438596,0,0,0.954545455,0.063
"1311",1,401677085,"UTSA","Coastal Carolina",0.541,1,1,0.8243,1,1,0.6024,1,-12.5,56.5,20,2024,1,0,"American Athletic","Sun Belt",-440,340,1,1.909090909,0.954545455,0.041,0.814814815,0.227272727,0.009485185,-0.051572727,1,0,1,1.227272727,0.613636364,0.009485185,1,1.909090909,0.954545455,0.1024
"1312",1,401677188,"Miami (OH)","Colorado State",0.5326,1,1,0.5441,1,1,0.5164,1,-1,42.5,20,2024,0,1,"Mid-American","Mountain West",-120,100,1,1.909090909,0.954545455,0.0326,0.545454545,0.5,-0.001354545,-0.0441,0,0,0,1,0.916666667,-0.001354545,1,1.909090909,0.954545455,0.0164
"1313",1,401677105,"Ole Miss","Duke",0.4959,0,1,0.9029,1,1,0.601,1,-17.5,50.5,20,2024,0,1,"SEC","ACC",-900,600,0,0,0.954545455,0.0041,0.9,0.142857143,0.0029,-0.045757143,1,0,1,1.111111111,0.555555556,0.0029,1,1.909090909,0.954545455,0.101
"1314",0,401677098,"NC State","East Carolina",0.4005,0,0,0.6249,1,0,0.5303,1,-7.5,61.5,20,2024,0,1,"ACC","American Athletic",-298,240,1,1.909090909,0.954545455,0.0995,0.748743719,0.294117647,-0.123843719,0.080982353,0,1,1,3.4,1.7,0.080982353,0,0,0.954545455,0.0303
"1315",0,401677084,"Tulane","Florida",0.5475,1,0,0.3245,0,0,0.6159,1,10,50.5,20,2024,0,1,"American Athletic","SEC",310,-395,0,0,0.954545455,0.0475,0.243902439,0.797979798,0.080597561,-0.122479798,1,0,0,0,0.626582278,0.080597561,0,0,0.954545455,0.1159
"1316",1,401677086,"Northern Illinois","Fresno State",0.5646,1,1,0.494,0,1,0.5711,1,-2,41,20,2024,0,1,"Mid-American","Mountain West",-125,105,1,1.909090909,0.954545455,0.0646,0.555555556,0.487804878,-0.061555556,0.018195122,0,1,0,0,0.9,0.018195122,1,1.909090909,0.954545455,0.0711
"1317",1,401677082,"Sam Houston","Georgia Southern",0.4091,0,1,0.3218,0,1,0.5829,1,3.5,48,20,2024,0,1,"Conference USA","Sun Belt",140,-166,0,0,0.954545455,0.0909,0.416666667,0.62406015,-0.094866667,0.05413985,0,1,0,0,1.2,0.05413985,1,1.909090909,0.954545455,0.0829
"1318",1,401677091,"Vanderbilt","Georgia Tech",0.5034,1,1,0.4598,0,1,0.4928,0,3,49,20,2024,0,1,"SEC","ACC",120,-142,1,1.909090909,0.954545455,0.0034,0.454545455,0.58677686,0.005254545,-0.04657686,1,0,1,2.2,1.1,0.005254545,0,0,0.954545455,0.0072
"1319",0,401677103,"South Carolina","Illinois",0.5696,1,0,0.7512,1,0,0.4228,0,-9.5,50,20,2024,0,1,"SEC","Big Ten",-355,280,0,0,0.954545455,0.0696,0.78021978,0.263157895,-0.02901978,-0.014357895,0,0,0,1,1.9,-0.014357895,1,1.909090909,0.954545455,0.0772
"1320",1,401677179,"Notre Dame","Indiana",0.5128,1,1,0.6702,1,0,0.4666,0,-7,50.5,20,2024,1,0,"FBS Independents","Big Ten",-265,215,1,1.909090909,0.954545455,0.0128,0.726027397,0.317460317,-0.055827397,0.012339683,0,1,0,0,0.688679245,0.012339683,1,1.909090909,0.954545455,0.0334
"1321",1,401677101,"Missouri","Iowa",0.5881,1,1,0.6406,1,1,0.4858,0,-1,41,20,2024,0,1,"SEC","Big Ten",-112,-108,1,1.909090909,0.954545455,0.0881,0.528301887,0.519230769,0.112298113,-0.159830769,1,0,1,1.892857143,0.946428571,0.112298113,0,0,0.954545455,0.0142
"1322",0,401677097,"Miami","Iowa State",0.5038,1,0,0.694,1,1,0.5983,1,-5,62,20,2024,0,1,"ACC","Big 12",-218,180,0,0,0.954545455,0.0038,0.685534591,0.357142857,0.008465409,-0.051142857,1,0,0,0,1.4,0.008465409,1,1.909090909,0.954545455,0.0983
"1323",0,401677083,"Ohio","Jacksonville State",0.4893,0,1,0.6424,1,0,0.4242,0,-6.5,57.5,20,2024,0,1,"Mid-American","Conference USA",-225,185,1,1.909090909,0.954545455,0.0107,0.692307692,0.350877193,-0.049907692,0.006722807,0,1,0,0,0.722222222,0.006722807,1,1.909090909,0.954545455,0.0758
"1324",0,401677079,"Western Kentucky","James Madison",0.5735,1,0,0.2445,0,0,0.5779,1,7.5,50.5,20,2024,0,1,"Conference USA","Sun Belt",230,-285,0,0,0.954545455,0.0735,0.303030303,0.74025974,-0.058530303,0.01524026,0,1,1,1.350877193,0.675438596,0.01524026,0,0,0.954545455,0.0779
"1325",1,401677088,"Rutgers","Kansas State",0.4804,0,0,0.2985,0,1,0.5436,1,7.5,51.5,20,2024,0,1,"Big Ten","Big 12",240,-290,0,0,0.954545455,0.0196,0.294117647,0.743589744,0.004382353,-0.042089744,1,0,0,0,0.672413793,0.004382353,1,1.909090909,0.954545455,0.0436
"1326",1,401677096,"TCU","Louisiana",0.5562,1,1,0.7573,1,0,0.5927,1,-9.5,61,20,2024,0,1,"Big 12","Sun Belt",-325,260,1,1.909090909,0.954545455,0.0562,0.764705882,0.277777778,-0.007405882,-0.035077778,0,0,0,1,0.653846154,-0.007405882,0,0,0.954545455,0.0927
"1327",0,401677190,"Washington","Louisville",0.493,0,0,0.4783,0,1,0.5118,1,-1,50.5,20,2024,0,1,"Big Ten","ACC",-118,-102,1,1.909090909,0.954545455,0.007,0.541284404,0.504950495,-0.062984404,0.016749505,0,1,1,1.980392157,0.990196078,0.016749505,1,1.909090909,0.954545455,0.0118
"1328",0,401677080,"West Virginia","Memphis",0.5283,1,0,0.2319,0,1,0.3952,0,5,60,20,2024,0,1,"Big 12","American Athletic",170,-205,0,0,0.954545455,0.0283,0.37037037,0.672131148,-0.13847037,0.095968852,0,1,1,1.487804878,0.743902439,0.095968852,0,0,0.954545455,0.1048
"1329",0,401677107,"Virginia Tech","Minnesota",0.5055,1,0,0.2578,0,0,0.4885,0,10,43.5,20,2024,0,1,"ACC","Big Ten",320,-410,0,0,0.954545455,0.0055,0.238095238,0.803921569,0.019704762,-0.061721569,1,0,0,0,0.62195122,0.019704762,1,1.909090909,0.954545455,0.0115
"1330",0,401677090,"Oklahoma","Navy",0.5211,1,0,0.6192,1,0,0.5554,1,1,44,20,2024,0,1,"SEC","American Athletic",-108,-112,0,0,0.954545455,0.0211,0.519230769,0.528301887,0.099969231,-0.147501887,1,0,0,0,0.946428571,0.099969231,0,0,0.954545455,0.0554
"1331",1,401677094,"UConn","North Carolina",0.4342,0,1,0.519,1,0,0.4701,0,2,53.5,20,2024,0,1,"FBS Independents","ACC",105,-125,0,0,0.954545455,0.0658,0.487804878,0.555555556,0.031195122,-0.074555556,1,0,1,2.05,1.025,0.031195122,1,1.909090909,0.954545455,0.0299
"1332",0,401677106,"Texas State","North Texas",0.4334,0,1,0.868,1,0,0.5193,1,-15.5,67.5,20,2024,0,1,"Sun Belt","American Athletic",-650,470,1,1.909090909,0.954545455,0.0666,0.866666667,0.175438596,0.001333333,-0.043438596,1,0,1,1.153846154,0.576923077,0.001333333,0,0,0.954545455,0.0193
"1333",1,401677180,"Toledo","Pittsburgh",0.5177,1,1,0.433,0,1,0.4944,0,6.5,48.5,20,2024,0,1,"Mid-American","ACC",190,-230,1,1.909090909,0.954545455,0.0177,0.344827586,0.696969697,0.088172414,-0.129969697,1,0,1,2.9,1.45,0.088172414,0,0,0.954545455,0.0056
"1334",1,401677087,"South Florida","San José State",0.5451,1,1,0.517,1,1,0.4924,0,-1.5,66.5,20,2024,0,1,"American Athletic","Mountain West",-118,-102,1,1.909090909,0.954545455,0.0451,0.541284404,0.504950495,-0.024284404,-0.021950495,0,0,0,1,0.923728814,-0.021950495,0,0,0.954545455,0.0076
"1335",0,401677077,"Western Michigan","South Alabama",0.6254,1,0,0.4193,0,0,0.5261,1,6,53.5,20,2024,0,1,"Mid-American","Sun Belt",185,-225,0,0,0.954545455,0.1254,0.350877193,0.692307692,0.068422807,-0.111607692,1,0,0,0,0.722222222,0.068422807,0,0,0.954545455,0.0261
"1336",1,401729867,"Washington State","Syracuse",0.4266,0,0,0.0859,0,1,0.3308,0,19,58.5,20,2024,0,1,"Pac-12","ACC",675,-1050,0,0,0.954545455,0.0734,0.129032258,0.913043478,-0.043132258,0.001056522,0,1,1,1.095238095,0.547619048,0.001056522,0,0,0.954545455,0.1692
"1337",0,401677182,"Texas","Arizona State",0.4859,0,1,0.8102,1,1,0.4261,0,-13.5,52.5,21,2024,0,1,"SEC","Big 12",-600,440,1,1.909090909,0.954545455,0.0141,0.857142857,0.185185185,-0.046942857,0.004614815,0,1,0,0,0.583333333,0.004614815,0,0,0.954545455,0.0739
"1338",1,401677181,"Penn State","Boise State",0.4159,0,1,0.6547,1,0,0.5921,1,-12,55,21,2024,0,1,"Big Ten","Mountain West",-455,350,0,0,0.954545455,0.0841,0.81981982,0.222222222,-0.16511982,0.123077778,0,1,0,0,0.60989011,0.123077778,0,0,0.954545455,0.0921
"1339",1,401677184,"Notre Dame","Georgia",0.5491,1,1,0.6444,1,0,0.5164,1,-1,45.5,21,2024,0,1,"FBS Independents","SEC",-110,-110,1,1.909090909,0.954545455,0.0491,0.523809524,0.523809524,0.120590476,-0.168209524,1,0,1,1.909090909,0.954545455,0.120590476,0,0,0.954545455,0.0164
"1340",0,401677183,"Oregon","Ohio State",0.4376,0,0,0.393,0,1,0.6011,1,2.5,55.5,21,2024,0,1,"Big Ten","Big Ten",120,-142,1,1.909090909,0.954545455,0.0624,0.454545455,0.58677686,-0.061545455,0.02022314,0,1,1,1.704225352,0.852112676,0.02022314,1,1.909090909,0.954545455,0.1011
"1341",0,401677189,"Penn State","Notre Dame",0.5449,1,0,0.6161,1,1,0.5061,1,-1.5,45.5,22,2024,0,1,"Big Ten","FBS Independents",-115,-105,0,0,0.954545455,0.0449,0.534883721,0.512195122,0.081216279,-0.128295122,1,0,0,0,0.976190476,0.081216279,1,1.909090909,0.954545455,0.0061
"1342",0,401677191,"Texas","Ohio State",0.4718,0,0,0.3776,0,0,0.5286,1,6.5,51.5,22,2024,0,1,"SEC","Big Ten",210,-258,1,1.909090909,0.954545455,0.0282,0.322580645,0.720670391,0.055019355,-0.098270391,1,0,0,0,0.69379845,0.055019355,0,0,0.954545455,0.0286
"1343",1,401677192,"Ohio State","Notre Dame",0.486,0,1,0.6708,1,1,0.5311,1,-8.5,45.5,23,2024,0,1,"Big Ten","FBS Independents",-375,295,0,0,0.954545455,0.014,0.789473684,0.253164557,-0.118673684,0.076035443,0,1,0,0,0.633333333,0.076035443,1,1.909090909,0.954545455,0.0311
"1344",1,401282207,"Air Force","Florida Atlantic",0.6274,1,1,0.6185,1,0,0.4887,0,-3.5,54,4,2021,1,0,"Mountain West","Conference USA",-180,155,1,1.909090909,0.954545455,0.1274,0.642857143,0.392156863,-0.024357143,-0.010656863,0,0,0,1,0.777777778,-0.010656863,1,1.909090909,0.954545455,0.0113
"1345",1,401282081,"Alabama","Southern Miss",0.5507,1,1,0.746,1,1,0.4388,0,-45,58.5,4,2021,1,0,"SEC","Conference USA",NA,NA,1,1.909090909,0.954545455,0.0507,NA,NA,NA,NA,NA,NA,NA,NA,NA,NA,0,0,0.954545455,0.0612
"1346",0,401282208,"App State","Marshall",0.5705,1,1,0.6194,1,1,0.5224,1,-7,59.5,4,2021,1,0,"Sun Belt","Conference USA",-340,270,0,0,0.954545455,0.0705,0.772727273,0.27027027,-0.153327273,0.11032973,0,1,0,0,0.647058824,0.11032973,1,1.909090909,0.954545455,0.0224
"1347",1,401309862,"Arizona State","Colorado",0.6442,1,1,0.7014,1,1,0.6033,1,-14,45.5,4,2021,1,0,"Pac-12","Pac-12",-655,445,1,1.909090909,0.954545455,0.1442,0.867549669,0.183486239,-0.166149669,0.115113761,0,1,0,0,0.576335878,0.115113761,1,1.909090909,0.954545455,0.1033
"1348",1,401308834,"Army","Miami (OH)",0.5598,1,1,0.6461,1,0,0.3824,0,-7.5,48.5,4,2021,1,0,"FBS Independents","Mid-American",-320,260,1,1.909090909,0.954545455,0.0598,0.761904762,0.277777778,-0.115804762,0.076122222,0,1,0,0,0.65625,0.076122222,1,1.909090909,0.954545455,0.1176
"1349",0,401301009,"BYU","South Florida",0.4839,0,1,0.7322,1,1,0.5908,1,-23.5,54.5,4,2021,1,0,"FBS Independents","American Athletic",-2300,1025,1,1.909090909,0.954545455,0.0161,0.958333333,0.088888889,-0.226133333,0.178911111,0,1,0,0,0.52173913,0.178911111,1,1.909090909,0.954545455,0.0908
"1350",0,401309555,"Ball State","Toledo",0.5515,1,0,0.3847,0,0,0.5018,1,4.5,56.5,4,2021,1,0,"Mid-American","Mid-American",170,-200,0,0,0.954545455,0.0515,0.37037037,0.666666667,0.01432963,-0.051366667,1,0,0,0,0.75,0.01432963,0,0,0.954545455,0.0018
"1351",1,401287907,"Baylor","Iowa State",0.4698,0,1,0.3787,0,1,0.5337,1,7,46,4,2021,1,0,"Big 12","Big 12",215,-260,0,0,0.954545455,0.0302,0.317460317,0.722222222,0.061239683,-0.100922222,1,0,1,3.15,1.575,0.061239683,1,1.909090909,0.954545455,0.0337
"1352",1,401282086,"Boston College","Missouri",0.3617,0,1,0.4837,0,1,0.504,1,-1,58,4,2021,1,0,"ACC","SEC",-105,-115,0,0,0.954545455,0.1383,0.512195122,0.534883721,-0.028495122,-0.018583721,0,0,0,1,0.976190476,-0.018583721,1,1.909090909,0.954545455,0.004
"1353",0,401282206,"Central Michigan","Florida International",0.6673,1,1,0.6882,1,1,0.5326,1,-12,55.5,4,2021,1,0,"Mid-American","Conference USA",-470,345,0,0,0.954545455,0.1673,0.824561404,0.224719101,-0.136361404,0.087080899,0,1,0,0,0.606382979,0.087080899,1,1.909090909,0.954545455,0.0326
"1354",1,401282204,"Charlotte","Middle Tennessee",0.437,0,1,0.4874,0,1,0.3889,0,-2.5,55.5,4,2021,1,0,"Conference USA","Conference USA",-150,130,0,0,0.954545455,0.063,0.6,0.434782609,-0.1126,0.077817391,0,1,0,0,0.833333333,0.077817391,0,0,0.954545455,0.1111
"1355",1,401286301,"Coastal Carolina","Massachusetts",0.4978,0,1,0.7321,1,0,0.4333,0,-36,66,4,2021,1,0,"Sun Belt","FBS Independents",NA,NA,0,0,0.954545455,0.0022,NA,NA,NA,NA,NA,NA,NA,NA,NA,NA,1,1.909090909,0.954545455,0.0667
"1356",1,401282639,"Duke","Kansas",0.5241,1,1,0.7209,1,1,0.411,0,-16.5,57.5,4,2021,1,0,"ACC","Big 12",-750,500,1,1.909090909,0.954545455,0.0241,0.882352941,0.166666667,-0.161452941,0.112433333,0,1,0,0,0.566666667,0.112433333,0,0,0.954545455,0.089
"1357",1,401309557,"Eastern Michigan","Texas State",0.4268,0,1,0.6462,1,1,0.6495,1,-7.5,62.5,4,2021,1,0,"Mid-American","Sun Belt",-240,200,0,0,0.954545455,0.0732,0.705882353,0.333333333,-0.059682353,0.020466667,0,1,0,0,0.708333333,0.020466667,1,1.909090909,0.954545455,0.1495
"1358",1,401282084,"Florida","Tennessee",0.3504,0,1,0.7119,1,0,0.4906,0,-19,65,4,2021,1,0,"SEC","SEC",-1300,725,0,0,0.954545455,0.1496,0.928571429,0.121212121,-0.216671429,0.166887879,0,1,0,0,0.538461538,0.166887879,1,1.909090909,0.954545455,0.0094
"1359",0,401282640,"Florida State","Louisville",0.4579,0,0,0.4777,0,0,0.5598,1,-1.5,61,4,2021,1,0,"ACC","ACC",120,-120,1,1.909090909,0.954545455,0.0421,0.454545455,0.545454545,0.023154545,-0.023154545,1,0,0,0,0.916666667,0.023154545,0,0,0.954545455,0.0598
"1360",0,401310707,"Fresno State","UNLV",0.5469,1,1,0.7576,1,1,0.419,0,-30,59,4,2021,1,0,"Mountain West","Mountain West",NA,NA,0,0,0.954545455,0.0469,NA,NA,NA,NA,NA,NA,NA,NA,NA,NA,0,0,0.954545455,0.081
"1361",1,401309610,"Georgia Southern","Louisiana",0.3506,0,0,0.2959,0,0,0.4638,0,14.5,54.5,4,2021,1,0,"Sun Belt","Sun Belt",445,-655,0,0,0.954545455,0.1494,0.183486239,0.867549669,0.112413761,-0.163449669,1,0,0,0,0.576335878,0.112413761,1,1.909090909,0.954545455,0.0362
"1362",0,401301008,"Houston","Navy",0.6793,1,1,0.7301,1,1,0.5361,1,-20,47,4,2021,1,0,"American Athletic","American Athletic",-1300,725,0,0,0.954545455,0.1793,0.928571429,0.121212121,-0.198471429,0.148687879,0,1,0,0,0.538461538,0.148687879,1,1.909090909,0.954545455,0.0361
"1363",0,401282205,"Louisiana Tech","North Texas",0.3319,0,1,0.6592,1,0,0.5325,1,-10.5,65,4,2021,1,0,"Conference USA","Conference USA",-460,340,1,1.909090909,0.954545455,0.1681,0.821428571,0.227272727,-0.162228571,0.113527273,0,1,0,0,0.608695652,0.113527273,0,0,0.954545455,0.0325
"1364",0,401282213,"Memphis","UTSA",0.4268,0,0,0.5254,1,0,0.4145,0,-3,66.5,4,2021,1,0,"American Athletic","Conference USA",-150,130,1,1.909090909,0.954545455,0.0732,0.6,0.434782609,-0.0746,0.039817391,0,1,1,2.3,1.15,0.039817391,1,1.909090909,0.954545455,0.0855
"1365",0,401282775,"Michigan","Rutgers",0.4542,0,1,0.7068,1,0,0.5539,1,-20.5,50,4,2021,1,0,"Big Ten","Big Ten",-1300,725,1,1.909090909,0.954545455,0.0458,0.928571429,0.121212121,-0.221771429,0.171987879,0,1,0,0,0.538461538,0.171987879,0,0,0.954545455,0.0539
"1366",0,401282784,"Michigan State","Nebraska",0.5355,1,1,0.623,1,0,0.4898,0,-3.5,55,4,2021,1,0,"Big Ten","Big Ten",-200,170,0,0,0.954545455,0.0355,0.666666667,0.37037037,-0.043666667,0.00662963,0,1,0,0,0.75,0.00662963,1,1.909090909,0.954545455,0.0102
"1367",1,401282805,"Northwestern","Ohio",0.3955,0,1,0.6374,1,0,0.5416,1,-13.5,47.5,4,2021,1,0,"Big Ten","Mid-American",-665,450,0,0,0.954545455,0.1045,0.869281046,0.181818182,-0.231881046,0.180781818,0,1,0,0,0.57518797,0.180781818,0,0,0.954545455,0.0416
"1368",0,401287908,"Oklahoma","West Virginia",0.6874,1,1,0.7537,1,0,0.6044,1,-17.5,56.5,4,2021,1,0,"Big 12","Big 12",-900,575,0,0,0.954545455,0.1874,0.9,0.148148148,-0.1463,0.098151852,0,1,0,0,0.555555556,0.098151852,0,0,0.954545455,0.1044
"1369",0,401309858,"Stanford","UCLA",0.3698,0,0,0.3518,0,0,0.491,0,4,60,4,2021,1,0,"Pac-12","Pac-12",160,-185,1,1.909090909,0.954545455,0.1302,0.384615385,0.649122807,-0.032815385,-0.000922807,0,0,0,1,0.77027027,-0.000922807,1,1.909090909,0.954545455,0.009
"1370",1,401287911,"Texas","Texas Tech",0.4538,0,1,0.5901,1,1,0.4849,0,-9,62.5,4,2021,1,0,"Big 12","Big 12",-370,285,0,0,0.954545455,0.0462,0.787234043,0.25974026,-0.197134043,0.15015974,0,1,0,0,0.635135135,0.15015974,0,0,0.954545455,0.0151
"1371",0,401282211,"Tulane","UAB",0.4096,0,0,0.4787,0,0,0.5567,1,-2.5,54.5,4,2021,1,0,"American Athletic","Conference USA",-160,135,1,1.909090909,0.954545455,0.0904,0.615384615,0.425531915,-0.136684615,0.095768085,0,1,1,2.35,1.175,0.095768085,0,0,0.954545455,0.0567
"1372",1,401286190,"UConn","Wyoming",0.5109,1,0,0.2634,0,0,0.5943,1,31.5,53.5,4,2021,1,0,"FBS Independents","Mountain West",NA,NA,1,1.909090909,0.954545455,0.0109,NA,NA,NA,NA,NA,NA,NA,NA,NA,NA,0,0,0.954545455,0.0943
"1373",0,401309861,"Utah","Washington State",0.3794,0,1,0.7251,1,0,0.4307,0,-15,53,4,2021,1,0,"Pac-12","Pac-12",-700,475,1,1.909090909,0.954545455,0.1206,0.875,0.173913043,-0.1499,0.100986957,0,1,0,0,0.571428571,0.100986957,1,1.909090909,0.954545455,0.0693
"1374",0,401282638,"Virginia","Wake Forest",0.3643,0,0,0.5616,1,0,0.4466,0,-3.5,71,4,2021,1,0,"ACC","ACC",-175,150,1,1.909090909,0.954545455,0.1357,0.636363636,0.4,-0.074763636,0.0384,0,1,1,2.5,1.25,0.0384,1,1.909090909,0.954545455,0.0534
"1375",0,401309560,"Akron","Ohio",0.4803,0,0,0.4203,0,0,0.4601,0,9.5,55,5,2021,1,0,"Mid-American","Mid-American",280,-360,1,1.909090909,0.954545455,0.0197,0.263157895,0.782608696,0.157142105,-0.202908696,1,0,0,0,0.638888889,0.157142105,1,1.909090909,0.954545455,0.0399
"1376",1,401282089,"Alabama","Ole Miss",0.5614,1,1,0.9171,1,0,0.4569,0,-15,79.5,5,2021,1,0,"SEC","SEC",-595,415,1,1.909090909,0.954545455,0.0614,0.856115108,0.194174757,0.060984892,-0.111274757,1,0,1,1.168067227,0.584033613,0.060984892,1,1.909090909,0.954545455,0.0431
"1377",0,401310711,"Boise State","Nevada",0.478,0,0,0.7064,1,1,0.5174,1,-3.5,59,5,2021,1,0,"Mountain West","Mountain West",-200,170,1,1.909090909,0.954545455,0.022,0.666666667,0.37037037,0.039733333,-0.07677037,1,0,0,0,1.35,0.039733333,1,1.909090909,0.954545455,0.0174
"1378",1,401309561,"Buffalo","Western Michigan",0.3874,0,0,0.2382,0,0,0.4647,0,7,59.5,5,2021,1,0,"Mid-American","Mid-American",215,-260,0,0,0.954545455,0.1126,0.317460317,0.722222222,-0.079260317,0.039577778,0,1,1,1.384615385,0.692307692,0.039577778,1,1.909090909,0.954545455,0.0353
"1379",0,401309863,"California","Washington State",0.333,0,0,0.4168,0,0,0.3738,0,-7.5,52.5,5,2021,1,0,"Pac-12","Pac-12",-300,250,1,1.909090909,0.954545455,0.167,0.75,0.285714286,-0.3332,0.297485714,0,1,1,3.5,1.75,0.297485714,1,1.909090909,0.954545455,0.1262
"1380",1,401309614,"Coastal Carolina","UL Monroe",0.5493,1,1,0.9456,1,1,0.5011,1,-33.5,57.5,5,2021,1,0,"Sun Belt","Sun Belt",NA,NA,1,1.909090909,0.954545455,0.0493,NA,NA,NA,NA,NA,NA,NA,NA,NA,NA,1,1.909090909,0.954545455,0.0011
"1381",0,401309867,"Colorado","USC",0.5195,1,0,0.2575,0,0,0.6185,1,9,51,5,2021,1,0,"Pac-12","Pac-12",260,-320,0,0,0.954545455,0.0195,0.277777778,0.761904762,-0.020277778,-0.019404762,0,0,0,1,0.65625,-0.019404762,0,0,0.954545455,0.1185
"1382",1,401301014,"East Carolina","Tulane",0.4494,0,1,0.5504,1,1,0.5526,1,3,64.5,5,2021,1,0,"American Athletic","American Athletic",135,-160,0,0,0.954545455,0.0506,0.425531915,0.615384615,0.124868085,-0.165784615,1,0,1,2.35,1.175,0.124868085,1,1.909090909,0.954545455,0.0526
"1383",1,401282215,"Florida Atlantic","Florida International",0.5545,1,1,0.8293,1,1,0.4998,0,-10.5,52,5,2021,1,0,"Conference USA","Conference USA",-415,310,1,1.909090909,0.954545455,0.0545,0.805825243,0.243902439,0.023474757,-0.073202439,1,0,1,1.240963855,0.620481928,0.023474757,0,0,0.954545455,2e-04
"1384",0,401282648,"Florida State","Syracuse",0.5571,1,1,0.6827,1,1,0.5537,1,-5.5,50.5,5,2021,1,0,"ACC","ACC",-220,180,0,0,0.954545455,0.0571,0.6875,0.357142857,-0.0048,-0.039842857,0,0,0,1,0.727272727,-0.0048,1,1.909090909,0.954545455,0.0537
"1385",0,401282649,"Georgia Tech","Pittsburgh",0.4089,0,0,0.3422,0,1,0.3683,0,3,57.5,5,2021,1,0,"ACC","ACC",130,-150,1,1.909090909,0.954545455,0.0911,0.434782609,0.6,-0.092582609,0.0578,0,1,1,1.666666667,0.833333333,0.0578,0,0,0.954545455,0.1317
"1386",1,401287912,"Iowa State","Kansas",0.5619,1,1,0.9498,1,1,0.291,0,-34.5,57,5,2021,1,0,"Big 12","Big 12",NA,NA,1,1.909090909,0.954545455,0.0619,NA,NA,NA,NA,NA,NA,NA,NA,NA,NA,0,0,0.954545455,0.209
"1387",1,401287913,"Kansas State","Oklahoma",0.4921,0,0,0.1886,0,1,0.5198,1,12.5,53,5,2021,1,0,"Big 12","Big 12",325,-435,0,0,0.954545455,0.0079,0.235294118,0.813084112,-0.046694118,-0.001684112,0,0,0,1,0.614942529,-0.001684112,1,1.909090909,0.954545455,0.0198
"1388",0,401286302,"Massachusetts","Toledo",0.3044,0,0,0.072,0,0,0.3257,0,27,56.5,5,2021,1,0,"FBS Independents","Mid-American",NA,NA,1,1.909090909,0.954545455,0.1956,NA,NA,NA,NA,NA,NA,NA,NA,NA,NA,1,1.909090909,0.954545455,0.1743
"1389",0,401282646,"Miami","Virginia",0.4979,0,0,0.7242,1,0,0.4755,0,-3.5,63.5,5,2021,1,0,"ACC","ACC",-160,135,1,1.909090909,0.954545455,0.0021,0.615384615,0.425531915,0.108815385,-0.149731915,1,0,0,0,1.175,0.108815385,1,1.909090909,0.954545455,0.0245
"1390",1,401282223,"Michigan State","Western Kentucky",0.5034,1,1,0.7645,1,1,0.4859,0,-10.5,66.5,5,2021,1,0,"Big Ten","Conference USA",-420,315,1,1.909090909,0.954545455,0.0034,0.807692308,0.240963855,-0.043192308,-0.005463855,0,0,0,1,0.619047619,-0.005463855,0,0,0.954545455,0.0141
"1391",0,401282093,"Missouri","Tennessee",0.4589,0,0,0.4564,0,1,0.423,0,-2.5,66,5,2021,1,0,"SEC","SEC",-140,120,1,1.909090909,0.954545455,0.0411,0.583333333,0.454545455,-0.126933333,0.089054545,0,1,1,2.2,1.1,0.089054545,0,0,0.954545455,0.077
"1392",1,401301013,"Navy","UCF",0.395,0,1,0.0986,0,1,0.5365,1,15,52.5,5,2021,1,0,"American Athletic","American Athletic",525,-800,0,0,0.954545455,0.105,0.16,0.888888889,-0.0614,0.012511111,0,1,0,0,3.125,0.012511111,1,1.909090909,0.954545455,0.0365
"1393",1,401309865,"Oregon State","Washington",0.5299,1,1,0.7272,1,0,0.4916,0,-2.5,57.5,5,2021,1,0,"Pac-12","Pac-12",-130,110,1,1.909090909,0.954545455,0.0299,0.565217391,0.476190476,0.161982609,-0.203390476,1,0,1,1.769230769,0.884615385,0.161982609,1,1.909090909,0.954545455,0.0084
"1394",1,401282218,"Rice","Southern Miss",0.4962,0,1,0.5806,1,0,0.5274,1,-1.5,44.5,5,2021,1,0,"Conference USA","Conference USA",-125,105,0,0,0.954545455,0.0038,0.555555556,0.487804878,0.025044444,-0.068404878,1,0,1,1.8,0.9,0.025044444,0,0,0.954545455,0.0274
"1395",1,401301016,"SMU","South Florida",0.4133,0,1,0.9244,1,0,0.4762,0,-21,68.5,5,2021,1,0,"American Athletic","American Athletic",-1500,775,0,0,0.954545455,0.0867,0.9375,0.114285714,-0.0131,-0.038685714,0,0,0,1,0.533333333,-0.0131,1,1.909090909,0.954545455,0.0238
"1396",1,401282094,"South Carolina","Troy",0.5343,1,1,0.7749,1,0,0.5539,1,-6.5,43.5,5,2021,1,0,"SEC","Sun Belt",-260,215,1,1.909090909,0.954545455,0.0343,0.722222222,0.317460317,0.052677778,-0.092360317,1,0,1,1.384615385,0.692307692,0.052677778,0,0,0.954545455,0.0539
"1397",0,401287915,"TCU","Texas",0.4157,0,0,0.2926,0,0,0.4767,0,4,65.5,5,2021,1,0,"Big 12","Big 12",165,-195,1,1.909090909,0.954545455,0.0843,0.377358491,0.661016949,-0.084758491,0.046383051,0,1,1,1.512820513,0.756410256,0.046383051,1,1.909090909,0.954545455,0.0233
"1398",1,401310714,"Air Force","Wyoming",0.4871,0,1,0.5799,1,0,0.4235,0,-5.5,46.5,6,2021,1,0,"Mountain West","Mountain West",-210,175,0,0,0.954545455,0.0129,0.677419355,0.363636364,-0.097519355,0.056463636,0,1,0,0,0.738095238,0.056463636,1,1.909090909,0.954545455,0.0765
"1399",0,401309870,"Arizona","UCLA",0.5239,1,0,0.064,0,0,0.3394,0,16,61,6,2021,1,0,"Pac-12","Pac-12",525,-800,0,0,0.954545455,0.0239,0.16,0.888888889,-0.096,0.047111111,0,1,1,1.125,0.5625,0.047111111,1,1.909090909,0.954545455,0.1606
"1400",1,401309868,"Arizona State","Stanford",0.6219,1,1,0.8997,1,0,0.5632,1,-13.5,53.5,6,2021,1,0,"Pac-12","Pac-12",-520,375,1,1.909090909,0.954545455,0.1219,0.838709677,0.210526316,0.060990323,-0.110226316,1,0,1,1.192307692,0.596153846,0.060990323,0,0,0.954545455,0.0632
"1401",0,401309616,"Arkansas State","Coastal Carolina",0.4808,0,0,0.1006,0,0,0.5104,1,20,74.5,6,2021,1,0,"Sun Belt","Sun Belt",700,-1200,1,1.909090909,0.954545455,0.0192,0.125,0.923076923,-0.0244,-0.023676923,0,0,0,1,0.541666667,-0.023676923,0,0,0.954545455,0.0104
"1402",1,401287917,"Baylor","West Virginia",0.4737,0,1,0.5096,1,1,0.4405,0,-1,45,6,2021,1,0,"Big 12","Big 12",-140,120,0,0,0.954545455,0.0263,0.583333333,0.454545455,-0.073733333,0.035854545,0,1,0,0,0.857142857,0.035854545,0,0,0.954545455,0.0595
"1403",1,401301018,"Cincinnati","Temple",0.4237,0,1,0.9557,1,1,0.4392,0,-30,52.5,6,2021,1,0,"American Athletic","American Athletic",-6500,1325,0,0,0.954545455,0.0763,0.984848485,0.070175439,-0.029148485,-0.025875439,0,0,0,1,0.507692308,-0.025875439,0,0,0.954545455,0.0608
"1404",1,401310715,"Colorado State","San José State",0.4384,0,1,0.4601,0,1,0.554,1,-3.5,44.5,6,2021,1,0,"Mountain West","Mountain West",-165,140,0,0,0.954545455,0.0616,0.622641509,0.416666667,-0.162541509,0.123233333,0,1,0,0,0.803030303,0.123233333,1,1.909090909,0.954545455,0.054
"1405",1,401282652,"Duke","Georgia Tech",0.5042,1,0,0.4157,0,0,0.4621,0,4.5,60.5,6,2021,1,0,"ACC","ACC",165,-195,1,1.909090909,0.954545455,0.0042,0.377358491,0.661016949,0.038341509,-0.076716949,1,0,0,0,0.756410256,0.038341509,1,1.909090909,0.954545455,0.0379
"1406",1,401308836,"Eastern Michigan","Miami (OH)",0.5067,1,1,0.4881,0,0,0.5278,1,2.5,58.5,6,2021,1,0,"Mid-American","Mid-American",110,-130,1,1.909090909,0.954545455,0.0067,0.476190476,0.565217391,0.011909524,-0.053317391,1,0,1,2.1,1.05,0.011909524,0,0,0.954545455,0.0278
"1407",1,401282098,"Florida","Vanderbilt",0.5386,1,1,0.9531,1,0,0.3841,0,-39,60,6,2021,1,0,"SEC","SEC",NA,NA,1,1.909090909,0.954545455,0.0386,NA,NA,NA,NA,NA,NA,NA,NA,NA,NA,1,1.909090909,0.954545455,0.1159
"1408",0,401282718,"Illinois","Wisconsin",0.6062,1,0,0.4422,0,0,0.5868,1,12,42,6,2021,1,0,"Big Ten","Big Ten",315,-420,0,0,0.954545455,0.1062,0.240963855,0.807692308,0.201236145,-0.249892308,1,0,0,0,0.619047619,0.201236145,0,0,0.954545455,0.0868
"1409",1,401282758,"Iowa","Penn State",0.4433,0,1,0.4499,0,1,0.4861,0,-2.5,41,6,2021,1,0,"Big Ten","Big Ten",-130,110,0,0,0.954545455,0.0567,0.565217391,0.476190476,-0.115317391,0.073909524,0,1,0,0,0.884615385,0.073909524,0,0,0.954545455,0.0139
"1410",1,401282099,"Kentucky","LSU",0.4826,0,1,0.4459,0,1,0.3481,0,-2,50.5,6,2021,1,0,"SEC","SEC",-135,115,0,0,0.954545455,0.0174,0.574468085,0.465116279,-0.128568085,0.088983721,0,1,0,0,0.87037037,0.088983721,0,0,0.954545455,0.1519
"1411",1,401282229,"Liberty","Middle Tennessee",0.5457,1,1,0.9066,1,0,0.477,0,-20,59,6,2021,1,0,"FBS Independents","Conference USA",-1300,725,1,1.909090909,0.954545455,0.0457,0.928571429,0.121212121,-0.021971429,-0.027812121,0,0,0,1,0.538461538,-0.021971429,1,1.909090909,0.954545455,0.023
"1412",0,401282653,"Louisville","Virginia",0.5856,1,0,0.701,1,0,0.5089,1,-2.5,69.5,6,2021,1,0,"ACC","ACC",-135,115,0,0,0.954545455,0.0856,0.574468085,0.465116279,0.126531915,-0.166116279,1,0,0,0,1.075,0.126531915,0,0,0.954545455,0.0089
"1413",0,401282226,"Marshall","Old Dominion",0.4303,0,1,0.8508,1,0,0.3777,0,-21,62.5,6,2021,1,0,"Conference USA","Conference USA",-1400,750,1,1.909090909,0.954545455,0.0697,0.933333333,0.117647059,-0.082533333,0.031552941,0,1,0,0,0.535714286,0.031552941,1,1.909090909,0.954545455,0.1223
"1414",1,401286191,"Massachusetts","UConn",0.3636,0,1,0.2235,0,0,0.5524,1,3,57,6,2021,1,0,"FBS Independents","FBS Independents",135,-160,0,0,0.954545455,0.1364,0.425531915,0.615384615,-0.202031915,0.161115385,0,1,0,0,1.175,0.161115385,0,0,0.954545455,0.0524
"1415",0,401282101,"Missouri","North Texas",0.3837,0,1,0.8303,1,1,0.4874,0,-18.5,69,6,2021,1,0,"SEC","Conference USA",-1100,650,1,1.909090909,0.954545455,0.1163,0.916666667,0.133333333,-0.086366667,0.036366667,0,1,0,0,0.545454545,0.036366667,0,0,0.954545455,0.0126
"1416",1,401301021,"Navy","SMU",0.3941,0,0,0.2043,0,0,0.4696,0,13.5,56.5,6,2021,1,0,"American Athletic","American Athletic",395,-555,0,0,0.954545455,0.1059,0.202020202,0.847328244,0.002279798,-0.051628244,1,0,0,0,0.59009009,0.002279798,1,1.909090909,0.954545455,0.0304
"1417",0,401310717,"Nevada","New Mexico State",0.4951,0,1,0.878,1,1,0.5234,1,-28.5,65,6,2021,1,0,"Mountain West","FBS Independents",NA,NA,1,1.909090909,0.954545455,0.0049,NA,NA,NA,NA,NA,NA,NA,NA,NA,NA,1,1.909090909,0.954545455,0.0234
"1418",0,401282227,"Southern Miss","UTEP",0.4592,0,0,0.2783,0,0,0.3485,0,1.5,46,6,2021,1,0,"Conference USA","Conference USA",105,-125,1,1.909090909,0.954545455,0.0408,0.487804878,0.555555556,-0.209504878,0.166144444,0,1,1,1.8,0.9,0.166144444,1,1.909090909,0.954545455,0.1515
"1419",1,401282655,"Syracuse","Wake Forest",0.4556,0,0,0.2125,0,1,0.4513,0,6,58.5,6,2021,1,0,"ACC","ACC",190,-230,0,0,0.954545455,0.0444,0.344827586,0.696969697,-0.132327586,0.090530303,0,1,1,1.434782609,0.717391304,0.090530303,0,0,0.954545455,0.0487
"1420",0,401309871,"USC","Utah",0.3925,0,0,0.3336,0,1,0.5342,1,-3,52.5,6,2021,1,0,"Pac-12","Pac-12",-150,130,1,1.909090909,0.954545455,0.1075,0.6,0.434782609,-0.2664,0.231617391,0,1,1,2.3,1.15,0.231617391,1,1.909090909,0.954545455,0.0342
"1421",0,401282104,"Arkansas","Auburn",0.5092,1,0,0.6042,1,1,0.5312,1,-4.5,54.5,7,2021,1,0,"SEC","SEC",-195,165,0,0,0.954545455,0.0092,0.661016949,0.377358491,-0.056816949,0.018441509,0,1,1,2.65,1.325,0.018441509,1,1.909090909,0.954545455,0.0312
"1422",1,401287920,"Baylor","BYU",0.4724,0,1,0.7065,1,1,0.451,0,-5.5,52.5,7,2021,1,0,"Big 12","FBS Independents",-210,175,0,0,0.954545455,0.0276,0.677419355,0.363636364,0.029080645,-0.070136364,1,0,1,1.476190476,0.738095238,0.029080645,0,0,0.954545455,0.049
"1423",0,401282658,"Boston College","NC State",0.4027,0,0,0.4327,0,0,0.5167,1,3,51,7,2021,1,0,"ACC","ACC",130,-150,1,1.909090909,0.954545455,0.0973,0.434782609,0.6,-0.002082609,-0.0327,0,0,0,1,0.833333333,-0.002082609,0,0,0.954545455,0.0167
"1424",0,401309571,"Buffalo","Ohio",0.5424,1,1,0.6179,1,0,0.3883,0,-7.5,54.5,7,2021,1,0,"Mid-American","Mid-American",-320,260,0,0,0.954545455,0.0424,0.761904762,0.277777778,-0.144004762,0.104322222,0,1,0,0,0.65625,0.104322222,1,1.909090909,0.954545455,0.1117
"1425",1,401309569,"Central Michigan","Toledo",0.4333,0,1,0.4354,0,0,0.5036,1,5,53,7,2021,1,0,"Mid-American","Mid-American",170,-200,0,0,0.954545455,0.0667,0.37037037,0.666666667,0.06502963,-0.102066667,1,0,1,2.7,1.35,0.06502963,0,0,0.954545455,0.0036
"1426",1,401301023,"Cincinnati","UCF",0.4461,0,1,0.902,1,1,0.4425,0,-21.5,56,7,2021,1,0,"American Athletic","American Athletic",-1600,800,0,0,0.954545455,0.0539,0.941176471,0.111111111,-0.039176471,-0.013111111,0,0,0,1,0.53125,-0.013111111,0,0,0.954545455,0.0575
"1427",0,401282105,"Georgia","Kentucky",0.577,1,1,0.8687,1,0,0.5051,1,-21.5,44.5,7,2021,1,0,"SEC","SEC",-1700,850,0,0,0.954545455,0.077,0.944444444,0.105263158,-0.075744444,0.026036842,0,1,0,0,0.529411765,0.026036842,0,0,0.954545455,0.0051
"1428",0,401282731,"Indiana","Michigan State",0.3868,0,0,0.205,0,0,0.5414,1,3.5,48.5,7,2021,1,0,"Big Ten","Big Ten",160,-185,1,1.909090909,0.954545455,0.1132,0.384615385,0.649122807,-0.179615385,0.145877193,0,1,1,1.540540541,0.77027027,0.145877193,0,0,0.954545455,0.0414
"1429",0,401282760,"Iowa","Purdue",0.4902,0,0,0.6902,1,0,0.5258,1,-11.5,42.5,7,2021,1,0,"Big Ten","Big Ten",-470,345,1,1.909090909,0.954545455,0.0098,0.824561404,0.224719101,-0.134361404,0.085080899,0,1,1,4.45,2.225,0.085080899,0,0,0.954545455,0.0258
"1430",0,401287921,"Kansas","Texas Tech",0.4755,0,0,0.0934,0,0,0.3489,0,18.5,68.5,7,2021,1,0,"Big 12","Big 12",600,-950,1,1.909090909,0.954545455,0.0245,0.142857143,0.904761905,-0.049457143,0.001838095,0,1,1,1.105263158,0.552631579,0.001838095,1,1.909090909,0.954545455,0.1511
"1431",1,401301022,"Memphis","Navy",0.4881,0,1,0.8137,1,0,0.434,0,-11,55.5,7,2021,1,0,"American Athletic","American Athletic",-395,300,0,0,0.954545455,0.0119,0.797979798,0.25,0.015720202,-0.0637,1,0,1,1.253164557,0.626582278,0.015720202,1,1.909090909,0.954545455,0.066
"1432",1,401282796,"Minnesota","Nebraska",0.5468,1,1,0.3704,0,1,0.5722,1,4.5,48.5,7,2021,1,0,"Big Ten","Big Ten",165,-195,1,1.909090909,0.954545455,0.0468,0.377358491,0.661016949,-0.006958491,-0.031416949,0,0,0,1,1.325,-0.006958491,1,1.909090909,0.954545455,0.0722
"1433",0,401282108,"Missouri","Texas A&M",0.6125,1,0,0.4592,0,0,0.4148,0,11.5,59.5,7,2021,1,0,"SEC","SEC",315,-420,0,0,0.954545455,0.1125,0.240963855,0.807692308,0.218236145,-0.266892308,1,0,0,0,0.619047619,0.218236145,1,1.909090909,0.954545455,0.0852
"1434",1,401282807,"Northwestern","Rutgers",0.418,0,1,0.3646,0,0,0.4543,0,2.5,45,7,2021,1,0,"Big Ten","Big Ten",110,-130,0,0,0.954545455,0.082,0.476190476,0.565217391,-0.111590476,0.070182609,0,1,0,0,1.05,0.070182609,1,1.909090909,0.954545455,0.0457
"1435",1,401287923,"Oklahoma","TCU",0.5693,1,1,0.8911,1,1,0.4937,0,-12.5,64.5,7,2021,1,0,"Big 12","Big 12",-565,400,1,1.909090909,0.954545455,0.0693,0.84962406,0.2,0.04147594,-0.0911,1,0,1,1.17699115,0.588495575,0.04147594,0,0,0.954545455,0.0063
"1436",0,401282232,"Old Dominion","Western Kentucky",0.5068,1,0,0.1984,0,0,0.4212,0,13.5,66.5,7,2021,1,0,"Conference USA","Conference USA",360,-500,0,0,0.954545455,0.0068,0.217391304,0.833333333,-0.018991304,-0.031733333,0,0,0,1,0.6,-0.018991304,1,1.909090909,0.954545455,0.0788
"1437",0,401282109,"South Carolina","Vanderbilt",0.603,1,1,0.9345,1,0,0.4818,0,-18.5,50,7,2021,1,0,"SEC","SEC",-1200,700,0,0,0.954545455,0.103,0.923076923,0.125,0.011423077,-0.0595,1,0,1,1.083333333,0.541666667,0.011423077,1,1.909090909,0.954545455,0.0182
"1438",1,401301024,"South Florida","Tulsa",0.4479,0,0,0.2319,0,1,0.4491,0,7,55.5,7,2021,1,0,"American Athletic","American Athletic",255,-310,0,0,0.954545455,0.0521,0.281690141,0.756097561,-0.049790141,0.012002439,0,1,1,1.322580645,0.661290323,0.012002439,0,0,0.954545455,0.0509
"1439",0,401282234,"Southern Miss","UAB",0.4775,0,0,0.1318,0,0,0.4221,0,17,43.5,7,2021,1,0,"Conference USA","Conference USA",500,-750,1,1.909090909,0.954545455,0.0225,0.166666667,0.882352941,-0.034866667,-0.014152941,0,0,0,1,0.566666667,-0.014152941,1,1.909090909,0.954545455,0.0779
"1440",1,401309622,"Texas State","Troy",0.5046,1,0,0.3425,0,1,0.389,0,7.5,48.5,7,2021,1,0,"Sun Belt","Sun Belt",230,-280,1,1.909090909,0.954545455,0.0046,0.303030303,0.736842105,0.039469697,-0.079342105,1,0,0,0,0.678571429,0.039469697,0,0,0.954545455,0.111
"1441",0,401310724,"Air Force","San Diego State",0.5287,1,0,0.5524,1,0,0.4384,0,-3,39,8,2021,1,0,"Mountain West","Mountain West",-160,135,0,0,0.954545455,0.0287,0.615384615,0.425531915,-0.062984615,0.022068085,0,1,1,2.35,1.175,0.022068085,1,1.909090909,0.954545455,0.0616
"1442",0,401309575,"Akron","Buffalo",0.3944,0,0,0.3137,0,0,0.4404,0,13.5,58,8,2021,1,0,"Mid-American","Mid-American",340,-460,1,1.909090909,0.954545455,0.1056,0.227272727,0.821428571,0.086427273,-0.135128571,1,0,0,0,0.608695652,0.086427273,1,1.909090909,0.954545455,0.0596
"1443",1,401282111,"Alabama","Tennessee",0.3843,0,1,0.9184,1,1,0.3657,0,-25.5,68,8,2021,1,0,"SEC","SEC",-5500,1300,0,0,0.954545455,0.1157,0.982142857,0.071428571,-0.063742857,0.010171429,0,1,0,0,0.509090909,0.010171429,0,0,0.954545455,0.1343
"1444",1,401309623,"App State","Coastal Carolina",0.5628,1,1,0.4404,0,0,0.4452,0,4.5,60.5,8,2021,1,0,"Sun Belt","Sun Belt",145,-170,1,1.909090909,0.954545455,0.0628,0.408163265,0.62962963,0.032236735,-0.07002963,1,0,1,2.45,1.225,0.032236735,1,1.909090909,0.954545455,0.0548
"1445",1,401309877,"Arizona","Washington",0.6198,1,0,0.1402,0,0,0.4159,0,17,45.5,8,2021,1,0,"Pac-12","Pac-12",600,-950,1,1.909090909,0.954545455,0.1198,0.142857143,0.904761905,-0.002657143,-0.044961905,0,0,0,1,0.552631579,-0.002657143,1,1.909090909,0.954545455,0.0841
"1446",1,401309624,"Arkansas State","Louisiana",0.4574,0,0,0.0972,0,0,0.332,0,18,70,8,2021,1,0,"Sun Belt","Sun Belt",625,-1000,0,0,0.954545455,0.0426,0.137931034,0.909090909,-0.040731034,-0.006290909,0,0,0,1,0.55,-0.006290909,1,1.909090909,0.954545455,0.168
"1447",0,401282662,"Army","Wake Forest",0.6269,1,0,0.599,1,1,0.4315,0,3,54,8,2021,1,0,"FBS Independents","ACC",135,-160,0,0,0.954545455,0.1269,0.425531915,0.615384615,0.173468085,-0.214384615,1,0,0,0,0.8125,0.173468085,0,0,0.954545455,0.0685
"1448",0,401308838,"Ball State","Miami (OH)",0.5204,1,0,0.6633,1,0,0.4519,0,-3.5,53,8,2021,1,0,"Mid-American","Mid-American",-180,155,0,0,0.954545455,0.0204,0.642857143,0.392156863,0.020442857,-0.055456863,1,0,0,0,1.275,0.020442857,1,1.909090909,0.954545455,0.0481
"1449",0,401309574,"Bowling Green","Eastern Michigan",0.4302,0,0,0.2472,0,1,0.5556,1,4,50,8,2021,1,0,"Mid-American","Mid-American",150,-175,1,1.909090909,0.954545455,0.0698,0.4,0.636363636,-0.1528,0.116436364,0,1,1,1.571428571,0.785714286,0.116436364,1,1.909090909,0.954545455,0.0556
"1450",1,401309878,"California","Colorado",0.5261,1,1,0.6475,1,0,0.3777,0,-8.5,44,8,2021,1,0,"Pac-12","Pac-12",-350,275,1,1.909090909,0.954545455,0.0261,0.777777778,0.266666667,-0.130277778,0.085833333,0,1,0,0,0.642857143,0.085833333,1,1.909090909,0.954545455,0.1223
"1451",0,401309577,"Central Michigan","Northern Illinois",0.419,0,0,0.6177,1,1,0.4973,0,-6,56,8,2021,1,0,"Mid-American","Mid-American",-210,175,1,1.909090909,0.954545455,0.081,0.677419355,0.363636364,-0.059719355,0.018663636,0,1,1,2.75,1.375,0.018663636,0,0,0.954545455,0.0027
"1452",0,401282235,"Charlotte","Florida Atlantic",0.4998,0,0,0.3057,0,0,0.3777,0,6.5,58,8,2021,1,0,"Conference USA","Conference USA",230,-280,1,1.909090909,0.954545455,2e-04,0.303030303,0.736842105,0.002669697,-0.042542105,1,0,0,0,0.678571429,0.002669697,1,1.909090909,0.954545455,0.1223
"1453",1,401282236,"Florida International","Western Kentucky",0.3634,0,0,0.07,0,0,0.5027,1,16.5,77.5,8,2021,1,0,"Conference USA","Conference USA",525,-800,0,0,0.954545455,0.1366,0.16,0.888888889,-0.09,0.041111111,0,1,1,1.125,0.5625,0.041111111,0,0,0.954545455,0.0027
"1454",1,401282663,"Florida State","Massachusetts",0.599,1,1,0.9414,1,1,0.5105,1,-35.5,59,8,2021,1,0,"ACC","FBS Independents",NA,NA,1,1.909090909,0.954545455,0.099,NA,NA,NA,NA,NA,NA,NA,NA,NA,NA,1,1.909090909,0.954545455,0.0105
"1455",0,401310727,"Fresno State","Nevada",0.5595,1,1,0.7644,1,1,0.4,0,-3.5,64.5,8,2021,1,0,"Mountain West","Mountain West",-170,145,0,0,0.954545455,0.0595,0.62962963,0.408163265,0.13477037,-0.172563265,1,0,1,1.588235294,0.794117647,0.13477037,0,0,0.954545455,0.1
"1456",1,401309625,"Georgia State","Texas State",0.6258,1,1,0.8251,1,0,0.3659,0,-10.5,58.5,8,2021,1,0,"Sun Belt","Sun Belt",-415,310,1,1.909090909,0.954545455,0.1258,0.805825243,0.243902439,0.019274757,-0.069002439,1,0,1,1.240963855,0.620481928,0.019274757,1,1.909090909,0.954545455,0.1341
"1457",0,401310728,"Hawai'i","New Mexico State",0.4463,0,1,0.8485,1,1,0.4509,0,-18,62.5,8,2021,1,0,"Mountain West","FBS Independents",-1100,650,1,1.909090909,0.954545455,0.0537,0.916666667,0.133333333,-0.068166667,0.018166667,0,1,0,0,0.545454545,0.018166667,0,0,0.954545455,0.0491
"1458",0,401282730,"Indiana","Ohio State",0.4629,0,0,0.1089,0,1,0.5273,1,21,59,8,2021,1,0,"Big Ten","Big Ten",800,-1600,1,1.909090909,0.954545455,0.0371,0.111111111,0.941176471,-0.002211111,-0.050076471,0,0,0,1,0.53125,-0.002211111,1,1.909090909,0.954545455,0.0273
"1459",0,401287925,"Iowa State","Oklahoma State",0.4907,0,1,0.5534,1,0,0.4183,0,-7,47,8,2021,1,0,"Big 12","Big 12",-260,215,1,1.909090909,0.954545455,0.0093,0.722222222,0.317460317,-0.168822222,0.129139683,0,1,0,0,0.692307692,0.129139683,1,1.909090909,0.954545455,0.0817
"1460",1,401287926,"Kansas","Oklahoma",0.4792,0,0,0.0459,0,0,0.4417,0,38.5,66.5,8,2021,1,0,"Big 12","Big 12",NA,NA,0,0,0.954545455,0.0208,NA,NA,NA,NA,NA,NA,NA,NA,NA,NA,1,1.909090909,0.954545455,0.0583
"1461",0,401282237,"Louisiana Tech","UTSA",0.4957,0,0,0.3023,0,1,0.4189,0,5.5,59.5,8,2021,1,0,"Conference USA","Conference USA",180,-220,1,1.909090909,0.954545455,0.0043,0.357142857,0.6875,-0.054842857,0.0102,0,1,1,1.454545455,0.727272727,0.0102,0,0,0.954545455,0.0811
"1462",1,401282665,"Miami","NC State",0.565,1,1,0.409,0,1,0.3839,0,3.5,54.5,8,2021,1,0,"ACC","ACC",140,-165,1,1.909090909,0.954545455,0.065,0.416666667,0.622641509,-0.007666667,-0.031641509,0,0,0,1,1.2,-0.007666667,0,0,0.954545455,0.1161
"1463",1,401282779,"Michigan","Northwestern",0.462,0,1,0.9418,1,0,0.3994,0,-23.5,51,8,2021,1,0,"Big Ten","Big Ten",-2200,1000,0,0,0.954545455,0.038,0.956521739,0.090909091,-0.014721739,-0.032709091,0,0,0,1,0.522727273,-0.014721739,1,1.909090909,0.954545455,0.1006
"1464",1,401282709,"Notre Dame","USC",0.5842,1,1,0.81,1,0,0.3833,0,-7.5,59.5,8,2021,1,0,"FBS Independents","Pac-12",-270,220,1,1.909090909,0.954545455,0.0842,0.72972973,0.3125,0.08027027,-0.1225,1,0,1,1.37037037,0.685185185,0.08027027,1,1.909090909,0.954545455,0.1167
"1465",1,401309880,"Oregon State","Utah",0.4628,0,1,0.4095,0,1,0.4477,0,3,58,8,2021,1,0,"Pac-12","Pac-12",135,-160,0,0,0.954545455,0.0372,0.425531915,0.615384615,-0.016031915,-0.024884615,0,0,0,1,1.175,-0.016031915,0,0,0.954545455,0.0523
"1466",0,401282821,"Purdue","Wisconsin",0.5617,1,0,0.5369,1,1,0.5626,1,3.5,41,8,2021,1,0,"Big Ten","Big Ten",135,-160,0,0,0.954545455,0.0617,0.425531915,0.615384615,0.111368085,-0.152284615,1,0,0,0,0.8125,0.111368085,1,1.909090909,0.954545455,0.0626
"1467",1,401301025,"SMU","Tulane",0.6301,1,1,0.9085,1,1,0.4911,0,-14,70.5,8,2021,1,0,"American Athletic","American Athletic",-605,420,1,1.909090909,0.954545455,0.1301,0.858156028,0.192307692,0.050343972,-0.100807692,1,0,1,1.165289256,0.582644628,0.050343972,0,0,0.954545455,0.0089
"1468",1,401301029,"South Florida","Temple",0.4815,0,1,0.6093,1,0,0.4697,0,-1.5,55,8,2021,1,0,"American Athletic","American Athletic",-120,110,0,0,0.954545455,0.0185,0.545454545,0.476190476,0.063845455,-0.085490476,1,0,1,1.833333333,0.916666667,0.063845455,1,1.909090909,0.954545455,0.0303
"1469",0,401287927,"TCU","West Virginia",0.3889,0,0,0.3802,0,0,0.4424,0,-4.5,58,8,2021,1,0,"Big 12","Big 12",-200,170,1,1.909090909,0.954545455,0.1111,0.666666667,0.37037037,-0.286466667,0.24942963,0,1,1,2.7,1.35,0.24942963,1,1.909090909,0.954545455,0.0576
"1470",1,401309573,"Toledo","Western Michigan",0.5214,1,1,0.4905,0,0,0.5002,1,1.5,54.5,8,2021,1,0,"Mid-American","Mid-American",105,-125,1,1.909090909,0.954545455,0.0214,0.487804878,0.555555556,0.002695122,-0.046055556,1,0,1,2.05,1.025,0.002695122,0,0,0.954545455,2e-04
"1471",1,401309628,"App State","UL Monroe",0.4594,0,1,0.9316,1,1,0.3025,0,-27,57.5,9,2021,1,0,"Sun Belt","Sun Belt",-5000,1275,0,0,0.954545455,0.0406,0.980392157,0.072727273,-0.048792157,-0.004327273,0,0,0,1,0.51,-0.004327273,0,0,0.954545455,0.1975
"1472",0,401309885,"Arizona State","Washington State",0.4745,0,0,0.853,1,1,0.4339,0,-16.5,54.5,9,2021,1,0,"Pac-12","Pac-12",-700,475,1,1.909090909,0.954545455,0.0255,0.875,0.173913043,-0.022,-0.026913043,0,0,0,1,2.875,-0.022,0,0,0.954545455,0.0661
"1473",1,401282669,"BYU","Virginia",0.5363,1,1,0.7277,1,1,0.5299,1,-2.5,66.5,9,2021,1,0,"FBS Independents","ACC",-130,110,1,1.909090909,0.954545455,0.0363,0.565217391,0.476190476,0.162482609,-0.203890476,1,0,1,1.769230769,0.884615385,0.162482609,1,1.909090909,0.954545455,0.0299
"1474",1,401287929,"Baylor","Texas",0.6327,1,1,0.7276,1,0,0.6025,1,-2.5,61.5,9,2021,1,0,"Big 12","Big 12",-135,115,1,1.909090909,0.954545455,0.1327,0.574468085,0.465116279,0.153131915,-0.192716279,1,0,1,1.740740741,0.87037037,0.153131915,0,0,0.954545455,0.1025
"1475",1,401309882,"California","Oregon State",0.429,0,1,0.3572,0,1,0.4983,0,2,56.5,9,2021,1,0,"Pac-12","Pac-12",105,-125,0,0,0.954545455,0.071,0.487804878,0.555555556,-0.130604878,0.087244444,0,1,0,0,1.025,0.087244444,0,0,0.954545455,0.0017
"1476",1,401282670,"Clemson","Florida State",0.4542,0,1,0.7463,1,1,0.5123,1,-9.5,47.5,9,2021,1,0,"ACC","ACC",-360,280,0,0,0.954545455,0.0458,0.782608696,0.263157895,-0.036308696,-0.009457895,0,0,0,1,0.638888889,-0.009457895,1,1.909090909,0.954545455,0.0123
"1477",0,401309627,"Coastal Carolina","Troy",0.5104,1,1,0.9027,1,1,0.6142,1,-17,50,9,2021,1,0,"Sun Belt","Sun Belt",-1200,700,0,0,0.954545455,0.0104,0.923076923,0.125,-0.020376923,-0.0277,0,0,0,1,0.541666667,-0.020376923,1,1.909090909,0.954545455,0.1142
"1478",1,401301033,"East Carolina","South Florida",0.5001,1,1,0.7435,1,0,0.5288,1,-9.5,55.5,9,2021,1,0,"American Athletic","American Athletic",-360,280,1,1.909090909,0.954545455,1e-04,0.782608696,0.263157895,-0.039108696,-0.006657895,0,0,0,1,0.638888889,-0.006657895,0,0,0.954545455,0.0288
"1479",0,401282243,"Florida Atlantic","UTEP",0.4751,0,1,0.704,1,1,0.3197,0,-10.5,49,9,2021,1,0,"Conference USA","Conference USA",-455,335,1,1.909090909,0.954545455,0.0249,0.81981982,0.229885057,-0.11581982,0.066114943,0,1,0,0,0.60989011,0.066114943,0,0,0.954545455,0.1803
"1480",0,401309630,"Georgia Southern","Georgia State",0.416,0,0,0.2904,0,0,0.5076,1,6,55,9,2021,1,0,"Sun Belt","Sun Belt",195,-235,1,1.909090909,0.954545455,0.084,0.338983051,0.701492537,-0.048583051,0.008107463,0,1,1,1.425531915,0.712765957,0.008107463,0,0,0.954545455,0.0076
"1481",0,401282671,"Georgia Tech","Virginia Tech",0.4849,0,0,0.6198,1,0,0.427,0,-3.5,55.5,9,2021,1,0,"ACC","ACC",-180,155,1,1.909090909,0.954545455,0.0151,0.642857143,0.392156863,-0.023057143,-0.011956863,0,0,0,1,1.275,-0.011956863,1,1.909090909,0.954545455,0.073
"1482",1,401301034,"Houston","SMU",0.4322,0,1,0.4409,0,1,0.4695,0,1,61.5,9,2021,1,0,"American Athletic","American Athletic",-120,NA,0,0,0.954545455,0.0678,0.545454545,NA,-0.104554545,NA,0,NA,0,NA,0.916666667,NA,0,0,0.954545455,0.0305
"1483",0,401282719,"Illinois","Rutgers",0.5922,1,0,0.5505,1,0,0.5713,1,1.5,41.5,9,2021,1,0,"Big Ten","Big Ten",105,-125,0,0,0.954545455,0.0922,0.487804878,0.555555556,0.062695122,-0.106055556,1,0,0,0,0.9,0.062695122,0,0,0.954545455,0.0713
"1484",1,401287930,"Kansas State","TCU",0.5647,1,1,0.812,1,0,0.3444,0,-3.5,58.5,9,2021,1,0,"Big 12","Big 12",-170,145,1,1.909090909,0.954545455,0.0647,0.62962963,0.408163265,0.18237037,-0.220163265,1,0,1,1.588235294,0.794117647,0.18237037,1,1.909090909,0.954545455,0.1556
"1485",1,401286297,"Liberty","Massachusetts",0.492,0,1,0.9309,1,1,0.4651,0,-35.5,56,9,2021,1,0,"FBS Independents","FBS Independents",NA,NA,0,0,0.954545455,0.008,NA,NA,NA,NA,NA,NA,NA,NA,NA,NA,0,0,0.954545455,0.0349
"1486",1,401309631,"Louisiana","Texas State",0.5692,1,1,0.9424,1,0,0.333,0,-21,58,9,2021,1,0,"Sun Belt","Sun Belt",-1500,775,1,1.909090909,0.954545455,0.0692,0.9375,0.114285714,0.0049,-0.056685714,1,0,1,1.066666667,0.533333333,0.0049,1,1.909090909,0.954545455,0.167
"1487",1,401282245,"Middle Tennessee","Southern Miss",0.5302,1,1,0.8273,1,0,0.3446,0,-12.5,47.5,9,2021,1,0,"Conference USA","Conference USA",-575,405,1,1.909090909,0.954545455,0.0302,0.851851852,0.198019802,-0.024551852,-0.025319802,0,0,0,1,0.586956522,-0.024551852,1,1.909090909,0.954545455,0.1554
"1488",1,401310734,"Nevada","UNLV",0.5409,1,1,0.8921,1,1,0.3882,0,-19,58.5,9,2021,1,0,"Mountain West","Mountain West",-1500,775,1,1.909090909,0.954545455,0.0409,0.9375,0.114285714,-0.0454,-0.006385714,0,0,0,1,0.533333333,-0.006385714,0,0,0.954545455,0.1118
"1489",0,401282814,"Ohio State","Penn State",0.6094,1,1,0.9323,1,0,0.5106,1,-18.5,60.5,9,2021,1,0,"Big Ten","Big Ten",-1200,700,0,0,0.954545455,0.1094,0.923076923,0.125,0.009223077,-0.0573,1,0,1,1.083333333,0.541666667,0.009223077,0,0,0.954545455,0.0106
"1490",1,401287931,"Oklahoma","Texas Tech",0.541,1,1,0.9225,1,1,0.3862,0,-19,67,9,2021,1,0,"Big 12","Big 12",-1200,700,1,1.909090909,0.954545455,0.041,0.923076923,0.125,-0.000576923,-0.0475,0,0,0,1,0.541666667,-0.000576923,0,0,0.954545455,0.1138
"1491",1,401310732,"San José State","Wyoming",0.4906,0,1,0.4327,0,1,0.4065,0,-3,40.5,9,2021,1,0,"Mountain West","Mountain West",-145,125,0,0,0.954545455,0.0094,0.591836735,0.444444444,-0.159136735,0.122855556,0,1,0,0,0.844827586,0.122855556,0,0,0.954545455,0.0935
"1492",0,401309883,"Stanford","Washington",0.4125,0,0,0.3742,0,0,0.5833,1,-2.5,46,9,2021,1,0,"Pac-12","Pac-12",-145,125,1,1.909090909,0.954545455,0.0875,0.591836735,0.444444444,-0.217636735,0.181355556,0,1,1,2.25,1.125,0.181355556,0,0,0.954545455,0.0833
"1493",0,401301031,"Temple","UCF",0.4338,0,0,0.1792,0,1,0.5739,1,11.5,52,9,2021,1,0,"American Athletic","American Athletic",320,-430,1,1.909090909,0.954545455,0.0662,0.238095238,0.811320755,-0.058895238,0.009479245,0,1,1,1.23255814,0.61627907,0.009479245,1,1.909090909,0.954545455,0.0739
"1494",1,401309579,"Akron","Ball State",0.4632,0,0,0.2308,0,0,0.3007,0,20,57.5,10,2021,1,0,"Mid-American","Mid-American",725,-1300,0,0,0.954545455,0.0368,0.121212121,0.928571429,0.109587879,-0.159371429,1,0,0,0,0.538461538,0.109587879,1,1.909090909,0.954545455,0.1993
"1495",0,401282120,"Alabama","LSU",0.5582,1,1,0.7851,1,0,0.4471,0,-29,67,10,2021,1,0,"SEC","SEC",NA,NA,0,0,0.954545455,0.0582,NA,NA,NA,NA,NA,NA,NA,NA,NA,NA,1,1.909090909,0.954545455,0.0529
"1496",1,401309889,"Arizona","California",0.4736,0,1,0.3761,0,0,0.4734,0,7,47,10,2021,1,0,"Pac-12","Pac-12",285,-370,0,0,0.954545455,0.0264,0.25974026,0.787234043,0.11635974,-0.163334043,1,0,1,3.85,1.925,0.11635974,1,1.909090909,0.954545455,0.0266
"1497",1,401309892,"Arizona State","USC",0.5336,1,1,0.6635,1,0,0.4626,0,-9.5,62,10,2021,1,0,"Pac-12","Pac-12",-340,270,1,1.909090909,0.954545455,0.0336,0.772727273,0.27027027,-0.109227273,0.06622973,0,1,0,0,0.647058824,0.06622973,1,1.909090909,0.954545455,0.0374
"1498",0,401282121,"Arkansas","Mississippi State",0.48,0,1,0.5482,1,1,0.4978,0,-4,53.5,10,2021,1,0,"SEC","SEC",-195,165,1,1.909090909,0.954545455,0.02,0.661016949,0.377358491,-0.112816949,0.074441509,0,1,0,0,0.756410256,0.074441509,0,0,0.954545455,0.0022
"1499",1,401282677,"Boston College","Virginia Tech",0.4789,0,1,0.472,0,0,0.5471,1,1,51,10,2021,1,0,"ACC","ACC",135,-160,0,0,0.954545455,0.0211,0.425531915,0.615384615,0.046468085,-0.087384615,1,0,1,2.35,1.175,0.046468085,0,0,0.954545455,0.0471
"1500",1,401282247,"Charlotte","Rice",0.4331,0,1,0.5678,1,1,0.2907,0,-6.5,52.5,10,2021,1,0,"Conference USA","Conference USA",-245,205,0,0,0.954545455,0.0669,0.710144928,0.327868852,-0.142344928,0.104331148,0,1,0,0,0.704081633,0.104331148,0,0,0.954545455,0.2093
"1501",0,401301037,"Cincinnati","Tulsa",0.4394,0,1,0.7827,1,0,0.5364,1,-22.5,56,10,2021,1,0,"American Athletic","American Athletic",-2100,975,1,1.909090909,0.954545455,0.0606,0.954545455,0.093023256,-0.171845455,0.124276744,0,1,0,0,0.523809524,0.124276744,0,0,0.954545455,0.0364
"1502",1,401309891,"Colorado","Oregon State",0.428,0,1,0.283,0,1,0.465,0,11.5,55.5,10,2021,1,0,"Pac-12","Pac-12",335,-455,0,0,0.954545455,0.072,0.229885057,0.81981982,0.053114943,-0.10281982,1,0,1,4.35,2.175,0.053114943,0,0,0.954545455,0.035
"1503",0,401282678,"Duke","Pittsburgh",0.4745,0,0,0.2082,0,1,0.3797,0,21,64.5,10,2021,1,0,"ACC","ACC",850,-1700,1,1.909090909,0.954545455,0.0255,0.105263158,0.944444444,0.102936842,-0.152644444,1,0,0,0,0.529411765,0.102936842,0,0,0.954545455,0.1203
"1504",1,401301035,"East Carolina","Temple",0.5693,1,1,0.7775,1,0,0.4551,0,-15.5,52.5,10,2021,1,0,"American Athletic","American Athletic",-750,500,1,1.909090909,0.954545455,0.0693,0.882352941,0.166666667,-0.104852941,0.055833333,0,1,0,0,0.566666667,0.055833333,1,1.909090909,0.954545455,0.0449
"1505",0,401282249,"Florida Atlantic","Marshall",0.4504,0,0,0.5008,1,0,0.5109,1,1.5,57.5,10,2021,1,0,"Conference USA","Conference USA",105,-120,1,1.909090909,0.954545455,0.0496,0.487804878,0.545454545,0.012995122,-0.046254545,1,0,0,0,0.916666667,0.012995122,0,0,0.954545455,0.0109
"1506",0,401282248,"Florida International","Old Dominion",0.3627,0,0,0.4502,0,1,0.3828,0,3,50,10,2021,1,0,"Conference USA","Conference USA",125,-145,1,1.909090909,0.954545455,0.1373,0.444444444,0.591836735,0.005755556,-0.042036735,1,0,0,0,0.844827586,0.005755556,0,0,0.954545455,0.1172
"1507",0,401282679,"Florida State","NC State",0.4928,0,0,0.4891,0,0,0.4726,0,3,55.5,10,2021,1,0,"ACC","ACC",125,-145,1,1.909090909,0.954545455,0.0072,0.444444444,0.591836735,0.044655556,-0.080936735,1,0,0,0,0.844827586,0.044655556,1,1.909090909,0.954545455,0.0274
"1508",0,401282122,"Georgia","Missouri",0.4871,0,1,0.7856,1,0,0.3772,0,-40,59.5,10,2021,1,0,"SEC","SEC",NA,NA,1,1.909090909,0.954545455,0.0129,NA,NA,NA,NA,NA,NA,NA,NA,NA,NA,1,1.909090909,0.954545455,0.1228
"1509",1,401310739,"Hawai'i","San Diego State",0.525,1,0,0.3868,0,0,0.3808,0,7,45.5,10,2021,1,0,"Mountain West","Mountain West",250,-300,1,1.909090909,0.954545455,0.025,0.285714286,0.75,0.101085714,-0.1368,1,0,0,0,0.666666667,0.101085714,1,1.909090909,0.954545455,0.1192
"1510",1,401287934,"Iowa State","Texas",0.6432,1,1,0.6489,1,0,0.4815,0,-6,59.5,10,2021,1,0,"Big 12","Big 12",-240,200,1,1.909090909,0.954545455,0.1432,0.705882353,0.333333333,-0.056982353,0.017766667,0,1,0,0,0.708333333,0.017766667,1,1.909090909,0.954545455,0.0185
"1511",0,401287935,"Kansas","Kansas State",0.4097,0,0,0.245,0,0,0.4308,0,24,55.5,10,2021,1,0,"Big 12","Big 12",1050,-2500,1,1.909090909,0.954545455,0.0903,0.086956522,0.961538462,0.158043478,-0.206538462,1,0,0,0,0.52,0.158043478,1,1.909090909,0.954545455,0.0692
"1512",1,401309582,"Kent State","Northern Illinois",0.4984,0,1,0.5756,1,1,0.4602,0,-3.5,72,10,2021,1,0,"Mid-American","Mid-American",-185,160,0,0,0.954545455,0.0016,0.649122807,0.384615385,-0.073522807,0.039784615,0,1,0,0,0.77027027,0.039784615,0,0,0.954545455,0.0398
"1513",0,401282123,"Kentucky","Tennessee",0.5173,1,0,0.5037,1,1,0.4426,0,1,57.5,10,2021,1,0,"SEC","SEC",-105,-115,0,0,0.954545455,0.0173,0.512195122,0.534883721,-0.008495122,-0.038583721,0,0,0,1,0.934782609,-0.008495122,0,0,0.954545455,0.0574
"1514",0,401282768,"Maryland","Penn State",0.6002,1,0,0.3391,0,0,0.4095,0,10,56.5,10,2021,1,0,"Big Ten","Big Ten",300,-395,0,0,0.954545455,0.1002,0.25,0.797979798,0.0891,-0.137079798,1,0,0,0,0.626582278,0.0891,1,1.909090909,0.954545455,0.0905
"1515",1,401301039,"Memphis","SMU",0.5755,1,1,0.4499,0,0,0.5396,1,3.5,70.5,10,2021,1,0,"American Athletic","American Athletic",135,-160,1,1.909090909,0.954545455,0.0755,0.425531915,0.615384615,0.024368085,-0.065284615,1,0,1,2.35,1.175,0.024368085,0,0,0.954545455,0.0396
"1516",0,401310740,"Nevada","San José State",0.4924,0,1,0.7099,1,0,0.4208,0,-11.5,55.5,10,2021,1,0,"Mountain West","Mountain West",-455,335,1,1.909090909,0.954545455,0.0076,0.81981982,0.229885057,-0.10991982,0.060214943,0,1,0,0,0.60989011,0.060214943,1,1.909090909,0.954545455,0.0792
"1517",0,401310737,"New Mexico","UNLV",0.4768,0,0,0.4722,0,1,0.5035,1,-1.5,45,10,2021,1,0,"Mountain West","Mountain West",-120,105,1,1.909090909,0.954545455,0.0232,0.545454545,0.487804878,-0.073254545,0.039995122,0,1,1,2.05,1.025,0.039995122,1,1.909090909,0.954545455,0.0035
"1518",0,401310738,"New Mexico State","Utah State",0.5216,1,0,0.2385,0,0,0.5368,1,18.5,72.5,10,2021,1,0,"FBS Independents","Mountain West",625,-1000,0,0,0.954545455,0.0216,0.137931034,0.909090909,0.100568966,-0.147590909,1,0,0,0,0.55,0.100568966,0,0,0.954545455,0.0368
"1519",1,401282682,"North Carolina","Wake Forest",0.4738,0,1,0.4907,0,1,0.3194,0,-2.5,78,10,2021,1,0,"ACC","ACC",-130,110,0,0,0.954545455,0.0262,0.565217391,0.476190476,-0.074517391,0.033109524,0,1,0,0,0.884615385,0.033109524,0,0,0.954545455,0.1806
"1520",0,401282824,"Rutgers","Wisconsin",0.6067,1,0,0.3072,0,1,0.351,0,13,37.5,10,2021,1,0,"Big Ten","Big Ten",400,-565,0,0,0.954545455,0.1067,0.2,0.84962406,0.1072,-0.15682406,1,0,0,0,0.588495575,0.1072,0,0,0.954545455,0.149
"1521",0,401309888,"Stanford","Utah",0.3908,0,0,0.2943,0,1,0.5104,1,11,51.5,10,2021,1,0,"Pac-12","Pac-12",265,-330,1,1.909090909,0.954545455,0.1092,0.273972603,0.76744186,0.020327397,-0.06174186,1,0,0,0,0.651515152,0.020327397,1,1.909090909,0.954545455,0.0104
"1522",1,401309635,"Texas State","UL Monroe",0.5467,1,1,0.5301,1,0,0.4032,0,-3,57.5,10,2021,1,0,"Sun Belt","Sun Belt",-165,140,1,1.909090909,0.954545455,0.0467,0.622641509,0.416666667,-0.092541509,0.053233333,0,1,0,0,0.803030303,0.053233333,1,1.909090909,0.954545455,0.0968
"1523",0,401282253,"UTEP","UTSA",0.5444,1,0,0.3529,0,1,0.5707,1,11.5,53,10,2021,1,0,"Conference USA","Conference USA",345,-470,0,0,0.954545455,0.0444,0.224719101,0.824561404,0.128180899,-0.177461404,1,0,0,0,0.606382979,0.128180899,1,1.909090909,0.954545455,0.0707
"1524",1,401282127,"Alabama","New Mexico State",0.5134,1,1,0.9314,1,0,0.4896,0,-50.5,67,11,2021,1,0,"SEC","FBS Independents",NA,NA,1,1.909090909,0.954545455,0.0134,NA,NA,NA,NA,NA,NA,NA,NA,NA,NA,1,1.909090909,0.954545455,0.0104
"1525",1,401309637,"App State","South Alabama",0.4318,0,1,0.9355,1,0,0.4425,0,-21.5,52,11,2021,1,0,"Sun Belt","Sun Belt",-2100,975,0,0,0.954545455,0.0682,0.954545455,0.093023256,-0.019045455,-0.028523256,0,0,0,1,0.523809524,-0.019045455,1,1.909090909,0.954545455,0.0575
"1526",1,401309896,"Arizona","Utah",0.4558,0,0,0.0903,0,1,0.6007,1,24,54.5,11,2021,1,0,"Pac-12","Pac-12",1100,-2800,0,0,0.954545455,0.0442,0.083333333,0.965517241,0.006966667,-0.055817241,1,0,0,0,0.517857143,0.006966667,1,1.909090909,0.954545455,0.1007
"1527",1,401287938,"Baylor","Oklahoma",0.4385,0,1,0.2932,0,0,0.3721,0,4,62.5,11,2021,1,0,"Big 12","Big 12",175,-210,0,0,0.954545455,0.0615,0.363636364,0.677419355,-0.070436364,0.029380645,0,1,0,0,1.375,0.029380645,1,1.909090909,0.954545455,0.1279
"1528",0,401310742,"Boise State","Wyoming",0.5355,1,1,0.7562,1,0,0.5023,1,-13.5,48.5,11,2021,1,0,"Mountain West","Mountain West",-625,430,0,0,0.954545455,0.0355,0.862068966,0.188679245,-0.105868966,0.055120755,0,1,0,0,0.58,0.055120755,0,0,0.954545455,0.0023
"1529",0,401309585,"Bowling Green","Toledo",0.4512,0,0,0.1859,0,1,0.5982,1,10.5,50,11,2021,1,0,"Mid-American","Mid-American",310,-415,1,1.909090909,0.954545455,0.0488,0.243902439,0.805825243,-0.058002439,0.008274757,0,1,1,1.240963855,0.620481928,0.008274757,1,1.909090909,0.954545455,0.0982
"1530",1,401309586,"Central Michigan","Kent State",0.4548,0,1,0.5437,1,1,0.378,0,-2.5,76.5,11,2021,1,0,"Mid-American","Mid-American",-135,115,0,0,0.954545455,0.0452,0.574468085,0.465116279,-0.030768085,-0.008816279,0,0,0,1,0.87037037,-0.008816279,0,0,0.954545455,0.122
"1531",0,401282684,"Clemson","UConn",0.4917,0,1,0.9373,1,1,0.4904,0,-40.5,50.5,11,2021,1,0,"ACC","FBS Independents",NA,NA,1,1.909090909,0.954545455,0.0083,NA,NA,NA,NA,NA,NA,NA,NA,NA,NA,0,0,0.954545455,0.0096
"1532",0,401309639,"Coastal Carolina","Georgia State",0.3922,0,0,0.7071,1,1,0.5975,1,-12.5,53.5,11,2021,1,0,"Sun Belt","Sun Belt",-445,330,1,1.909090909,0.954545455,0.1078,0.816513761,0.23255814,-0.109413761,0.06034186,0,1,1,4.3,2.15,0.06034186,1,1.909090909,0.954545455,0.0975
"1533",0,401309583,"Eastern Michigan","Ohio",0.478,0,0,0.7159,1,0,0.3619,0,-6,62,11,2021,1,0,"Mid-American","Mid-American",-240,200,1,1.909090909,0.954545455,0.022,0.705882353,0.333333333,0.010017647,-0.049233333,1,0,0,0,1.5,0.010017647,1,1.909090909,0.954545455,0.1381
"1534",1,401282685,"Florida State","Miami",0.5373,1,1,0.5024,1,0,0.448,0,2.5,61.5,11,2021,1,0,"ACC","ACC",120,-140,1,1.909090909,0.954545455,0.0373,0.454545455,0.583333333,0.047854545,-0.085733333,1,0,1,2.2,1.1,0.047854545,1,1.909090909,0.954545455,0.052
"1535",1,401310743,"Fresno State","New Mexico",0.534,1,1,0.942,1,0,0.5207,1,-24,51,11,2021,1,0,"Mountain West","Mountain West",-3000,1125,1,1.909090909,0.954545455,0.034,0.967741935,0.081632653,-0.025741935,-0.023632653,0,0,0,1,0.516666667,-0.023632653,0,0,0.954545455,0.0207
"1536",0,401282728,"Indiana","Rutgers",0.4685,0,0,0.6136,1,0,0.5076,1,-6.5,42.5,11,2021,1,0,"Big Ten","Big Ten",-260,215,1,1.909090909,0.954545455,0.0315,0.722222222,0.317460317,-0.108622222,0.068939683,0,1,1,3.15,1.575,0.068939683,0,0,0.954545455,0.0076
"1537",1,401282762,"Iowa","Minnesota",0.5449,1,1,0.7395,1,1,0.4757,0,-4,37,11,2021,1,0,"Big Ten","Big Ten",-180,155,1,1.909090909,0.954545455,0.0449,0.642857143,0.392156863,0.096642857,-0.131656863,1,0,1,1.555555556,0.777777778,0.096642857,0,0,0.954545455,0.0243
"1538",1,401287939,"Kansas State","West Virginia",0.5014,1,1,0.7126,1,1,0.3997,0,-6,47,11,2021,1,0,"Big 12","Big 12",-235,195,1,1.909090909,0.954545455,0.0014,0.701492537,0.338983051,0.011107463,-0.051583051,1,0,1,1.425531915,0.712765957,0.011107463,0,0,0.954545455,0.1003
"1539",1,401282687,"Louisville","Syracuse",0.5327,1,1,0.7051,1,0,0.461,0,-3,55.5,11,2021,1,0,"ACC","ACC",-160,135,1,1.909090909,0.954545455,0.0327,0.615384615,0.425531915,0.089715385,-0.130631915,1,0,1,1.625,0.8125,0.089715385,1,1.909090909,0.954545455,0.039
"1540",0,401282257,"Marshall","UAB",0.3957,0,0,0.5605,1,0,0.456,0,-4.5,55.5,11,2021,1,0,"Conference USA","Conference USA",-200,170,1,1.909090909,0.954545455,0.1043,0.666666667,0.37037037,-0.106166667,0.06912963,0,1,1,2.7,1.35,0.06912963,1,1.909090909,0.954545455,0.044
"1541",1,401282132,"Missouri","South Carolina",0.4347,0,1,0.4455,0,1,0.4479,0,1.5,55,11,2021,1,0,"SEC","SEC",-105,-120,0,0,0.954545455,0.0653,0.512195122,0.545454545,-0.066695122,0.009045455,0,1,0,0,0.976190476,0.009045455,0,0,0.954545455,0.0521
"1542",1,401282258,"North Texas","UTEP",0.5909,1,1,0.5764,1,0,0.4693,0,-1,55,11,2021,1,0,"Conference USA","Conference USA",-105,-115,1,1.909090909,0.954545455,0.0909,0.512195122,0.534883721,0.064204878,-0.111283721,1,0,1,1.952380952,0.976190476,0.064204878,1,1.909090909,0.954545455,0.0307
"1543",1,401282812,"Ohio State","Purdue",0.5154,1,1,0.89,1,1,0.3623,0,-19,65,11,2021,1,0,"Big Ten","Big Ten",-1300,725,1,1.909090909,0.954545455,0.0154,0.928571429,0.121212121,-0.038571429,-0.011212121,0,0,0,1,0.538461538,-0.011212121,0,0,0.954545455,0.1377
"1544",1,401287940,"Oklahoma State","TCU",0.5544,1,1,0.8561,1,1,0.4351,0,-11,54,11,2021,1,0,"Big 12","Big 12",-500,360,1,1.909090909,0.954545455,0.0544,0.833333333,0.217391304,0.022766667,-0.073491304,1,0,1,1.2,0.6,0.022766667,0,0,0.954545455,0.0649
"1545",1,401282131,"Ole Miss","Texas A&M",0.5219,1,1,0.6148,1,0,0.616,1,1,57.5,11,2021,1,0,"SEC","SEC",115,-135,1,1.909090909,0.954545455,0.0219,0.465116279,0.574468085,0.149683721,-0.189268085,1,0,1,2.15,1.075,0.149683721,0,0,0.954545455,0.116
"1546",1,401309895,"Oregon","Washington State",0.5356,1,1,0.8124,1,1,0.4387,0,-13.5,57.5,11,2021,1,0,"Pac-12","Pac-12",-585,410,1,1.909090909,0.954545455,0.0356,0.854014599,0.196078431,-0.041614599,-0.008478431,0,0,0,1,0.585470085,-0.008478431,0,0,0.954545455,0.0613
"1547",1,401309894,"Oregon State","Stanford",0.524,1,1,0.8193,1,0,0.5104,1,-12.5,56.5,11,2021,1,0,"Pac-12","Pac-12",-480,350,1,1.909090909,0.954545455,0.024,0.827586207,0.222222222,-0.008286207,-0.041522222,0,0,0,1,0.604166667,-0.008286207,0,0,0.954545455,0.0104
"1548",0,401282259,"Rice","Western Kentucky",0.5829,1,0,0.1078,0,1,0.489,0,19,61.5,11,2021,1,0,"Conference USA","Conference USA",700,-1200,0,0,0.954545455,0.0829,0.125,0.923076923,-0.0172,-0.030876923,0,0,0,1,0.541666667,-0.0172,0,0,0.954545455,0.011
"1549",1,401301041,"SMU","UCF",0.3757,0,1,0.5422,1,1,0.4647,0,-7,61.5,11,2021,1,0,"American Athletic","American Athletic",-280,230,0,0,0.954545455,0.1243,0.736842105,0.303030303,-0.194642105,0.154769697,0,1,0,0,0.678571429,0.154769697,0,0,0.954545455,0.0353
"1550",0,401310744,"San José State","Utah State",0.4925,0,0,0.5585,1,1,0.5442,1,-4.5,58,11,2021,1,0,"Mountain West","Mountain West",-200,170,1,1.909090909,0.954545455,0.0075,0.666666667,0.37037037,-0.108166667,0.07112963,0,1,1,2.7,1.35,0.07112963,1,1.909090909,0.954545455,0.0442
"1551",0,401301044,"Tulane","Tulsa",0.4107,0,0,0.3005,0,0,0.5211,1,3,55.5,11,2021,1,0,"American Athletic","American Athletic",125,-145,1,1.909090909,0.954545455,0.0893,0.444444444,0.591836735,-0.143944444,0.107663265,0,1,1,1.689655172,0.844827586,0.107663265,0,0,0.954545455,0.0211
"1552",0,401309592,"Akron","Kent State",0.4191,0,0,0.207,0,0,0.3647,0,13.5,72.5,12,2021,1,0,"Mid-American","Mid-American",390,-545,1,1.909090909,0.954545455,0.0809,0.204081633,0.84496124,0.002918367,-0.05196124,1,0,0,0,0.591743119,0.002918367,1,1.909090909,0.954545455,0.1353
"1553",0,401282135,"Alabama","Arkansas",0.605,1,1,0.9177,1,1,0.501,1,-20.5,58.5,12,2021,1,0,"SEC","SEC",-1400,750,0,0,0.954545455,0.105,0.933333333,0.117647059,-0.015633333,-0.035347059,0,0,0,1,0.535714286,-0.015633333,1,1.909090909,0.954545455,0.001
"1554",0,401286305,"Army","Massachusetts",0.5219,1,1,0.9082,1,0,0.4776,0,-37,56,12,2021,1,0,"FBS Independents","FBS Independents",NA,NA,0,0,0.954545455,0.0219,NA,NA,NA,NA,NA,NA,NA,NA,NA,NA,1,1.909090909,0.954545455,0.0224
"1555",0,401309591,"Ball State","Central Michigan",0.4997,0,0,0.4887,0,0,0.4385,0,2.5,57,12,2021,1,0,"Mid-American","Mid-American",120,-140,1,1.909090909,0.954545455,3e-04,0.454545455,0.583333333,0.034154545,-0.072033333,1,0,0,0,0.857142857,0.034154545,1,1.909090909,0.954545455,0.0615
"1556",1,401310748,"Boise State","New Mexico",0.5543,1,1,0.917,1,0,0.4987,0,-27.5,48,12,2021,1,0,"Mountain West","Mountain West",-4500,1250,1,1.909090909,0.954545455,0.0543,0.97826087,0.074074074,-0.06126087,0.008925926,0,1,0,0,0.511111111,0.008925926,1,1.909090909,0.954545455,0.0013
"1557",0,401282692,"Boston College","Florida State",0.5043,1,0,0.5874,1,0,0.5874,1,-3,55.5,12,2021,1,0,"ACC","ACC",-130,110,0,0,0.954545455,0.0043,0.565217391,0.476190476,0.022182609,-0.063590476,1,0,0,0,1.05,0.022182609,0,0,0.954545455,0.0874
"1558",0,401309590,"Buffalo","Northern Illinois",0.5064,1,0,0.5304,1,1,0.4267,0,1.5,59,12,2021,1,0,"Mid-American","Mid-American",110,-130,0,0,0.954545455,0.0064,0.476190476,0.565217391,0.054209524,-0.095617391,1,0,0,0,0.884615385,0.054209524,0,0,0.954545455,0.0733
"1559",0,401282261,"Charlotte","Marshall",0.4393,0,0,0.13,0,1,0.3568,0,14.5,62,12,2021,1,0,"Conference USA","Conference USA",445,-655,1,1.909090909,0.954545455,0.0607,0.183486239,0.867549669,-0.053486239,0.002450331,0,1,1,1.152671756,0.576335878,0.002450331,0,0,0.954545455,0.1432
"1560",1,401301046,"Cincinnati","SMU",0.5544,1,1,0.7967,1,0,0.5064,1,-10,65.5,12,2021,1,0,"American Athletic","American Athletic",-395,300,1,1.909090909,0.954545455,0.0544,0.797979798,0.25,-0.001279798,-0.0467,0,0,0,1,0.626582278,-0.001279798,0,0,0.954545455,0.0064
"1561",1,401282693,"Clemson","Wake Forest",0.6007,1,1,0.7242,1,1,0.5335,1,-3.5,57,12,2021,1,0,"ACC","ACC",-180,155,1,1.909090909,0.954545455,0.1007,0.642857143,0.392156863,0.081342857,-0.116356863,1,0,1,1.555555556,0.777777778,0.081342857,1,1.909090909,0.954545455,0.0335
"1562",0,401309644,"Coastal Carolina","Texas State",0.482,0,1,0.9045,1,0,0.5169,1,-24.5,60,12,2021,1,0,"Sun Belt","Sun Belt",-2200,1000,1,1.909090909,0.954545455,0.018,0.956521739,0.090909091,-0.052021739,0.004590909,0,1,0,0,0.522727273,0.004590909,0,0,0.954545455,0.0169
"1563",1,401309903,"Colorado","Washington",0.5241,1,1,0.3053,0,0,0.4865,0,6.5,43,12,2021,1,0,"Pac-12","Pac-12",210,-250,1,1.909090909,0.954545455,0.0241,0.322580645,0.714285714,-0.017280645,-0.019585714,0,0,0,1,1.55,-0.017280645,1,1.909090909,0.954545455,0.0135
"1564",0,401282691,"Duke","Louisville",0.445,0,0,0.0897,0,1,0.4412,0,20,60.5,12,2021,1,0,"ACC","ACC",750,-1400,1,1.909090909,0.954545455,0.055,0.117647059,0.933333333,-0.027947059,-0.023033333,0,0,0,1,0.535714286,-0.023033333,0,0,0.954545455,0.0588
"1565",1,401309588,"Eastern Michigan","Western Michigan",0.4206,0,1,0.3416,0,0,0.3146,0,6,66,12,2021,1,0,"Mid-American","Mid-American",170,-200,0,0,0.954545455,0.0794,0.37037037,0.666666667,-0.02877037,-0.008266667,0,0,0,1,1.35,-0.008266667,1,1.909090909,0.954545455,0.1854
"1566",0,401282262,"Florida International","North Texas",0.3578,0,0,0.1753,0,0,0.3511,0,10,57.5,12,2021,1,0,"Conference USA","Conference USA",290,-380,1,1.909090909,0.954545455,0.1422,0.256410256,0.791666667,-0.081110256,0.033033333,0,1,1,1.263157895,0.631578947,0.033033333,1,1.909090909,0.954545455,0.1489
"1567",1,401301045,"Houston","Memphis",0.5507,1,1,0.8327,1,0,0.628,1,-9.5,59,12,2021,1,0,"American Athletic","American Athletic",-370,285,1,1.909090909,0.954545455,0.0507,0.787234043,0.25974026,0.045465957,-0.09244026,1,0,1,1.27027027,0.635135135,0.045465957,0,0,0.954545455,0.128
"1568",0,401282732,"Indiana","Minnesota",0.4802,0,0,0.2124,0,1,0.4455,0,7.5,43.5,12,2021,1,0,"Big Ten","Big Ten",240,-290,1,1.909090909,0.954545455,0.0198,0.294117647,0.743589744,-0.081717647,0.044010256,0,1,1,1.344827586,0.672413793,0.044010256,0,0,0.954545455,0.0545
"1569",1,401282137,"Kentucky","New Mexico State",0.5787,1,1,0.9198,1,1,0.3851,0,-35.5,61,12,2021,1,0,"SEC","FBS Independents",NA,NA,1,1.909090909,0.954545455,0.0787,NA,NA,NA,NA,NA,NA,NA,NA,NA,NA,0,0,0.954545455,0.1149
"1570",0,401282138,"LSU","UL Monroe",0.4952,0,1,0.8832,1,0,0.4732,0,-29,57.5,12,2021,1,0,"SEC","Sun Belt",NA,NA,1,1.909090909,0.954545455,0.0048,NA,NA,NA,NA,NA,NA,NA,NA,NA,NA,1,1.909090909,0.954545455,0.0268
"1571",0,401286298,"Liberty","Louisiana",0.4648,0,0,0.6291,1,1,0.3947,0,-4.5,53.5,12,2021,1,0,"FBS Independents","Sun Belt",-185,160,1,1.909090909,0.954545455,0.0352,0.649122807,0.384615385,-0.020022807,-0.013715385,0,0,0,1,1.3,-0.013715385,0,0,0.954545455,0.1053
"1572",0,401282264,"Louisiana Tech","Southern Miss",0.6115,1,0,0.9128,1,1,0.5428,1,-15.5,47.5,12,2021,1,0,"Conference USA","Conference USA",-800,525,0,0,0.954545455,0.1115,0.888888889,0.16,0.023911111,-0.0728,1,0,0,0,3.125,0.023911111,1,1.909090909,0.954545455,0.0428
"1573",0,401282770,"Maryland","Michigan",0.5879,1,0,0.1279,0,1,0.4396,0,15.5,57.5,12,2021,1,0,"Big Ten","Big Ten",475,-700,0,0,0.954545455,0.0879,0.173913043,0.875,-0.046013043,-0.0029,0,0,0,1,0.571428571,-0.0029,0,0,0.954545455,0.0604
"1574",1,401282694,"Miami","Virginia Tech",0.3962,0,1,0.6418,1,1,0.5599,1,-7,55.5,12,2021,1,0,"ACC","ACC",-290,240,0,0,0.954545455,0.1038,0.743589744,0.294117647,-0.101789744,0.064082353,0,1,0,0,0.672413793,0.064082353,1,1.909090909,0.954545455,0.0599
"1575",0,401282265,"Middle Tennessee","Old Dominion",0.4513,0,0,0.5614,1,0,0.349,0,-3,49,12,2021,1,0,"Conference USA","Conference USA",-170,145,1,1.909090909,0.954545455,0.0487,0.62962963,0.408163265,-0.06822963,0.030436735,0,1,1,2.45,1.225,0.030436735,1,1.909090909,0.954545455,0.151
"1576",1,401282695,"NC State","Syracuse",0.3134,0,1,0.7022,1,1,0.4943,0,-11.5,49.5,12,2021,1,0,"ACC","ACC",-455,335,0,0,0.954545455,0.1866,0.81981982,0.229885057,-0.11761982,0.067914943,0,1,0,0,0.60989011,0.067914943,0,0,0.954545455,0.0057
"1577",0,401309589,"Ohio","Toledo",0.4655,0,0,0.1808,0,1,0.5033,1,7.5,57.5,12,2021,1,0,"Mid-American","Mid-American",200,-240,1,1.909090909,0.954545455,0.0345,0.333333333,0.705882353,-0.152533333,0.113317647,0,1,1,1.416666667,0.708333333,0.113317647,1,1.909090909,0.954545455,0.0033
"1578",0,401282139,"Ole Miss","Vanderbilt",0.4811,0,1,0.9103,1,0,0.4848,0,-36,65.5,12,2021,1,0,"SEC","SEC",NA,NA,1,1.909090909,0.954545455,0.0189,NA,NA,NA,NA,NA,NA,NA,NA,NA,NA,1,1.909090909,0.954545455,0.0152
"1579",1,401282818,"Penn State","Rutgers",0.4264,0,1,0.8271,1,0,0.4329,0,-14,45,12,2021,1,0,"Big Ten","Big Ten",-665,450,0,0,0.954545455,0.0736,0.869281046,0.181818182,-0.042181046,-0.008918182,0,0,0,1,0.57518797,-0.008918182,1,1.909090909,0.954545455,0.0671
"1580",0,401282698,"Pittsburgh","Virginia",0.552,1,1,0.8257,1,1,0.341,0,-13.5,66.5,12,2021,1,0,"ACC","ACC",-625,430,0,0,0.954545455,0.052,0.862068966,0.188679245,-0.036368966,-0.014379245,0,0,0,1,0.58,-0.014379245,0,0,0.954545455,0.159
"1581",1,401286293,"UCF","UConn",0.524,1,1,0.9198,1,1,0.5435,1,-30,55.5,12,2021,1,0,"American Athletic","FBS Independents",-10000,2500,1,1.909090909,0.954545455,0.024,0.99009901,0.038461538,-0.07029901,0.041738462,0,1,0,0,0.505,0.041738462,1,1.909090909,0.954545455,0.0435
"1582",0,401310750,"Utah State","Wyoming",0.5356,1,0,0.6578,1,1,0.4927,0,-5.5,52,12,2021,1,0,"Mountain West","Mountain West",-220,180,0,0,0.954545455,0.0356,0.6875,0.357142857,-0.0297,-0.014942857,0,0,0,1,1.4,-0.014942857,0,0,0.954545455,0.0073
"1583",1,401310752,"Air Force","UNLV",0.5017,1,1,0.8801,1,1,0.4842,0,-18.5,49.5,13,2021,1,0,"Mountain West","Mountain West",-1000,625,1,1.909090909,0.954545455,0.0017,0.909090909,0.137931034,-0.028990909,-0.018031034,0,0,0,1,0.55,-0.018031034,0,0,0.954545455,0.0158
"1584",0,401309646,"App State","Georgia Southern",0.5712,1,1,0.9063,1,0,0.4999,0,-24.5,55,13,2021,1,0,"Sun Belt","Sun Belt",NA,NA,0,0,0.954545455,0.0712,NA,NA,NA,NA,NA,NA,NA,NA,NA,NA,1,1.909090909,0.954545455,1e-04
"1585",1,401282145,"Arkansas","Missouri",0.5574,1,1,0.8343,1,0,0.4138,0,-14.5,63.5,13,2021,1,0,"SEC","SEC",-655,445,1,1.909090909,0.954545455,0.0574,0.867549669,0.183486239,-0.033249669,-0.017786239,0,0,0,1,0.576335878,-0.017786239,1,1.909090909,0.954545455,0.0862
"1586",0,401309647,"Arkansas State","Texas State",0.431,0,0,0.5059,1,0,0.4964,0,-2,62.5,13,2021,1,0,"Sun Belt","Sun Belt",-125,105,1,1.909090909,0.954545455,0.069,0.555555556,0.487804878,-0.049655556,0.006295122,0,1,1,2.05,1.025,0.006295122,1,1.909090909,0.954545455,0.0036
"1587",1,401309593,"Ball State","Buffalo",0.5229,1,1,0.7299,1,0,0.4563,0,-6,59.5,13,2021,1,0,"Mid-American","Mid-American",-240,200,1,1.909090909,0.954545455,0.0229,0.705882353,0.333333333,0.024017647,-0.063233333,1,0,1,1.416666667,0.708333333,0.024017647,1,1.909090909,0.954545455,0.0437
"1588",0,401287948,"Baylor","Texas Tech",0.6014,1,1,0.8642,1,0,0.4679,0,-14,51.5,13,2021,1,0,"Big 12","Big 12",-635,435,0,0,0.954545455,0.1014,0.863945578,0.186915888,0.000254422,-0.051115888,1,0,1,1.157480315,0.578740157,0.000254422,1,1.909090909,0.954545455,0.0321
"1589",0,401282700,"Boston College","Wake Forest",0.6037,1,0,0.3389,0,0,0.4526,0,6.5,64.5,13,2021,1,0,"ACC","ACC",175,-210,0,0,0.954545455,0.1037,0.363636364,0.677419355,-0.024736364,-0.016319355,0,0,0,1,0.738095238,-0.016319355,1,1.909090909,0.954545455,0.0474
"1590",1,401309596,"Bowling Green","Ohio",0.5185,1,1,0.2952,0,0,0.4654,0,6.5,48.5,13,2021,1,0,"Mid-American","Mid-American",200,-240,1,1.909090909,0.954545455,0.0185,0.333333333,0.705882353,-0.038133333,-0.001082353,0,0,0,1,1.5,-0.001082353,1,1.909090909,0.954545455,0.0346
"1591",1,401309595,"Central Michigan","Eastern Michigan",0.5298,1,1,0.7062,1,0,0.351,0,-8.5,63.5,13,2021,1,0,"Mid-American","Mid-American",-340,270,1,1.909090909,0.954545455,0.0298,0.772727273,0.27027027,-0.066527273,0.02352973,0,1,0,0,0.647058824,0.02352973,1,1.909090909,0.954545455,0.149
"1592",0,401310754,"Colorado State","Nevada",0.4991,0,0,0.4222,0,1,0.5116,1,3,58,13,2021,1,0,"Mountain West","Mountain West",155,-180,1,1.909090909,0.954545455,9e-04,0.392156863,0.642857143,0.030043137,-0.065057143,1,0,0,0,0.777777778,0.030043137,1,1.909090909,0.954545455,0.0116
"1593",0,401282701,"Duke","Miami",0.6287,1,0,0.1404,0,0,0.3643,0,20.5,67,13,2021,1,0,"ACC","ACC",800,-1600,0,0,0.954545455,0.1287,0.111111111,0.941176471,0.029288889,-0.081576471,1,0,0,0,0.53125,0.029288889,1,1.909090909,0.954545455,0.1357
"1594",0,401282147,"Florida","Florida State",0.537,1,1,0.7363,1,0,0.3759,0,-4,58.5,13,2021,1,0,"SEC","ACC",-165,140,0,0,0.954545455,0.037,0.622641509,0.416666667,0.113658491,-0.152966667,1,0,1,1.606060606,0.803030303,0.113658491,1,1.909090909,0.954545455,0.1241
"1595",0,401282270,"Florida Atlantic","Middle Tennessee",0.3229,0,0,0.4292,0,0,0.4184,0,-3.5,49.5,13,2021,1,0,"Conference USA","Conference USA",-175,150,1,1.909090909,0.954545455,0.1771,0.636363636,0.4,-0.207163636,0.1708,0,1,1,2.5,1.25,0.1708,1,1.909090909,0.954545455,0.0816
"1596",1,401309649,"Georgia State","Troy",0.6299,1,1,0.8047,1,0,0.5408,1,-6.5,49.5,13,2021,1,0,"Sun Belt","Sun Belt",-240,200,1,1.909090909,0.954545455,0.1299,0.705882353,0.333333333,0.098817647,-0.138033333,1,0,1,1.416666667,0.708333333,0.098817647,0,0,0.954545455,0.0408
"1597",1,401282722,"Illinois","Northwestern",0.5737,1,1,0.8103,1,1,0.503,1,-7,44.5,13,2021,1,0,"Big Ten","Big Ten",-250,210,1,1.909090909,0.954545455,0.0737,0.714285714,0.322580645,0.096014286,-0.132880645,1,0,1,1.4,0.7,0.096014286,1,1.909090909,0.954545455,0.003
"1598",1,401287949,"Iowa State","TCU",0.5147,1,1,0.8359,1,1,0.4518,0,-15.5,61.5,13,2021,1,0,"Big 12","Big 12",-700,475,1,1.909090909,0.954545455,0.0147,0.875,0.173913043,-0.0391,-0.009813043,0,0,0,1,0.571428571,-0.009813043,0,0,0.954545455,0.0482
"1599",1,401287950,"Kansas","West Virginia",0.4442,0,0,0.1154,0,1,0.4048,0,15.5,55.5,13,2021,1,0,"Big 12","Big 12",475,-700,0,0,0.954545455,0.0558,0.173913043,0.875,-0.058513043,0.0096,0,1,1,1.142857143,0.571428571,0.0096,0,0,0.954545455,0.0952
"1600",1,401308842,"Kent State","Miami (OH)",0.5932,1,1,0.6617,1,1,0.5254,1,1.5,67,13,2021,1,0,"Mid-American","Mid-American",-105,-120,1,1.909090909,0.954545455,0.0932,0.512195122,0.545454545,0.149504878,-0.207154545,1,0,1,1.952380952,0.976190476,0.149504878,1,1.909090909,0.954545455,0.0254
"1601",1,401282150,"LSU","Texas A&M",0.5522,1,1,0.3937,0,1,0.5761,1,6.5,46.5,13,2021,1,0,"SEC","SEC",200,-240,1,1.909090909,0.954545455,0.0522,0.333333333,0.705882353,0.060366667,-0.099582353,1,0,1,3,1.5,0.060366667,1,1.909090909,0.954545455,0.0761
"1602",0,401309650,"Louisiana","UL Monroe",0.4686,0,1,0.9247,1,0,0.5631,1,-21.5,55,13,2021,1,0,"Sun Belt","Sun Belt",-1700,850,1,1.909090909,0.954545455,0.0314,0.944444444,0.105263158,-0.019744444,-0.029963158,0,0,0,1,0.529411765,-0.019744444,0,0,0.954545455,0.0631
"1603",0,401282272,"Marshall","Western Kentucky",0.5034,1,0,0.6754,1,0,0.4926,0,-1.5,75,13,2021,1,0,"Conference USA","Conference USA",-120,105,0,0,0.954545455,0.0034,0.545454545,0.487804878,0.129945455,-0.163204878,1,0,0,0,1.025,0.129945455,1,1.909090909,0.954545455,0.0074
"1604",0,401301053,"Memphis","Tulane",0.4815,0,1,0.6783,1,1,0.6031,1,-5.5,58,13,2021,1,0,"American Athletic","American Athletic",-225,185,1,1.909090909,0.954545455,0.0185,0.692307692,0.350877193,-0.014007692,-0.029177193,0,0,0,1,0.722222222,-0.014007692,1,1.909090909,0.954545455,0.1031
"1605",1,401282781,"Michigan","Ohio State",0.4379,0,1,0.3031,0,1,0.4674,0,6.5,64.5,13,2021,1,0,"Big Ten","Big Ten",240,-290,0,0,0.954545455,0.0621,0.294117647,0.743589744,0.008982353,-0.046689744,1,0,1,3.4,1.7,0.008982353,0,0,0.954545455,0.0326
"1606",1,401282785,"Michigan State","Penn State",0.4848,0,1,0.3605,0,1,0.2983,0,4.5,51.5,13,2021,1,0,"Big Ten","Big Ten",150,-175,0,0,0.954545455,0.0152,0.4,0.636363636,-0.0395,0.003136364,0,1,0,0,1.25,0.003136364,0,0,0.954545455,0.2017
"1607",1,401282794,"Minnesota","Wisconsin",0.4975,0,1,0.3189,0,0,0.5465,1,7,39,13,2021,1,0,"Big Ten","Big Ten",225,-275,0,0,0.954545455,0.0025,0.307692308,0.733333333,0.011207692,-0.052233333,1,0,1,3.25,1.625,0.011207692,0,0,0.954545455,0.0465
"1608",0,401282151,"Mississippi State","Ole Miss",0.5282,1,0,0.546,1,0,0.4351,0,-2,65,13,2021,1,0,"SEC","SEC",-125,105,0,0,0.954545455,0.0282,0.555555556,0.487804878,-0.009555556,-0.033804878,0,0,0,1,1.025,-0.009555556,1,1.909090909,0.954545455,0.0649
"1609",0,401282699,"NC State","North Carolina",0.3561,0,1,0.6653,1,1,0.4883,0,-6.5,61,13,2021,1,0,"ACC","ACC",-240,200,1,1.909090909,0.954545455,0.1439,0.705882353,0.333333333,-0.040582353,0.001366667,0,1,0,0,0.708333333,0.001366667,0,0,0.954545455,0.0117
"1610",0,401310755,"New Mexico","Utah State",0.4281,0,0,0.0903,0,0,0.5451,1,17,48,13,2021,1,0,"Mountain West","Mountain West",525,-800,1,1.909090909,0.954545455,0.0719,0.16,0.888888889,-0.0697,0.020811111,0,1,1,1.125,0.5625,0.020811111,0,0,0.954545455,0.0451
"1611",1,401282273,"North Texas","UTSA",0.4717,0,1,0.3218,0,1,0.4574,0,8.5,59.5,13,2021,1,0,"Conference USA","Conference USA",290,-380,0,0,0.954545455,0.0283,0.256410256,0.791666667,0.065389744,-0.113466667,1,0,1,3.9,1.95,0.065389744,0,0,0.954545455,0.0426
"1612",0,401309594,"Northern Illinois","Western Michigan",0.4495,0,0,0.3263,0,1,0.4968,0,7,58.5,13,2021,1,0,"Mid-American","Mid-American",155,-180,1,1.909090909,0.954545455,0.0505,0.392156863,0.642857143,-0.065856863,0.030842857,0,1,1,1.555555556,0.777777778,0.030842857,0,0,0.954545455,0.0032
"1613",1,401309908,"Oregon","Oregon State",0.4959,0,1,0.7894,1,1,0.5816,1,-7.5,61.5,13,2021,1,0,"Pac-12","Pac-12",-270,220,0,0,0.954545455,0.0041,0.72972973,0.3125,0.05967027,-0.1019,1,0,1,1.37037037,0.685185185,0.05967027,1,1.909090909,0.954545455,0.0816
"1614",0,401301055,"SMU","Tulsa",0.3603,0,0,0.5983,1,1,0.5331,1,-6.5,62.5,13,2021,1,0,"American Athletic","American Athletic",-240,200,1,1.909090909,0.954545455,0.1397,0.705882353,0.333333333,-0.107582353,0.068366667,0,1,1,3,1.5,0.068366667,1,1.909090909,0.954545455,0.0331
"1615",0,401282153,"Tennessee","Vanderbilt",0.4695,0,1,0.9347,1,1,0.4203,0,-32,64.5,13,2021,1,0,"SEC","SEC",NA,NA,1,1.909090909,0.954545455,0.0305,NA,NA,NA,NA,NA,NA,NA,NA,NA,NA,0,0,0.954545455,0.0797
"1616",1,401282274,"UAB","UTEP",0.5413,1,1,0.8052,1,1,0.5843,1,-13.5,50.5,13,2021,1,0,"Conference USA","Conference USA",-555,395,1,1.909090909,0.954545455,0.0413,0.847328244,0.202020202,-0.042128244,-0.007220202,0,0,0,1,0.59009009,-0.007220202,1,1.909090909,0.954545455,0.0843
"1617",0,401282703,"Virginia","Virginia Tech",0.4026,0,0,0.517,1,0,0.5256,1,-7,63.5,13,2021,1,0,"ACC","ACC",-275,225,1,1.909090909,0.954545455,0.0974,0.733333333,0.307692308,-0.216333333,0.175307692,0,1,1,3.25,1.625,0.175307692,0,0,0.954545455,0.0256
"1618",0,401309905,"Washington","Washington State",0.455,0,0,0.4617,0,1,0.4606,0,1,45,13,2021,1,0,"Pac-12","Pac-12",-105,-115,1,1.909090909,0.954545455,0.045,0.512195122,0.534883721,-0.050495122,0.003416279,0,1,1,1.869565217,0.934782609,0.003416279,0,0,0.954545455,0.0394
"1619",1,401387250,"California","USC",0.4805,0,1,0.5725,1,0,0.5215,1,-4.5,57.5,14,2021,1,0,"Pac-12","Pac-12",-195,165,0,0,0.954545455,0.0195,0.661016949,0.377358491,-0.088516949,0.050141509,0,1,0,0,0.756410256,0.050141509,0,0,0.954545455,0.0215
"1620",1,401331162,"Cincinnati","Houston",0.4248,0,1,0.7376,1,1,0.5094,1,-10.5,52.5,14,2021,1,0,"American Athletic","American Athletic",-415,310,0,0,0.954545455,0.0752,0.805825243,0.243902439,-0.068225243,0.018497561,0,1,0,0,0.620481928,0.018497561,1,1.909090909,0.954545455,0.0094
"1621",0,401310676,"San Diego State","Utah State",0.488,0,0,0.6262,1,1,0.383,0,-6.5,49.5,14,2021,1,0,"Mountain West","Mountain West",-230,190,1,1.909090909,0.954545455,0.012,0.696969697,0.344827586,-0.070769697,0.028972414,0,1,1,2.9,1.45,0.028972414,0,0,0.954545455,0.117
"1622",1,401282156,"UTSA","Western Kentucky",0.5072,1,1,0.4921,0,1,0.5393,1,3.5,74.5,14,2021,1,0,"Conference USA","Conference USA",105,-120,1,1.909090909,0.954545455,0.0072,0.487804878,0.545454545,0.004295122,-0.037554545,1,0,1,2.05,1.025,0.004295122,1,1.909090909,0.954545455,0.0393
"1623",1,401301056,"Army","Navy",0.5288,1,0,0.5314,1,0,0.5616,1,7,35.5,15,2021,1,0,"FBS Independents","American Athletic",-300,250,1,1.909090909,0.954545455,0.0288,0.75,0.285714286,-0.2186,0.182885714,0,1,1,3.5,1.75,0.182885714,0,0,0.954545455,0.0616
"1624",1,401415220,"Air Force","Nevada",0.4568,0,1,0.8722,1,1,0.4088,0,-24,46.5,4,2022,1,0,"Mountain West","Mountain West",-4500,1250,0,0,0.954545455,0.0432,0.97826087,0.074074074,-0.10606087,0.053725926,0,1,0,0,0.511111111,0.053725926,0,0,0.954545455,0.0912
"1625",1,401403892,"Alabama","Vanderbilt",0.4823,0,1,0.9168,1,0,0.4655,0,-40.5,60.5,4,2022,1,0,"SEC","SEC",NA,NA,0,0,0.954545455,0.0177,NA,NA,NA,NA,NA,NA,NA,NA,NA,NA,1,1.909090909,0.954545455,0.0345
"1626",0,401415037,"App State","James Madison",0.3884,0,0,0.6884,1,1,0.3352,0,-6.5,56.5,4,2022,1,0,"Sun Belt","Sun Belt",-285,235,1,1.909090909,0.954545455,0.1116,0.74025974,0.298507463,-0.05185974,0.013092537,0,1,1,3.35,1.675,0.013092537,0,0,0.954545455,0.1648
"1627",0,401403997,"Arizona State","Utah",0.3984,0,0,0.141,0,0,0.4786,0,16.5,54,4,2022,1,0,"Pac-12","Pac-12",430,-625,1,1.909090909,0.954545455,0.1016,0.188679245,0.862068966,-0.047679245,-0.003068966,0,0,0,1,0.58,-0.003068966,1,1.909090909,0.954545455,0.0214
"1628",0,401403894,"Auburn","Missouri",0.3074,0,1,0.5872,1,0,0.3948,0,-7.5,51,4,2022,1,0,"SEC","SEC",-280,230,1,1.909090909,0.954545455,0.1926,0.736842105,0.303030303,-0.149642105,0.109769697,0,1,0,0,0.678571429,0.109769697,1,1.909090909,0.954545455,0.1052
"1629",0,401415223,"BYU","Wyoming",0.3738,0,1,0.8764,1,1,0.4559,0,-21.5,49.5,4,2022,1,0,"FBS Independents","Mountain West",-1800,850,1,1.909090909,0.954545455,0.1262,0.947368421,0.105263158,-0.070968421,0.018336842,0,1,0,0,0.527777778,0.018336842,0,0,0.954545455,0.0441
"1630",1,401405096,"Cincinnati","Indiana",0.49,0,1,0.8845,1,1,0.3613,0,-16.5,57,4,2022,1,0,"American Athletic","Big Ten",-800,525,0,0,0.954545455,0.01,0.888888889,0.16,-0.004388889,-0.0445,0,0,0,1,0.5625,-0.004388889,0,0,0.954545455,0.1387
"1631",0,401403998,"Colorado","UCLA",0.391,0,0,0.0826,0,1,0.531,1,22,57,4,2022,1,0,"Pac-12","Pac-12",800,-1600,1,1.909090909,0.954545455,0.109,0.111111111,0.941176471,-0.028511111,-0.023776471,0,0,0,1,0.53125,-0.023776471,1,1.909090909,0.954545455,0.031
"1632",0,401415624,"East Carolina","Navy",0.4765,0,0,0.8875,1,0,0.5855,1,-16.5,48.5,4,2022,1,0,"American Athletic","American Athletic",-900,575,1,1.909090909,0.954545455,0.0235,0.9,0.148148148,-0.0125,-0.035648148,0,0,0,1,3.375,-0.0125,0,0,0.954545455,0.0855
"1633",0,401403895,"Georgia","Kent State",0.5346,1,1,0.9532,1,0,0.5475,1,-45,61.5,4,2022,1,0,"SEC","Mid-American",NA,NA,0,0,0.954545455,0.0346,NA,NA,NA,NA,NA,NA,NA,NA,NA,NA,0,0,0.954545455,0.0475
"1634",0,401426570,"Houston","Rice",0.5331,1,1,0.9077,1,1,0.34,0,-17.5,52.5,4,2022,1,0,"American Athletic","Conference USA",-900,575,0,0,0.954545455,0.0331,0.9,0.148148148,0.0077,-0.055848148,1,0,1,1.111111111,0.555555556,0.0077,0,0,0.954545455,0.16
"1635",0,401403896,"Kentucky","Northern Illinois",0.567,1,1,0.8229,1,1,0.4571,0,-26.5,53,4,2022,1,0,"SEC","Mid-American",-5000,1300,0,0,0.954545455,0.067,0.980392157,0.071428571,-0.157492157,0.105671429,0,1,0,0,0.51,0.105671429,0,0,0.954545455,0.0429
"1636",1,401403897,"LSU","New Mexico",0.5247,1,1,0.9486,1,0,0.4843,0,-31.5,44,4,2022,1,0,"SEC","Mountain West",NA,NA,1,1.909090909,0.954545455,0.0247,NA,NA,NA,NA,NA,NA,NA,NA,NA,NA,1,1.909090909,0.954545455,0.0157
"1637",1,401411119,"Louisville","South Florida",0.6031,1,1,0.8645,1,0,0.3421,0,-15.5,63.5,4,2022,1,0,"ACC","American Athletic",-550,390,1,1.909090909,0.954545455,0.1031,0.846153846,0.204081633,0.018346154,-0.068581633,1,0,1,1.181818182,0.590909091,0.018346154,1,1.909090909,0.954545455,0.1579
"1638",0,401426569,"Memphis","North Texas",0.4445,0,1,0.8306,1,1,0.3555,0,-12.5,68.5,4,2022,1,0,"American Athletic","Conference USA",-470,345,1,1.909090909,0.954545455,0.0555,0.824561404,0.224719101,0.006038596,-0.055319101,1,0,1,1.212765957,0.606382979,0.006038596,0,0,0.954545455,0.1445
"1639",0,401426568,"Miami","Middle Tennessee",0.3175,0,0,0.8972,1,1,0.5818,1,-25.5,53.5,4,2022,1,0,"ACC","Conference USA",-5000,1300,1,1.909090909,0.954545455,0.1825,0.980392157,0.071428571,-0.083192157,0.031371429,0,1,1,14,7,0.031371429,1,1.909090909,0.954545455,0.0818
"1640",0,401405092,"Michigan State","Minnesota",0.5412,1,0,0.5047,1,0,0.392,0,3,50,4,2022,1,0,"Big Ten","Big Ten",NA,NA,0,0,0.954545455,0.0412,NA,NA,NA,NA,NA,NA,NA,NA,NA,NA,1,1.909090909,0.954545455,0.108
"1641",0,401404150,"NC State","UConn",0.4482,0,1,0.8557,1,1,0.3686,0,-38.5,47.5,4,2022,1,0,"ACC","FBS Independents",NA,NA,1,1.909090909,0.954545455,0.0518,NA,NA,NA,NA,NA,NA,NA,NA,NA,NA,0,0,0.954545455,0.1314
"1642",0,401404126,"North Carolina","Notre Dame",0.5122,1,0,0.493,0,1,0.4778,0,-2.5,55.5,4,2022,1,0,"ACC","FBS Independents",-130,110,0,0,0.954545455,0.0122,0.565217391,0.476190476,-0.072217391,0.030809524,0,1,1,2.1,1.05,0.030809524,0,0,0.954545455,0.0222
"1643",1,401405095,"Ohio State","Wisconsin",0.538,1,1,0.9079,1,1,0.4753,0,-18.5,56.5,4,2022,1,0,"Big Ten","Big Ten",-1200,700,1,1.909090909,0.954545455,0.038,0.923076923,0.125,-0.015176923,-0.0329,0,0,0,1,0.541666667,-0.015176923,0,0,0.954545455,0.0247
"1644",0,401403898,"Ole Miss","Tulsa",0.6378,1,1,0.9301,1,0,0.4178,0,-21,66.5,4,2022,1,0,"SEC","American Athletic",-1500,775,0,0,0.954545455,0.1378,0.9375,0.114285714,-0.0074,-0.044385714,0,0,0,1,0.533333333,-0.0074,1,1.909090909,0.954545455,0.0822
"1645",1,401404000,"Oregon State","USC",0.495,0,0,0.2693,0,0,0.4969,0,5.5,70.5,4,2022,1,0,"Pac-12","Pac-12",220,-270,0,0,0.954545455,0.005,0.3125,0.72972973,-0.0432,0.00097027,0,1,1,1.37037037,0.685185185,0.00097027,1,1.909090909,0.954545455,0.0031
"1646",0,401404078,"SMU","TCU",0.4169,0,0,0.4721,0,1,0.3275,0,2.5,72,4,2022,1,0,"American Athletic","Big 12",-120,NA,1,1.909090909,0.954545455,0.0831,0.545454545,NA,-0.073354545,NA,0,NA,NA,NA,NA,NA,0,0,0.954545455,0.1725
"1647",1,401415224,"San Diego State","Toledo",0.5117,1,1,0.4473,0,0,0.5176,1,3,44.5,4,2022,1,0,"Mountain West","Mid-American",130,-150,1,1.909090909,0.954545455,0.0117,0.434782609,0.6,0.012517391,-0.0473,1,0,1,2.3,1.15,0.012517391,0,0,0.954545455,0.0176
"1648",1,401415225,"San José State","Western Michigan",0.6433,1,1,0.7917,1,0,0.3596,0,-6.5,48.5,4,2022,1,0,"Mountain West","Mid-American",-240,200,1,1.909090909,0.954545455,0.1433,0.705882353,0.333333333,0.085817647,-0.125033333,1,0,1,1.416666667,0.708333333,0.085817647,1,1.909090909,0.954545455,0.1404
"1649",0,401411117,"Syracuse","Virginia",0.4975,0,1,0.7539,1,0,0.5968,1,-9.5,53.5,4,2022,1,0,"ACC","ACC",-400,300,1,1.909090909,0.954545455,0.0025,0.8,0.25,-0.0461,-0.0039,0,0,0,1,0.625,-0.0039,0,0,0.954545455,0.0968
"1650",0,401411116,"Virginia Tech","West Virginia",0.4602,0,0,0.3345,0,0,0.4299,0,2,49.5,4,2022,1,0,"ACC","Big 12",125,-145,1,1.909090909,0.954545455,0.0398,0.444444444,0.591836735,-0.109944444,0.073663265,0,1,1,1.689655172,0.844827586,0.073663265,1,1.909090909,0.954545455,0.0701
"1651",0,401415227,"Air Force","Navy",0.4584,0,1,0.8284,1,0,0.4714,0,-14,38,5,2022,1,0,"Mountain West","American Athletic",-700,475,1,1.909090909,0.954545455,0.0416,0.875,0.173913043,-0.0466,-0.002313043,0,0,0,1,0.571428571,-0.002313043,1,1.909090909,0.954545455,0.0286
"1652",1,401416609,"Akron","Bowling Green",0.3981,0,0,0.1796,0,1,0.3849,0,9.5,49.5,5,2022,1,0,"Mid-American","Mid-American",300,-400,0,0,0.954545455,0.1019,0.25,0.8,-0.0704,0.0204,0,1,1,1.25,0.625,0.0204,0,0,0.954545455,0.1151
"1653",1,401404002,"Arizona","Colorado",0.5024,1,1,0.8724,1,1,0.4457,0,-18,58,5,2022,1,0,"Pac-12","Pac-12",-1000,625,1,1.909090909,0.954545455,0.0024,0.909090909,0.137931034,-0.036690909,-0.010331034,0,0,0,1,0.55,-0.010331034,0,0,0.954545455,0.0543
"1654",1,401426340,"Arkansas State","UL Monroe",0.4421,0,1,0.7021,1,1,0.3212,0,-7,59,5,2022,1,0,"Sun Belt","Sun Belt",-280,230,0,0,0.954545455,0.0579,0.736842105,0.303030303,-0.034742105,-0.005130303,0,0,0,1,0.678571429,-0.005130303,0,0,0.954545455,0.1788
"1655",0,401404137,"Army","Georgia State",0.5348,1,0,0.7848,1,0,0.4309,0,-8.5,54,5,2022,1,0,"FBS Independents","Sun Belt",-330,265,0,0,0.954545455,0.0348,0.76744186,0.273972603,0.01735814,-0.058772603,1,0,0,0,1.825,0.01735814,1,1.909090909,0.954545455,0.0691
"1656",1,401403903,"Auburn","LSU",0.3487,0,0,0.1378,0,0,0.4211,0,8,44.5,5,2022,1,0,"SEC","SEC",255,-310,0,0,0.954545455,0.1513,0.281690141,0.756097561,-0.143890141,0.106102439,0,1,1,1.322580645,0.661290323,0.106102439,1,1.909090909,0.954545455,0.0789
"1657",0,401415226,"BYU","Utah State",0.3999,0,1,0.9291,1,1,0.3526,0,-26,60,5,2022,1,0,"FBS Independents","Mountain West",-4500,1250,1,1.909090909,0.954545455,0.1001,0.97826087,0.074074074,-0.04916087,-0.003174074,0,0,0,1,0.511111111,-0.003174074,0,0,0.954545455,0.1474
"1658",1,401416608,"Ball State","Northern Illinois",0.554,1,1,0.472,0,1,0.4445,0,3.5,58.5,5,2022,1,0,"Mid-American","Mid-American",135,-160,1,1.909090909,0.954545455,0.054,0.425531915,0.615384615,0.046468085,-0.087384615,1,0,1,2.35,1.175,0.046468085,0,0,0.954545455,0.0555
"1659",0,401404083,"Baylor","Oklahoma State",0.4981,0,0,0.5941,1,1,0.5197,1,-2.5,56,5,2022,1,0,"Big 12","Big 12",-135,115,1,1.909090909,0.954545455,0.0019,0.574468085,0.465116279,0.019631915,-0.059216279,1,0,0,0,1.075,0.019631915,1,1.909090909,0.954545455,0.0197
"1660",1,401415228,"Boise State","San Diego State",0.3785,0,1,0.486,0,1,0.4781,0,-6,38,5,2022,1,0,"Mountain West","Mountain West",-250,210,0,0,0.954545455,0.1215,0.714285714,0.322580645,-0.228285714,0.191419355,0,1,0,0,0.7,0.191419355,0,0,0.954545455,0.0219
"1661",1,401411124,"Boston College","Louisville",0.3018,0,1,0.1253,0,1,0.5602,1,13.5,48.5,5,2022,1,0,"ACC","ACC",500,-750,0,0,0.954545455,0.1982,0.166666667,0.882352941,-0.041366667,-0.007652941,0,0,0,1,3,-0.007652941,1,1.909090909,0.954545455,0.0602
"1662",1,401416610,"Buffalo","Miami (OH)",0.4955,0,1,0.4606,0,0,0.3174,0,-3,50.5,5,2022,1,0,"Mid-American","Mid-American",-110,-110,0,0,0.954545455,0.0045,0.523809524,0.523809524,-0.063209524,0.015590476,0,1,0,0,0.954545455,0.015590476,1,1.909090909,0.954545455,0.1826
"1663",0,401426573,"Charlotte","UTEP",0.4802,0,0,0.5375,1,1,0.4198,0,3.5,56,5,2022,1,0,"Conference USA","Conference USA",120,-140,1,1.909090909,0.954545455,0.0198,0.454545455,0.583333333,0.082954545,-0.120833333,1,0,0,0,0.857142857,0.082954545,0,0,0.954545455,0.0802
"1664",1,401411125,"Clemson","NC State",0.5076,1,1,0.7584,1,1,0.5297,1,-6.5,45.5,5,2022,1,0,"ACC","ACC",-270,220,1,1.909090909,0.954545455,0.0076,0.72972973,0.3125,0.02867027,-0.0709,1,0,1,1.37037037,0.685185185,0.02867027,1,1.909090909,0.954545455,0.0297
"1665",0,401426337,"Coastal Carolina","Georgia Southern",0.6489,1,1,0.7623,1,0,0.4125,0,-10,69.5,5,2022,1,0,"Sun Belt","Sun Belt",-390,295,0,0,0.954545455,0.1489,0.795918367,0.253164557,-0.033618367,-0.015464557,0,0,0,1,0.628205128,-0.015464557,1,1.909090909,0.954545455,0.0875
"1666",1,401411126,"Duke","Virginia",0.5039,1,1,0.6773,1,0,0.5549,1,-2,55,5,2022,1,0,"ACC","ACC",-130,110,1,1.909090909,0.954545455,0.0039,0.565217391,0.476190476,0.112082609,-0.153490476,1,0,1,1.769230769,0.884615385,0.112082609,0,0,0.954545455,0.0549
"1667",0,401414782,"Eastern Michigan","Massachusetts",0.5146,1,1,0.9266,1,0,0.4665,0,-20,53.5,5,2022,1,0,"Mid-American","FBS Independents",-1500,775,0,0,0.954545455,0.0146,0.9375,0.114285714,-0.0109,-0.040885714,0,0,0,1,0.533333333,-0.0109,1,1.909090909,0.954545455,0.0335
"1668",0,401411127,"Florida State","Wake Forest",0.4786,0,0,0.5283,1,0,0.3108,0,-6,67.5,5,2022,1,0,"ACC","ACC",-250,210,1,1.909090909,0.954545455,0.0214,0.714285714,0.322580645,-0.185985714,0.149119355,0,1,1,3.1,1.55,0.149119355,1,1.909090909,0.954545455,0.1892
"1669",0,401415625,"Houston","Tulane",0.4127,0,0,0.5179,1,0,0.4041,0,-5.5,51.5,5,2022,1,0,"American Athletic","American Athletic",-220,180,1,1.909090909,0.954545455,0.0873,0.6875,0.357142857,-0.1696,0.124957143,0,1,1,2.8,1.4,0.124957143,1,1.909090909,0.954545455,0.0959
"1670",0,401405100,"Iowa","Michigan",0.5095,1,0,0.2436,0,0,0.5437,1,10.5,42,5,2022,1,0,"Big Ten","Big Ten",300,-400,0,0,0.954545455,0.0095,0.25,0.8,-0.0064,-0.0436,0,0,0,1,0.625,-0.0064,0,0,0.954545455,0.0437
"1671",1,401426338,"James Madison","Texas State",0.4574,0,1,0.7345,1,1,0.4695,0,-21.5,51.5,5,2022,1,0,"Sun Belt","Sun Belt",-2500,1050,0,0,0.954545455,0.0426,0.961538462,0.086956522,-0.227038462,0.178543478,0,1,0,0,0.52,0.178543478,0,0,0.954545455,0.0305
"1672",1,401404085,"Kansas State","Texas Tech",0.4594,0,1,0.7422,1,1,0.342,0,-7.5,56,5,2022,1,0,"Big 12","Big 12",-300,250,0,0,0.954545455,0.0406,0.75,0.285714286,-0.0078,-0.027914286,0,0,0,1,0.666666667,-0.0078,0,0,0.954545455,0.158
"1673",0,401416611,"Kent State","Ohio",0.3076,0,1,0.5296,1,0,0.3805,0,-12.5,65.5,5,2022,1,0,"Mid-American","Mid-American",-390,295,1,1.909090909,0.954545455,0.1924,0.795918367,0.253164557,-0.266318367,0.217235443,0,1,0,0,0.628205128,0.217235443,1,1.909090909,0.954545455,0.1195
"1674",1,401426341,"Louisiana","South Alabama",0.5686,1,0,0.3652,0,0,0.3874,0,8.5,47.5,5,2022,1,0,"Sun Belt","Sun Belt",280,-360,1,1.909090909,0.954545455,0.0686,0.263157895,0.782608696,0.102042105,-0.147808696,1,0,0,0,0.638888889,0.102042105,1,1.909090909,0.954545455,0.1126
"1675",1,401405103,"Maryland","Michigan State",0.4573,0,1,0.7689,1,0,0.399,0,-7.5,58.5,5,2022,1,0,"Big Ten","Big Ten",-290,240,0,0,0.954545455,0.0427,0.743589744,0.294117647,0.025310256,-0.063017647,1,0,1,1.344827586,0.672413793,0.025310256,1,1.909090909,0.954545455,0.101
"1676",1,401415628,"Memphis","Temple",0.5553,1,1,0.9132,1,0,0.518,1,-18.5,50,5,2022,1,0,"American Athletic","American Athletic",-1600,800,1,1.909090909,0.954545455,0.0553,0.941176471,0.111111111,-0.027976471,-0.024311111,0,0,0,1,0.53125,-0.024311111,0,0,0.954545455,0.018
"1677",0,401426576,"Middle Tennessee","UTSA",0.4814,0,0,0.4558,0,1,0.4092,0,4.5,64,5,2022,1,0,"Conference USA","Conference USA",175,-190,1,1.909090909,0.954545455,0.0186,0.363636364,0.655172414,0.092163636,-0.110972414,1,0,0,0,0.763157895,0.092163636,0,0,0.954545455,0.0908
"1678",0,401405101,"Minnesota","Purdue",0.3666,0,0,0.593,1,0,0.4713,0,-9.5,53,5,2022,1,0,"Big Ten","Big Ten",-350,275,1,1.909090909,0.954545455,0.1334,0.777777778,0.266666667,-0.184777778,0.140333333,0,1,1,3.75,1.875,0.140333333,1,1.909090909,0.954545455,0.0287
"1679",1,401403906,"Mississippi State","Texas A&M",0.6058,1,1,0.7543,1,1,0.5623,1,-4,45,5,2022,1,0,"SEC","SEC",-170,145,1,1.909090909,0.954545455,0.1058,0.62962963,0.408163265,0.12467037,-0.162463265,1,0,1,1.588235294,0.794117647,0.12467037,1,1.909090909,0.954545455,0.0623
"1680",1,401411128,"North Carolina","Virginia Tech",0.5611,1,1,0.7807,1,0,0.415,0,-9.5,57,5,2022,1,0,"ACC","ACC",-320,260,1,1.909090909,0.954545455,0.0611,0.761904762,0.277777778,0.018795238,-0.058477778,1,0,1,1.3125,0.65625,0.018795238,1,1.909090909,0.954545455,0.085
"1681",1,401405104,"Ohio State","Rutgers",0.6307,1,1,0.9434,1,1,0.4803,0,-39,58,5,2022,1,0,"Big Ten","Big Ten",NA,NA,1,1.909090909,0.954545455,0.1307,NA,NA,NA,NA,NA,NA,NA,NA,NA,NA,0,0,0.954545455,0.0197
"1682",1,401404005,"Oregon","Stanford",0.6056,1,1,0.931,1,1,0.4535,0,-17.5,63,5,2022,1,0,"Pac-12","Pac-12",-750,500,1,1.909090909,0.954545455,0.1056,0.882352941,0.166666667,0.048647059,-0.097666667,1,0,1,1.133333333,0.566666667,0.048647059,0,0,0.954545455,0.0465
"1683",1,401426577,"Rice","UAB",0.4033,0,1,0.3312,0,1,0.5133,1,10.5,51,5,2022,1,0,"Conference USA","Conference USA",295,-390,0,0,0.954545455,0.0967,0.253164557,0.795918367,0.078035443,-0.127118367,1,0,1,3.95,1.975,0.078035443,1,1.909090909,0.954545455,0.0133
"1684",1,401404087,"Texas","West Virginia",0.4884,0,1,0.7857,1,0,0.3911,0,-7.5,61,5,2022,1,0,"Big 12","Big 12",-290,240,0,0,0.954545455,0.0116,0.743589744,0.294117647,0.042110256,-0.079817647,1,0,1,1.344827586,0.672413793,0.042110256,1,1.909090909,0.954545455,0.1089
"1685",1,401404007,"UCLA","Washington",0.5532,1,1,0.4882,0,1,0.4059,0,2.5,64.5,5,2022,1,0,"Pac-12","Pac-12",120,-140,1,1.909090909,0.954545455,0.0532,0.454545455,0.583333333,0.033654545,-0.071533333,1,0,1,2.2,1.1,0.033654545,0,0,0.954545455,0.0941
"1686",0,401403909,"Alabama","Texas A&M",0.5373,1,1,0.949,1,0,0.4301,0,-24,48,6,2022,1,0,"SEC","SEC",-2800,1100,0,0,0.954545455,0.0373,0.965517241,0.083333333,-0.016517241,-0.032333333,0,0,0,1,0.517857143,-0.016517241,1,1.909090909,0.954545455,0.0699
"1687",0,401404008,"Arizona","Oregon",0.3723,0,0,0.1406,0,0,0.4203,0,13.5,72,6,2022,1,0,"Pac-12","Pac-12",375,-525,1,1.909090909,0.954545455,0.1277,0.210526316,0.84,-0.069926316,0.0194,0,1,1,1.19047619,0.595238095,0.0194,1,1.909090909,0.954545455,0.0797
"1688",1,401404009,"Arizona State","Washington",0.4363,0,1,0.1366,0,1,0.3961,0,13.5,56,6,2022,1,0,"Pac-12","Pac-12",390,-550,0,0,0.954545455,0.0637,0.204081633,0.846153846,-0.067481633,0.017246154,0,1,0,0,2.45,0.017246154,0,0,0.954545455,0.1039
"1689",0,401426343,"Arkansas State","James Madison",0.5818,1,0,0.2926,0,1,0.2905,0,11.5,55,6,2022,1,0,"Sun Belt","Sun Belt",295,-390,0,0,0.954545455,0.0818,0.253164557,0.795918367,0.039435443,-0.088518367,1,0,0,0,0.628205128,0.039435443,0,0,0.954545455,0.2095
"1690",1,401415232,"Boise State","Fresno State",0.435,0,1,0.669,1,1,0.4268,0,-10.5,45.5,6,2022,1,0,"Mountain West","Mountain West",-290,240,0,0,0.954545455,0.065,0.743589744,0.294117647,-0.074589744,0.036882353,0,1,0,0,0.672413793,0.036882353,0,0,0.954545455,0.0732
"1691",0,401411131,"Boston College","Clemson",0.3827,0,0,0.0461,0,0,0.4341,0,21,48.5,6,2022,1,0,"ACC","ACC",850,-1800,1,1.909090909,0.954545455,0.1173,0.105263158,0.947368421,-0.059163158,0.006531579,0,1,1,1.055555556,0.527777778,0.006531579,1,1.909090909,0.954545455,0.0659
"1692",0,401416617,"Bowling Green","Buffalo",0.4222,0,0,0.4863,0,0,0.3178,0,2,54.5,6,2022,1,0,"Mid-American","Mid-American",110,-130,1,1.909090909,0.954545455,0.0778,0.476190476,0.565217391,0.010109524,-0.051517391,1,0,0,0,0.884615385,0.010109524,1,1.909090909,0.954545455,0.1822
"1693",0,401415633,"Cincinnati","South Florida",0.521,1,1,0.9288,1,0,0.5081,1,-27,58.5,6,2022,1,0,"American Athletic","American Athletic",NA,NA,0,0,0.954545455,0.021,NA,NA,NA,NA,NA,NA,NA,NA,NA,NA,0,0,0.954545455,0.0081
"1694",0,401403910,"Florida","Missouri",0.3921,0,1,0.6145,1,0,0.474,0,-10.5,53.5,6,2022,1,0,"SEC","SEC",-435,325,1,1.909090909,0.954545455,0.1079,0.813084112,0.235294118,-0.198584112,0.150205882,0,1,0,0,0.614942529,0.150205882,1,1.909090909,0.954545455,0.026
"1695",0,401426579,"Florida International","UConn",0.3345,0,0,0.2226,0,0,0.335,0,5.5,46.5,6,2022,1,0,"Conference USA","FBS Independents",170,-200,1,1.909090909,0.954545455,0.1655,0.37037037,0.666666667,-0.14777037,0.110733333,0,1,1,1.5,0.75,0.110733333,1,1.909090909,0.954545455,0.165
"1696",0,401405106,"Illinois","Iowa",0.4632,0,1,0.6576,1,0,0.4348,0,-3.5,36.5,6,2022,1,0,"Big Ten","Big Ten",-175,150,1,1.909090909,0.954545455,0.0368,0.636363636,0.4,0.021236364,-0.0576,1,0,1,1.571428571,0.785714286,0.021236364,1,1.909090909,0.954545455,0.0652
"1697",1,401405108,"Indiana","Michigan",0.4885,0,0,0.1315,0,0,0.444,0,23.5,58,6,2022,1,0,"Big Ten","Big Ten",1000,-2200,0,0,0.954545455,0.0115,0.090909091,0.956521739,0.040590909,-0.088021739,1,0,0,0,0.522727273,0.040590909,1,1.909090909,0.954545455,0.056
"1698",1,401404088,"Iowa State","Kansas State",0.4151,0,0,0.379,0,0,0.4644,0,1,45,6,2022,1,0,"Big 12","Big 12",110,-130,0,0,0.954545455,0.0849,0.476190476,0.565217391,-0.097190476,0.055782609,0,1,1,1.769230769,0.884615385,0.055782609,1,1.909090909,0.954545455,0.0356
"1699",1,401404089,"Kansas","TCU",0.504,1,0,0.4589,0,0,0.3579,0,7,70,6,2022,1,0,"Big 12","Big 12",225,-275,1,1.909090909,0.954545455,0.004,0.307692308,0.733333333,0.151207692,-0.192233333,1,0,0,0,0.681818182,0.151207692,1,1.909090909,0.954545455,0.1421
"1700",0,401403912,"Kentucky","South Carolina",0.5554,1,0,0.5783,1,0,0.4289,0,-4.5,45,6,2022,1,0,"SEC","SEC",-195,165,0,0,0.954545455,0.0554,0.661016949,0.377358491,-0.082716949,0.044341509,0,1,1,2.65,1.325,0.044341509,1,1.909090909,0.954545455,0.0711
"1701",0,401403913,"LSU","Tennessee",0.4156,0,0,0.5654,1,0,0.3867,0,2.5,63.5,6,2022,1,0,"SEC","SEC",130,-150,1,1.909090909,0.954545455,0.0844,0.434782609,0.6,0.130617391,-0.1654,1,0,0,0,0.833333333,0.130617391,1,1.909090909,0.954545455,0.1133
"1702",1,401426580,"Louisiana Tech","UTEP",0.3558,0,1,0.3572,0,1,0.5293,1,-1.5,52.5,6,2022,1,0,"Conference USA","Conference USA",-150,130,0,0,0.954545455,0.1442,0.6,0.434782609,-0.2428,0.208017391,0,1,0,0,0.833333333,0.208017391,1,1.909090909,0.954545455,0.0293
"1703",0,401405109,"Maryland","Purdue",0.4595,0,0,0.4272,0,1,0.4215,0,-3,59.5,6,2022,1,0,"Big Ten","Big Ten",-150,130,1,1.909090909,0.954545455,0.0405,0.6,0.434782609,-0.1728,0.138017391,0,1,1,2.3,1.15,0.138017391,0,0,0.954545455,0.0785
"1704",0,401411133,"Miami","North Carolina",0.4578,0,0,0.4379,0,0,0.4254,0,-4,67.5,6,2022,1,0,"ACC","ACC",-170,145,1,1.909090909,0.954545455,0.0422,0.62962963,0.408163265,-0.19172963,0.153936735,0,1,1,2.45,1.225,0.153936735,1,1.909090909,0.954545455,0.0746
"1705",0,401405110,"Michigan State","Ohio State",0.4112,0,0,0.1359,0,1,0.3964,0,27,64.5,6,2022,1,0,"Big Ten","Big Ten",NA,NA,1,1.909090909,0.954545455,0.0888,NA,NA,NA,NA,NA,NA,NA,NA,NA,NA,0,0,0.954545455,0.1036
"1706",1,401415632,"Navy","Tulsa",0.6124,1,1,0.4361,0,1,0.4498,0,4.5,46,6,2022,1,0,"American Athletic","American Athletic",165,-195,1,1.909090909,0.954545455,0.1124,0.377358491,0.661016949,0.058741509,-0.097116949,1,0,1,2.65,1.325,0.058741509,0,0,0.954545455,0.0502
"1707",0,401415234,"New Mexico","Wyoming",0.3483,0,0,0.3174,0,1,0.3766,0,3,37,6,2022,1,0,"Mountain West","Mountain West",145,-170,1,1.909090909,0.954545455,0.1517,0.408163265,0.62962963,-0.090763265,0.05297037,0,1,1,1.588235294,0.794117647,0.05297037,0,0,0.954545455,0.1234
"1708",0,401416615,"Northern Illinois","Toledo",0.3661,0,0,0.2075,0,1,0.3,0,6.5,59,6,2022,1,0,"Mid-American","Mid-American",190,-230,1,1.909090909,0.954545455,0.1339,0.344827586,0.696969697,-0.137327586,0.095530303,0,1,1,1.434782609,0.717391304,0.095530303,0,0,0.954545455,0.2
"1709",0,401405107,"Northwestern","Wisconsin",0.5117,1,0,0.206,0,1,0.3992,0,10,44.5,6,2022,1,0,"Big Ten","Big Ten",300,-400,0,0,0.954545455,0.0117,0.25,0.8,-0.044,-0.006,0,0,0,1,0.625,-0.006,0,0,0.954545455,0.1008
"1710",0,401404091,"Oklahoma State","Texas Tech",0.4986,0,1,0.7679,1,1,0.4327,0,-11.5,65.5,6,2022,1,0,"Big 12","Big 12",-350,275,1,1.909090909,0.954545455,0.0014,0.777777778,0.266666667,-0.009877778,-0.034566667,0,0,0,1,0.642857143,-0.009877778,0,0,0.954545455,0.0673
"1711",1,401411135,"Pittsburgh","Virginia Tech",0.5729,1,1,0.8834,1,1,0.4309,0,-14.5,42,6,2022,1,0,"ACC","ACC",-650,450,1,1.909090909,0.954545455,0.0729,0.866666667,0.181818182,0.016733333,-0.065218182,1,0,1,1.153846154,0.576923077,0.016733333,0,0,0.954545455,0.0691
"1712",1,401415236,"San José State","UNLV",0.642,1,1,0.8176,1,0,0.2313,0,-6.5,51.5,6,2022,1,0,"Mountain West","Mountain West",-210,175,1,1.909090909,0.954545455,0.142,0.677419355,0.363636364,0.140180645,-0.181236364,1,0,1,1.476190476,0.738095238,0.140180645,1,1.909090909,0.954545455,0.2687
"1713",1,401404011,"UCLA","Utah",0.5314,1,1,0.5743,1,1,0.3144,0,3,64.5,6,2022,1,0,"Pac-12","Pac-12",165,-195,1,1.909090909,0.954545455,0.0314,0.377358491,0.661016949,0.196941509,-0.235316949,1,0,1,2.65,1.325,0.196941509,0,0,0.954545455,0.1856
"1714",1,401404012,"USC","Washington State",0.3891,0,1,0.7821,1,0,0.5477,1,-12.5,64.5,6,2022,1,0,"Pac-12","Pac-12",-550,NA,0,0,0.954545455,0.1109,0.846153846,NA,-0.064053846,NA,0,NA,0,NA,0.590909091,NA,0,0,0.954545455,0.0477
"1715",0,401426582,"UTSA","Western Kentucky",0.5068,1,1,0.5927,1,0,0.4079,0,-6.5,72.5,6,2022,1,0,"Conference USA","Conference USA",-250,210,0,0,0.954545455,0.0068,0.714285714,0.322580645,-0.121585714,0.084719355,0,1,0,0,0.7,0.084719355,1,1.909090909,0.954545455,0.0921
"1716",1,401416619,"Akron","Central Michigan",0.448,0,0,0.287,0,0,0.4985,0,12,60.5,7,2022,1,0,"Mid-American","Mid-American",390,-550,0,0,0.954545455,0.052,0.204081633,0.846153846,0.082918367,-0.133153846,1,0,0,0,0.590909091,0.082918367,1,1.909090909,0.954545455,0.0015
"1717",0,401404153,"Ball State","UConn",0.4306,0,1,0.5182,1,0,0.5098,1,-9.5,47.5,7,2022,1,0,"Mid-American","FBS Independents",-360,280,1,1.909090909,0.954545455,0.0694,0.782608696,0.263157895,-0.264408696,0.218642105,0,1,0,0,0.638888889,0.218642105,0,0,0.954545455,0.0098
"1718",1,401416622,"Bowling Green","Miami (OH)",0.4522,0,1,0.3605,0,0,0.3402,0,7,45,7,2022,1,0,"Mid-American","Mid-American",210,-250,0,0,0.954545455,0.0478,0.322580645,0.714285714,0.037919355,-0.074785714,1,0,1,3.1,1.55,0.037919355,1,1.909090909,0.954545455,0.1598
"1719",0,401426348,"Coastal Carolina","Old Dominion",0.4513,0,0,0.8669,1,1,0.5708,1,-11.5,58.5,7,2022,1,0,"Sun Belt","Sun Belt",-450,335,1,1.909090909,0.954545455,0.0487,0.818181818,0.229885057,0.048718182,-0.096785057,1,0,0,0,2.175,0.048718182,1,1.909090909,0.954545455,0.0708
"1720",1,401415238,"Colorado State","Utah State",0.329,0,0,0.0711,0,0,0.4816,0,14,45.5,7,2022,1,0,"Mountain West","Mountain West",275,-350,0,0,0.954545455,0.171,0.266666667,0.777777778,-0.195566667,0.151122222,0,1,1,1.285714286,0.642857143,0.151122222,1,1.909090909,0.954545455,0.0184
"1721",1,401411137,"Duke","North Carolina",0.4212,0,0,0.3218,0,1,0.4485,0,7,70,7,2022,1,0,"ACC","ACC",180,-220,0,0,0.954545455,0.0788,0.357142857,0.6875,-0.035342857,-0.0093,0,0,0,1,0.727272727,-0.0093,0,0,0.954545455,0.0515
"1722",0,401415637,"East Carolina","Memphis",0.5461,1,1,0.6082,1,1,0.4589,0,-5.5,62.5,7,2022,1,0,"American Athletic","American Athletic",-175,150,0,0,0.954545455,0.0461,0.636363636,0.4,-0.028163636,-0.0082,0,0,0,1,0.785714286,-0.0082,0,0,0.954545455,0.0411
"1723",0,401416620,"Eastern Michigan","Northern Illinois",0.5008,1,0,0.7429,1,0,0.4912,0,-3.5,64.5,7,2022,1,0,"Mid-American","Mid-American",-165,140,0,0,0.954545455,8e-04,0.622641509,0.416666667,0.120258491,-0.159566667,1,0,0,0,1.2,0.120258491,1,1.909090909,0.954545455,0.0088
"1724",0,401403917,"Florida","LSU",0.5279,1,0,0.4553,0,1,0.5204,1,-2,51.5,7,2022,1,0,"SEC","SEC",-135,115,0,0,0.954545455,0.0279,0.574468085,0.465116279,-0.119168085,0.079583721,0,1,1,2.15,1.075,0.079583721,1,1.909090909,0.954545455,0.0204
"1725",0,401426585,"Florida Atlantic","Rice",0.5094,1,1,0.6278,1,0,0.4141,0,-4,54.5,7,2022,1,0,"Conference USA","Conference USA",-210,175,0,0,0.954545455,0.0094,0.677419355,0.363636364,-0.049619355,0.008563636,0,1,0,0,0.738095238,0.008563636,1,1.909090909,0.954545455,0.0859
"1726",1,401426584,"Florida International","UTSA",0.474,0,0,0.0592,0,0,0.418,0,33.5,63.5,7,2022,1,0,"Conference USA","Conference USA",NA,NA,0,0,0.954545455,0.026,NA,NA,NA,NA,NA,NA,NA,NA,NA,NA,1,1.909090909,0.954545455,0.082
"1727",1,401415239,"Fresno State","San José State",0.449,0,1,0.3227,0,0,0.5021,1,7,47,7,2022,1,0,"Mountain West","Mountain West",210,-250,0,0,0.954545455,0.051,0.322580645,0.714285714,0.000119355,-0.036985714,1,0,1,3.1,1.55,0.000119355,0,0,0.954545455,0.0021
"1728",1,401403918,"Georgia","Vanderbilt",0.5219,1,1,0.9326,1,0,0.2874,0,-37.5,56.5,7,2022,1,0,"SEC","SEC",NA,NA,1,1.909090909,0.954545455,0.0219,NA,NA,NA,NA,NA,NA,NA,NA,NA,NA,1,1.909090909,0.954545455,0.2126
"1729",1,401426349,"Georgia Southern","James Madison",0.5053,1,1,0.3272,0,1,0.41,0,13,67.5,7,2022,1,0,"Sun Belt","Sun Belt",295,-390,1,1.909090909,0.954545455,0.0053,0.253164557,0.795918367,0.074035443,-0.123118367,1,0,1,3.95,1.975,0.074035443,0,0,0.954545455,0.09
"1730",1,401415240,"Hawai'i","Nevada",0.5438,1,1,0.4014,0,0,0.4805,0,6.5,51.5,7,2022,1,0,"Mountain West","Mountain West",170,-200,1,1.909090909,0.954545455,0.0438,0.37037037,0.666666667,0.03102963,-0.068066667,1,0,1,2.7,1.35,0.03102963,1,1.909090909,0.954545455,0.0195
"1731",1,401405112,"Illinois","Minnesota",0.5504,1,1,0.5215,1,0,0.5277,1,4.5,40,7,2022,1,0,"Big Ten","Big Ten",170,-200,1,1.909090909,0.954545455,0.0504,0.37037037,0.666666667,0.15112963,-0.188166667,1,0,1,2.7,1.35,0.15112963,0,0,0.954545455,0.0277
"1732",1,401405114,"Indiana","Maryland",0.4566,0,0,0.1745,0,1,0.4902,0,11,63.5,7,2022,1,0,"Big Ten","Big Ten",300,-400,0,0,0.954545455,0.0434,0.25,0.8,-0.0755,0.0255,0,1,1,1.25,0.625,0.0255,0,0,0.954545455,0.0098
"1733",1,401403919,"Kentucky","Mississippi State",0.4876,0,1,0.4316,0,0,0.4431,0,3.5,50.5,7,2022,1,0,"SEC","SEC",155,-180,0,0,0.954545455,0.0124,0.392156863,0.642857143,0.039443137,-0.074457143,1,0,1,2.55,1.275,0.039443137,1,1.909090909,0.954545455,0.0569
"1734",1,401405115,"Michigan","Penn State",0.5157,1,1,0.6429,1,1,0.4672,0,-7,49,7,2022,1,0,"Big Ten","Big Ten",-280,230,1,1.909090909,0.954545455,0.0157,0.736842105,0.303030303,-0.093942105,0.054069697,0,1,0,0,0.678571429,0.054069697,0,0,0.954545455,0.0328
"1735",1,401405116,"Michigan State","Wisconsin",0.4103,0,1,0.3999,0,1,0.4979,0,7,49.5,7,2022,1,0,"Big Ten","Big Ten",180,-220,0,0,0.954545455,0.0897,0.357142857,0.6875,0.042757143,-0.0874,1,0,1,2.8,1.4,0.042757143,0,0,0.954545455,0.0021
"1736",0,401426587,"Middle Tennessee","Western Kentucky",0.463,0,0,0.3422,0,0,0.4846,0,7.5,67.5,7,2022,1,0,"Conference USA","Conference USA",220,-270,1,1.909090909,0.954545455,0.037,0.3125,0.72972973,0.0297,-0.07192973,1,0,0,0,0.685185185,0.0297,1,1.909090909,0.954545455,0.0154
"1737",0,401404016,"Notre Dame","Stanford",0.5588,1,0,0.921,1,0,0.5569,1,-16.5,53.5,7,2022,1,0,"FBS Independents","Pac-12",-750,500,0,0,0.954545455,0.0588,0.882352941,0.166666667,0.038647059,-0.087666667,1,0,0,0,3,0.038647059,0,0,0.954545455,0.0569
"1738",1,401404015,"Oregon State","Washington State",0.4761,0,1,0.5554,1,0,0.4431,0,-3,51.5,7,2022,1,0,"Pac-12","Pac-12",-165,140,0,0,0.954545455,0.0239,0.622641509,0.416666667,-0.067241509,0.027933333,0,1,0,0,0.803030303,0.027933333,1,1.909090909,0.954545455,0.0569
"1739",0,401426350,"South Alabama","UL Monroe",0.5901,1,1,0.936,1,1,0.4599,0,-17,51,7,2022,1,0,"Sun Belt","Sun Belt",-950,600,0,0,0.954545455,0.0901,0.904761905,0.142857143,0.031238095,-0.078857143,1,0,1,1.105263158,0.552631579,0.031238095,0,0,0.954545455,0.0401
"1740",0,401415636,"South Florida","Tulane",0.3793,0,0,0.135,0,1,0.5185,1,12,55,7,2022,1,0,"American Athletic","American Athletic",300,-400,1,1.909090909,0.954545455,0.1207,0.25,0.8,-0.115,0.065,0,1,1,1.25,0.625,0.065,1,1.909090909,0.954545455,0.0185
"1741",0,401415241,"Air Force","Boise State",0.4603,0,0,0.5203,1,0,0.4213,0,-2.5,46.5,8,2022,1,0,"Mountain West","Mountain West",-175,150,1,1.909090909,0.954545455,0.0397,0.636363636,0.4,-0.116063636,0.0797,0,1,1,2.5,1.25,0.0797,1,1.909090909,0.954545455,0.0787
"1742",1,401403922,"Alabama","Mississippi State",0.5038,1,1,0.9257,1,0,0.4877,0,-21,61.5,8,2022,1,0,"SEC","SEC",-1600,800,1,1.909090909,0.954545455,0.0038,0.941176471,0.111111111,-0.015476471,-0.036811111,0,0,0,1,0.53125,-0.015476471,1,1.909090909,0.954545455,0.0123
"1743",1,401426353,"App State","Georgia State",0.5005,1,1,0.6687,1,0,0.5564,1,-9.5,60,8,2022,1,0,"Sun Belt","Sun Belt",-400,300,1,1.909090909,0.954545455,5e-04,0.8,0.25,-0.1313,0.0813,0,1,0,0,0.625,0.0813,0,0,0.954545455,0.0564
"1744",1,401404140,"Army","UL Monroe",0.5378,1,1,0.6772,1,1,0.414,0,-6.5,55.5,8,2022,1,0,"FBS Independents","Sun Belt",-280,230,1,1.909090909,0.954545455,0.0378,0.736842105,0.303030303,-0.059642105,0.019769697,0,1,0,0,0.678571429,0.019769697,0,0,0.954545455,0.086
"1745",0,401416624,"Ball State","Eastern Michigan",0.4711,0,0,0.4636,0,0,0.6471,1,-2.5,57.5,8,2022,1,0,"Mid-American","Mid-American",-135,115,1,1.909090909,0.954545455,0.0289,0.574468085,0.465116279,-0.110868085,0.071283721,0,1,1,2.15,1.075,0.071283721,0,0,0.954545455,0.1471
"1746",1,401404096,"Baylor","Kansas",0.5724,1,1,0.8463,1,1,0.381,0,-10.5,56.5,8,2022,1,0,"Big 12","Big 12",-400,300,1,1.909090909,0.954545455,0.0724,0.8,0.25,0.0463,-0.0963,1,0,1,1.25,0.625,0.0463,0,0,0.954545455,0.119
"1747",1,401416626,"Buffalo","Toledo",0.4673,0,1,0.4196,0,1,0.3467,0,7,56,8,2022,1,0,"Mid-American","Mid-American",250,-300,0,0,0.954545455,0.0327,0.285714286,0.75,0.133885714,-0.1696,1,0,1,3.5,1.75,0.133885714,0,0,0.954545455,0.1533
"1748",1,401404019,"California","Washington",0.4843,0,0,0.2196,0,0,0.3811,0,7.5,54.5,8,2022,1,0,"Pac-12","Pac-12",250,-300,0,0,0.954545455,0.0157,0.285714286,0.75,-0.066114286,0.0304,0,1,1,1.333333333,0.666666667,0.0304,1,1.909090909,0.954545455,0.1189
"1749",0,401426588,"Charlotte","Florida International",0.4718,0,0,0.8424,1,0,0.4876,0,-13.5,63.5,8,2022,1,0,"Conference USA","Conference USA",-650,450,1,1.909090909,0.954545455,0.0282,0.866666667,0.181818182,-0.024266667,-0.024218182,0,0,0,1,2.75,-0.024218182,1,1.909090909,0.954545455,0.0124
"1750",0,401411142,"Clemson","Syracuse",0.5003,1,1,0.8973,1,0,0.4644,0,-14,50,8,2022,1,0,"ACC","ACC",-575,400,0,0,0.954545455,3e-04,0.851851852,0.2,0.045448148,-0.0973,1,0,1,1.173913043,0.586956522,0.045448148,1,1.909090909,0.954545455,0.0356
"1751",0,401415242,"Colorado State","Hawai'i",0.3842,0,1,0.3253,0,0,0.4673,0,-6,46,8,2022,1,0,"Mountain West","Mountain West",-195,165,1,1.909090909,0.954545455,0.1158,0.661016949,0.377358491,-0.335716949,0.297341509,0,1,0,0,0.756410256,0.297341509,1,1.909090909,0.954545455,0.0327
"1752",1,401415642,"East Carolina","UCF",0.4237,0,1,0.3794,0,0,0.3014,0,5.5,63.5,8,2022,1,0,"American Athletic","American Athletic",175,-210,0,0,0.954545455,0.0763,0.363636364,0.677419355,0.015763636,-0.056819355,1,0,1,2.75,1.375,0.015763636,1,1.909090909,0.954545455,0.1986
"1753",0,401411141,"Georgia Tech","Virginia",0.5714,1,0,0.6648,1,0,0.555,1,-3.5,48,8,2022,1,0,"ACC","ACC",-150,130,0,0,0.954545455,0.0714,0.6,0.434782609,0.0648,-0.099582609,1,0,0,0,1.15,0.0648,0,0,0.954545455,0.055
"1754",0,401426355,"James Madison","Marshall",0.5016,1,0,0.5778,1,0,0.4278,0,-9.5,48.5,8,2022,1,0,"Sun Belt","Sun Belt",-340,270,0,0,0.954545455,0.0016,0.772727273,0.27027027,-0.194927273,0.15192973,0,1,1,3.7,1.85,0.15192973,1,1.909090909,0.954545455,0.0722
"1755",1,401403923,"LSU","Ole Miss",0.5892,1,1,0.5441,1,1,0.4015,0,0,64,8,2022,1,0,"SEC","SEC",-125,NA,1,1.909090909,0.954545455,0.0892,0.555555556,NA,-0.011455556,NA,0,NA,0,NA,0.9,NA,0,0,0.954545455,0.0985
"1756",1,401426590,"Louisiana Tech","Rice",0.4439,0,0,0.3983,0,1,0.4068,0,3,57,8,2022,1,0,"Conference USA","Conference USA",130,-150,0,0,0.954545455,0.0561,0.434782609,0.6,-0.036482609,0.0017,0,1,1,1.666666667,0.833333333,0.0017,0,0,0.954545455,0.0932
"1757",1,401411143,"Louisville","Pittsburgh",0.5464,1,1,0.5526,1,0,0.5101,1,-1.5,55,8,2022,1,0,"ACC","ACC",-140,120,1,1.909090909,0.954545455,0.0464,0.583333333,0.454545455,-0.030733333,-0.007145455,0,0,0,1,0.857142857,-0.007145455,0,0,0.954545455,0.0101
"1758",0,401405118,"Maryland","Northwestern",0.4723,0,1,0.8956,1,1,0.4325,0,-14.5,51,8,2022,1,0,"Big Ten","Big Ten",-575,400,1,1.909090909,0.954545455,0.0277,0.851851852,0.2,0.043748148,-0.0956,1,0,1,1.173913043,0.586956522,0.043748148,0,0,0.954545455,0.0675
"1759",0,401416627,"Miami (OH)","Western Michigan",0.5296,1,0,0.766,1,0,0.5084,1,-7,44,8,2022,1,0,"Mid-American","Mid-American",-230,190,0,0,0.954545455,0.0296,0.696969697,0.344827586,0.069030303,-0.110827586,1,0,0,0,1.45,0.069030303,0,0,0.954545455,0.0084
"1760",0,401403924,"Missouri","Vanderbilt",0.4438,0,1,0.8657,1,0,0.3962,0,-14,49,8,2022,1,0,"SEC","SEC",-650,450,1,1.909090909,0.954545455,0.0562,0.866666667,0.181818182,-0.000966667,-0.047518182,0,0,0,1,0.576923077,-0.000966667,1,1.909090909,0.954545455,0.1038
"1761",0,401415245,"Nevada","San Diego State",0.4228,0,0,0.3737,0,0,0.634,1,7.5,36,8,2022,1,0,"Mountain West","Mountain West",240,-290,1,1.909090909,0.954545455,0.0772,0.294117647,0.743589744,0.079582353,-0.117289744,1,0,0,0,0.672413793,0.079582353,0,0,0.954545455,0.134
"1762",0,401404128,"Notre Dame","UNLV",0.6081,1,1,0.9248,1,1,0.4418,0,-26,46.5,8,2022,1,0,"FBS Independents","Mountain West",-5000,1300,0,0,0.954545455,0.1081,0.980392157,0.071428571,-0.055592157,0.003771429,0,1,0,0,0.51,0.003771429,0,0,0.954545455,0.0582
"1763",1,401404098,"Oklahoma State","Texas",0.5447,1,1,0.3804,0,1,0.3475,0,6.5,58.5,8,2022,1,0,"Big 12","Big 12",170,-200,1,1.909090909,0.954545455,0.0447,0.37037037,0.666666667,0.01002963,-0.047066667,1,0,1,2.7,1.35,0.01002963,0,0,0.954545455,0.1525
"1764",1,401404021,"Oregon","UCLA",0.5392,1,1,0.6956,1,1,0.4331,0,-7,70.5,8,2022,1,0,"Pac-12","Pac-12",-230,190,1,1.909090909,0.954545455,0.0392,0.696969697,0.344827586,-0.001369697,-0.040427586,0,0,0,1,0.717391304,-0.001369697,0,0,0.954545455,0.0669
"1765",0,401426354,"South Alabama","Troy",0.5299,1,0,0.6261,1,0,0.4797,0,-3,47,8,2022,1,0,"Sun Belt","Sun Belt",-165,140,0,0,0.954545455,0.0299,0.622641509,0.416666667,0.003458491,-0.042766667,1,0,0,0,1.2,0.003458491,1,1.909090909,0.954545455,0.0203
"1766",1,401403925,"South Carolina","Texas A&M",0.5261,1,1,0.6118,1,1,0.4975,0,3,44.5,8,2022,1,0,"SEC","SEC",135,-160,1,1.909090909,0.954545455,0.0261,0.425531915,0.615384615,0.186268085,-0.227184615,1,0,1,2.35,1.175,0.186268085,0,0,0.954545455,0.0025
"1767",1,401415638,"Temple","Tulsa",0.5605,1,0,0.2212,0,0,0.5941,1,13.5,53.5,8,2022,1,0,"American Athletic","American Athletic",335,-450,1,1.909090909,0.954545455,0.0605,0.229885057,0.818181818,-0.008685057,-0.039381818,0,0,0,1,0.611111111,-0.008685057,0,0,0.954545455,0.0941
"1768",1,401404099,"Texas Tech","West Virginia",0.4809,0,1,0.7485,1,0,0.3388,0,-5,65.5,8,2022,1,0,"Big 12","Big 12",-280,230,0,0,0.954545455,0.0191,0.736842105,0.303030303,0.011657895,-0.051530303,1,0,1,1.357142857,0.678571429,0.011657895,1,1.909090909,0.954545455,0.1612
"1769",0,401416631,"Akron","Miami (OH)",0.5046,1,0,0.3044,0,0,0.3874,0,9,51.5,9,2022,1,0,"Mid-American","Mid-American",270,-340,0,0,0.954545455,0.0046,0.27027027,0.772727273,0.03412973,-0.077127273,1,0,0,0,0.647058824,0.03412973,1,1.909090909,0.954545455,0.1126
"1770",1,401404022,"Arizona","USC",0.5281,1,0,0.1265,0,1,0.3684,0,14,74,9,2022,1,0,"Pac-12","Pac-12",500,-750,1,1.909090909,0.954545455,0.0281,0.166666667,0.882352941,-0.040166667,-0.008852941,0,0,0,1,0.566666667,-0.008852941,0,0,0.954545455,0.1316
"1771",0,401426363,"Arkansas State","South Alabama",0.3446,0,0,0.1932,0,0,0.5222,1,9,52,9,2022,1,0,"Sun Belt","Sun Belt",305,-410,1,1.909090909,0.954545455,0.1554,0.24691358,0.803921569,-0.05371358,0.002878431,0,1,1,1.243902439,0.62195122,0.002878431,0,0,0.954545455,0.0222
"1772",0,401415645,"BYU","East Carolina",0.6506,1,0,0.5198,1,0,0.3633,0,-3.5,64,9,2022,1,0,"FBS Independents","American Athletic",-150,130,0,0,0.954545455,0.1506,0.6,0.434782609,-0.0802,0.045417391,0,1,1,2.3,1.15,0.045417391,1,1.909090909,0.954545455,0.1367
"1773",1,401415246,"Boise State","Colorado State",0.5631,1,1,0.946,1,1,0.3787,0,-25,42.5,9,2022,1,0,"Mountain West","Mountain West",-8000,1450,1,1.909090909,0.954545455,0.0631,0.987654321,0.064516129,-0.041654321,-0.010516129,0,0,0,1,0.50625,-0.010516129,0,0,0.954545455,0.1213
"1774",0,401404024,"California","Oregon",0.4711,0,0,0.1183,0,1,0.4202,0,16.5,56.5,9,2022,1,0,"Pac-12","Pac-12",525,-800,1,1.909090909,0.954545455,0.0289,0.16,0.888888889,-0.0417,-0.007188889,0,0,0,1,0.5625,-0.007188889,0,0,0.954545455,0.0798
"1775",1,401416630,"Eastern Michigan","Toledo",0.4277,0,0,0.3721,0,0,0.373,0,4,54,9,2022,1,0,"Mid-American","Mid-American",265,-330,0,0,0.954545455,0.0723,0.273972603,0.76744186,0.098127397,-0.13954186,1,0,0,0,0.651515152,0.098127397,1,1.909090909,0.954545455,0.127
"1776",1,401426595,"Florida Atlantic","UAB",0.5107,1,1,0.4622,0,0,0.5298,1,4.5,45,9,2022,1,0,"Conference USA","Conference USA",200,-240,1,1.909090909,0.954545455,0.0107,0.333333333,0.705882353,0.128866667,-0.168082353,1,0,1,3,1.5,0.128866667,0,0,0.954545455,0.0298
"1777",1,401426594,"Florida International","Louisiana Tech",0.5934,1,1,0.4651,0,1,0.4277,0,6.5,57,9,2022,1,0,"Conference USA","Conference USA",200,-240,1,1.909090909,0.954545455,0.0934,0.333333333,0.705882353,0.131766667,-0.170982353,1,0,1,3,1.5,0.131766667,0,0,0.954545455,0.0723
"1778",1,401411147,"Florida State","Georgia Tech",0.5218,1,1,0.9133,1,1,0.5441,1,-23.5,48,9,2022,1,0,"ACC","ACC",-2800,1100,1,1.909090909,0.954545455,0.0218,0.965517241,0.083333333,-0.052217241,0.003366667,0,1,0,0,0.517857143,0.003366667,1,1.909090909,0.954545455,0.0441
"1779",0,401415248,"Fresno State","San Diego State",0.5485,1,1,0.6825,1,1,0.4689,0,-10.5,44.5,9,2022,1,0,"Mountain West","Mountain West",-390,295,0,0,0.954545455,0.0485,0.795918367,0.253164557,-0.113418367,0.064335443,0,1,0,0,0.628205128,0.064335443,0,0,0.954545455,0.0311
"1780",1,401426361,"Georgia State","Old Dominion",0.555,1,1,0.5657,1,0,0.498,0,-3.5,54,9,2022,1,0,"Sun Belt","Sun Belt",-180,155,1,1.909090909,0.954545455,0.055,0.642857143,0.392156863,-0.077157143,0.042143137,0,1,0,0,0.777777778,0.042143137,1,1.909090909,0.954545455,0.002
"1781",1,401415247,"Hawai'i","Wyoming",0.4576,0,0,0.2208,0,0,0.4033,0,11.5,50.5,9,2022,1,0,"Mountain West","Mountain West",325,-435,0,0,0.954545455,0.0424,0.235294118,0.813084112,-0.014494118,-0.033884112,0,0,0,1,0.614942529,-0.014494118,1,1.909090909,0.954545455,0.0967
"1782",0,401415643,"Houston","South Florida",0.6581,1,1,0.9357,1,1,0.4608,0,-17.5,59,9,2022,1,0,"American Athletic","American Athletic",-1100,650,0,0,0.954545455,0.1581,0.916666667,0.133333333,0.019033333,-0.069033333,1,0,1,1.090909091,0.545454545,0.019033333,0,0,0.954545455,0.0392
"1783",1,401405122,"Iowa","Northwestern",0.4209,0,1,0.7174,1,1,0.4631,0,-11.5,37.5,9,2022,1,0,"Big Ten","Big Ten",-430,320,0,0,0.954545455,0.0791,0.811320755,0.238095238,-0.093920755,0.044504762,0,1,0,0,0.61627907,0.044504762,0,0,0.954545455,0.0369
"1784",0,401404100,"Iowa State","Oklahoma",0.5085,1,0,0.4872,0,0,0.4861,0,1.5,58,9,2022,1,0,"Big 12","Big 12",NA,NA,0,0,0.954545455,0.0085,NA,NA,NA,NA,NA,NA,NA,NA,NA,NA,1,1.909090909,0.954545455,0.0139
"1785",1,401404102,"Kansas State","Oklahoma State",0.5391,1,1,0.6397,1,0,0.3965,0,-2.5,57.5,9,2022,1,0,"Big 12","Big 12",-130,110,1,1.909090909,0.954545455,0.0391,0.565217391,0.476190476,0.074482609,-0.115890476,1,0,1,1.769230769,0.884615385,0.074482609,1,1.909090909,0.954545455,0.1035
"1786",1,401411148,"Louisville","Wake Forest",0.5013,1,1,0.4951,0,1,0.4323,0,3,66,9,2022,1,0,"ACC","ACC",180,-220,1,1.909090909,0.954545455,0.0013,0.357142857,0.6875,0.137957143,-0.1826,1,0,1,2.8,1.4,0.137957143,0,0,0.954545455,0.0677
"1787",0,401409242,"Massachusetts","New Mexico State",0.4063,0,0,0.316,0,0,0.5248,1,1,39,9,2022,1,0,"FBS Independents","FBS Independents",125,-145,1,1.909090909,0.954545455,0.0937,0.444444444,0.591836735,-0.128444444,0.092163265,0,1,1,1.689655172,0.844827586,0.092163265,0,0,0.954545455,0.0248
"1788",0,401405125,"Michigan","Michigan State",0.4865,0,1,0.9042,1,0,0.4504,0,-22.5,55,9,2022,1,0,"Big Ten","Big Ten",-2500,1050,1,1.909090909,0.954545455,0.0135,0.961538462,0.086956522,-0.057338462,0.008843478,0,1,0,0,0.52,0.008843478,1,1.909090909,0.954545455,0.0496
"1789",1,401405123,"Minnesota","Rutgers",0.467,0,1,0.8685,1,0,0.5417,1,-14,40.5,9,2022,1,0,"Big Ten","Big Ten",-600,425,0,0,0.954545455,0.033,0.857142857,0.19047619,0.011357143,-0.05897619,1,0,1,1.166666667,0.583333333,0.011357143,0,0,0.954545455,0.0417
"1790",0,401411146,"NC State","Virginia Tech",0.6377,1,1,0.8409,1,1,0.5205,1,-13.5,39,9,2022,1,0,"ACC","ACC",-585,410,0,0,0.954545455,0.1377,0.854014599,0.196078431,-0.013114599,-0.036978431,0,0,0,1,0.585470085,-0.013114599,1,1.909090909,0.954545455,0.0205
"1791",0,401415646,"Navy","Temple",0.5316,1,1,0.8816,1,1,0.4598,0,-14.5,41.5,9,2022,1,0,"American Athletic","American Athletic",-600,425,0,0,0.954545455,0.0316,0.857142857,0.19047619,0.024457143,-0.07207619,1,0,1,1.166666667,0.583333333,0.024457143,0,0,0.954545455,0.0402
"1792",1,401411149,"North Carolina","Pittsburgh",0.4613,0,1,0.5146,1,1,0.3905,0,-2.5,65.5,9,2022,1,0,"ACC","ACC",-180,155,0,0,0.954545455,0.0387,0.642857143,0.392156863,-0.128257143,0.093243137,0,1,0,0,0.777777778,0.093243137,0,0,0.954545455,0.1095
"1793",0,401404028,"Arizona State","UCLA",0.3962,0,0,0.1222,0,1,0.5839,1,11,67,10,2022,1,0,"Pac-12","Pac-12",300,-400,1,1.909090909,0.954545455,0.1038,0.25,0.8,-0.1278,0.0778,0,1,1,1.25,0.625,0.0778,1,1.909090909,0.954545455,0.0839
"1794",0,401403932,"Arkansas","Liberty",0.3918,0,0,0.8636,1,0,0.5027,1,-14.5,61.5,10,2022,1,0,"SEC","FBS Independents",-625,430,1,1.909090909,0.954545455,0.1082,0.862068966,0.188679245,0.001531034,-0.052279245,1,0,0,0,2.65,0.001531034,0,0,0.954545455,0.0027
"1795",0,401415250,"Boise State","BYU",0.3697,0,0,0.7192,1,1,0.4191,0,-9.5,54.5,10,2022,1,0,"Mountain West","FBS Independents",-310,255,1,1.909090909,0.954545455,0.1303,0.756097561,0.281690141,-0.036897561,-0.000890141,0,0,0,1,1.775,-0.000890141,0,0,0.954545455,0.0809
"1796",1,401411151,"Boston College","Duke",0.4951,0,0,0.1894,0,1,0.5292,1,11.5,47.5,10,2022,1,0,"ACC","ACC",335,-450,0,0,0.954545455,0.0049,0.229885057,0.818181818,-0.040485057,-0.007581818,0,0,0,1,0.611111111,-0.007581818,1,1.909090909,0.954545455,0.0292
"1797",0,401416635,"Bowling Green","Western Michigan",0.5277,1,1,0.6768,1,0,0.5964,1,-5,48,10,2022,1,0,"Mid-American","Mid-American",-175,150,0,0,0.954545455,0.0277,0.636363636,0.4,0.040436364,-0.0768,1,0,1,1.571428571,0.785714286,0.040436364,0,0,0.954545455,0.0964
"1798",0,401426598,"Charlotte","Western Kentucky",0.5302,1,0,0.2404,0,0,0.4237,0,14.5,72.5,10,2022,1,0,"Conference USA","Conference USA",550,-850,0,0,0.954545455,0.0302,0.153846154,0.894736842,0.086553846,-0.135136842,1,0,0,0,0.558823529,0.086553846,1,1.909090909,0.954545455,0.0763
"1799",0,401415650,"Cincinnati","Navy",0.4816,0,1,0.8984,1,0,0.4224,0,-18.5,43.5,10,2022,1,0,"American Athletic","American Athletic",-1600,800,1,1.909090909,0.954545455,0.0184,0.941176471,0.111111111,-0.042776471,-0.009511111,0,0,0,1,0.53125,-0.009511111,1,1.909090909,0.954545455,0.0776
"1800",0,401404030,"Colorado","Oregon",0.378,0,0,0.0551,0,0,0.4067,0,31,62.5,10,2022,1,0,"Pac-12","Pac-12",NA,NA,1,1.909090909,0.954545455,0.122,NA,NA,NA,NA,NA,NA,NA,NA,NA,NA,1,1.909090909,0.954545455,0.0933
"1801",1,401415253,"Fresno State","Hawai'i",0.5401,1,1,0.9017,1,1,0.4545,0,-27.5,62,10,2022,1,0,"Mountain West","Mountain West",-2500,1050,1,1.909090909,0.954545455,0.0401,0.961538462,0.086956522,-0.059838462,0.011343478,0,1,0,0,0.52,0.011343478,0,0,0.954545455,0.0455
"1802",1,401403933,"Georgia","Tennessee",0.4645,0,1,0.7195,1,0,0.4468,0,-10,65.5,10,2022,1,0,"SEC","SEC",-310,255,0,0,0.954545455,0.0355,0.756097561,0.281690141,-0.036597561,-0.001190141,0,0,0,1,0.661290323,-0.001190141,1,1.909090909,0.954545455,0.0532
"1803",0,401426365,"Georgia Southern","South Alabama",0.4079,0,0,0.4235,0,1,0.5246,1,3.5,60.5,10,2022,1,0,"Sun Belt","Sun Belt",170,-200,1,1.909090909,0.954545455,0.0921,0.37037037,0.666666667,0.05312963,-0.090166667,1,0,0,0,0.75,0.05312963,1,1.909090909,0.954545455,0.0246
"1804",0,401405127,"Illinois","Michigan State",0.6256,1,0,0.9231,1,0,0.4714,0,-16,41,10,2022,1,0,"Big Ten","Big Ten",-800,525,0,0,0.954545455,0.1256,0.888888889,0.16,0.034211111,-0.0831,1,0,0,0,3.125,0.034211111,1,1.909090909,0.954545455,0.0286
"1805",0,401405132,"Indiana","Penn State",0.5058,1,0,0.1929,0,1,0.4982,0,13.5,50,10,2022,1,0,"Big Ten","Big Ten",375,-525,0,0,0.954545455,0.0058,0.210526316,0.84,-0.017626316,-0.0329,0,0,0,1,0.595238095,-0.017626316,0,0,0.954545455,0.0018
"1806",1,401404105,"Iowa State","West Virginia",0.4866,0,1,0.6541,1,0,0.3992,0,-6.5,49.5,10,2022,1,0,"Big 12","Big 12",-250,210,0,0,0.954545455,0.0134,0.714285714,0.322580645,-0.060185714,0.023319355,0,1,0,0,0.7,0.023319355,1,1.909090909,0.954545455,0.1008
"1807",1,401404106,"Kansas","Oklahoma State",0.4494,0,1,0.5369,1,0,0.3796,0,-3,60.5,10,2022,1,0,"Big 12","Big 12",150,-175,0,0,0.954545455,0.0506,0.4,0.636363636,0.1369,-0.173263636,1,0,1,2.5,1.25,0.1369,1,1.909090909,0.954545455,0.1204
"1808",0,401404107,"Kansas State","Texas",0.4629,0,0,0.581,1,1,0.4366,0,3,54.5,10,2022,1,0,"Big 12","Big 12",125,-145,1,1.909090909,0.954545455,0.0371,0.444444444,0.591836735,0.136555556,-0.172836735,1,0,0,0,0.844827586,0.136555556,0,0,0.954545455,0.0634
"1809",0,401426367,"Louisiana","Troy",0.5203,1,0,0.4616,0,0,0.4629,0,3.5,42.5,10,2022,1,0,"Sun Belt","Sun Belt",155,-180,0,0,0.954545455,0.0203,0.392156863,0.642857143,0.069443137,-0.104457143,1,0,0,0,0.777777778,0.069443137,1,1.909090909,0.954545455,0.0371
"1810",1,401426600,"Louisiana Tech","Middle Tennessee",0.3415,0,1,0.3138,0,1,0.4914,0,2.5,63.5,10,2022,1,0,"Conference USA","Conference USA",110,-130,0,0,0.954545455,0.1585,0.476190476,0.565217391,-0.162390476,0.120982609,0,1,0,0,1.05,0.120982609,0,0,0.954545455,0.0086
"1811",0,401415651,"Memphis","UCF",0.5163,1,0,0.5489,1,1,0.4291,0,3,60.5,10,2022,1,0,"American Athletic","American Athletic",180,-220,0,0,0.954545455,0.0163,0.357142857,0.6875,0.191757143,-0.2364,1,0,0,0,0.727272727,0.191757143,0,0,0.954545455,0.0709
"1812",1,401411154,"NC State","Wake Forest",0.437,0,1,0.4381,0,0,0.4348,0,3,54,10,2022,1,0,"ACC","ACC",150,-175,0,0,0.954545455,0.063,0.4,0.636363636,0.0381,-0.074463636,1,0,1,2.5,1.25,0.0381,1,1.909090909,0.954545455,0.0652
"1813",1,401405129,"Northwestern","Ohio State",0.5228,1,0,0.0896,0,0,0.4787,0,37.5,55.5,10,2022,1,0,"Big Ten","Big Ten",NA,NA,1,1.909090909,0.954545455,0.0228,NA,NA,NA,NA,NA,NA,NA,NA,NA,NA,1,1.909090909,0.954545455,0.0213
"1814",1,401411155,"Pittsburgh","Syracuse",0.5586,1,1,0.7208,1,0,0.5219,1,-3.5,47.5,10,2022,1,0,"ACC","ACC",-175,150,1,1.909090909,0.954545455,0.0586,0.636363636,0.4,0.084436364,-0.1208,1,0,1,1.571428571,0.785714286,0.084436364,0,0,0.954545455,0.0219
"1815",1,401426601,"Rice","UTEP",0.4359,0,1,0.5452,1,1,0.5587,1,-3.5,47,10,2022,1,0,"Conference USA","Conference USA",-175,150,0,0,0.954545455,0.0641,0.636363636,0.4,-0.091163636,0.0548,0,1,0,0,0.785714286,0.0548,1,1.909090909,0.954545455,0.0587
"1816",0,401415254,"San Diego State","UNLV",0.6786,1,1,0.7475,1,0,0.4772,0,-5,47,10,2022,1,0,"Mountain West","Mountain West",-250,210,0,0,0.954545455,0.1786,0.714285714,0.322580645,0.033214286,-0.070080645,1,0,1,1.4,0.7,0.033214286,1,1.909090909,0.954545455,0.0228
"1817",0,401404032,"Stanford","Washington State",0.4116,0,0,0.3483,0,1,0.506,1,3,48.5,10,2022,1,0,"Pac-12","Pac-12",170,NA,1,1.909090909,0.954545455,0.0884,0.37037037,NA,-0.02207037,NA,0,NA,NA,NA,NA,NA,1,1.909090909,0.954545455,0.006
"1818",1,401404108,"TCU","Texas Tech",0.4764,0,1,0.7258,1,0,0.4164,0,-8.5,69,10,2022,1,0,"Big 12","Big 12",-400,300,0,0,0.954545455,0.0236,0.8,0.25,-0.0742,0.0242,0,1,0,0,0.625,0.0242,1,1.909090909,0.954545455,0.0836
"1819",0,401426602,"UAB","UTSA",0.4505,0,0,0.5047,1,1,0.4285,0,2.5,53.5,10,2022,1,0,"Conference USA","Conference USA",105,-125,1,1.909090909,0.954545455,0.0495,0.487804878,0.555555556,0.016895122,-0.060255556,1,0,0,0,0.9,0.016895122,0,0,0.954545455,0.0715
"1820",1,401415256,"Air Force","New Mexico",0.5543,1,1,0.9063,1,1,0.4119,0,-21,37,11,2022,1,0,"Mountain West","Mountain West",-2800,1100,1,1.909090909,0.954545455,0.0543,0.965517241,0.083333333,-0.059217241,0.010366667,0,1,0,0,0.517857143,0.010366667,0,0,0.954545455,0.0881
"1821",1,401416637,"Akron","Eastern Michigan",0.4127,0,0,0.236,0,1,0.5952,1,6.5,57.5,11,2022,1,0,"Mid-American","Mid-American",265,-330,0,0,0.954545455,0.0873,0.273972603,0.76744186,-0.037972603,-0.00344186,0,0,0,1,0.651515152,-0.00344186,1,1.909090909,0.954545455,0.0952
"1822",1,401403939,"Arkansas","LSU",0.5264,1,0,0.4559,0,0,0.436,0,3.5,59,11,2022,1,0,"SEC","SEC",180,-220,1,1.909090909,0.954545455,0.0264,0.357142857,0.6875,0.098757143,-0.1434,1,0,0,0,0.727272727,0.098757143,1,1.909090909,0.954545455,0.064
"1823",0,401414784,"Arkansas State","Massachusetts",0.4528,0,1,0.9041,1,1,0.6708,1,-17.5,49.5,11,2022,1,0,"Sun Belt","FBS Independents",-1200,700,1,1.909090909,0.954545455,0.0472,0.923076923,0.125,-0.018976923,-0.0291,0,0,0,1,0.541666667,-0.018976923,1,1.909090909,0.954545455,0.1708
"1824",1,401403940,"Auburn","Texas A&M",0.4741,0,1,0.5104,1,0,0.5797,1,-1.5,48.5,11,2022,1,0,"SEC","SEC",-125,105,0,0,0.954545455,0.0259,0.555555556,0.487804878,-0.045155556,0.001795122,0,1,0,0,0.9,0.001795122,0,0,0.954545455,0.0797
"1825",0,401404109,"Baylor","Kansas State",0.5439,1,0,0.5546,1,0,0.4451,0,-2.5,52.5,11,2022,1,0,"Big 12","Big 12",-140,120,0,0,0.954545455,0.0439,0.583333333,0.454545455,-0.028733333,-0.009145455,0,0,0,1,1.1,-0.009145455,1,1.909090909,0.954545455,0.0549
"1826",0,401416641,"Bowling Green","Kent State",0.6003,1,0,0.6676,1,0,0.4253,0,2.5,55.5,11,2022,1,0,"Mid-American","Mid-American",115,-135,0,0,0.954545455,0.1003,0.465116279,0.574468085,0.202483721,-0.242068085,1,0,0,0,0.87037037,0.202483721,1,1.909090909,0.954545455,0.0747
"1827",0,401415654,"Cincinnati","East Carolina",0.5588,1,1,0.5709,1,1,0.4052,0,-4.5,51.5,11,2022,1,0,"American Athletic","American Athletic",-250,210,0,0,0.954545455,0.0588,0.714285714,0.322580645,-0.143385714,0.106519355,0,1,0,0,0.7,0.106519355,0,0,0.954545455,0.0948
"1828",1,401411158,"Clemson","Louisville",0.4847,0,1,0.7429,1,0,0.3691,0,-7,52,11,2022,1,0,"ACC","ACC",-290,240,0,0,0.954545455,0.0153,0.743589744,0.294117647,-0.000689744,-0.037017647,0,0,0,1,0.672413793,-0.000689744,1,1.909090909,0.954545455,0.1309
"1829",0,401426371,"Coastal Carolina","Southern Miss",0.4859,0,1,0.6697,1,1,0.3899,0,-5,48,11,2022,1,0,"Sun Belt","Sun Belt",-220,180,1,1.909090909,0.954545455,0.0141,0.6875,0.357142857,-0.0178,-0.026842857,0,0,0,1,0.727272727,-0.0178,0,0,0.954545455,0.1101
"1830",1,401415258,"Colorado State","Wyoming",0.4493,0,0,0.2197,0,0,0.4043,0,8.5,42.5,11,2022,1,0,"Mountain West","Mountain West",265,-330,0,0,0.954545455,0.0507,0.273972603,0.76744186,-0.054272603,0.01285814,0,1,1,1.303030303,0.651515152,0.01285814,1,1.909090909,0.954545455,0.0957
"1831",1,401411159,"Duke","Virginia Tech",0.5123,1,1,0.7495,1,0,0.324,0,-10,49.5,11,2022,1,0,"ACC","ACC",-400,300,1,1.909090909,0.954545455,0.0123,0.8,0.25,-0.0505,5e-04,0,1,0,0,0.625,5e-04,1,1.909090909,0.954545455,0.176
"1832",1,401403941,"Florida","South Carolina",0.4287,0,1,0.6508,1,0,0.4793,0,-8,58,11,2022,1,0,"SEC","SEC",-330,265,0,0,0.954545455,0.0713,0.76744186,0.273972603,-0.11664186,0.075227397,0,1,0,0,0.651515152,0.075227397,1,1.909090909,0.954545455,0.0207
"1833",0,401426372,"Georgia State","UL Monroe",0.5516,1,0,0.8259,1,0,0.6032,1,-13.5,59.5,11,2022,1,0,"Sun Belt","Sun Belt",-550,390,0,0,0.954545455,0.0516,0.846153846,0.204081633,-0.020253846,-0.029981633,0,0,0,1,2.45,-0.020253846,0,0,0.954545455,0.1032
"1834",0,401411160,"Georgia Tech","Miami",0.6024,1,0,0.5197,1,1,0.473,0,-2,43.5,11,2022,1,0,"ACC","ACC",-140,120,0,0,0.954545455,0.1024,0.583333333,0.454545455,-0.063633333,0.025754545,0,1,1,2.2,1.1,0.025754545,0,0,0.954545455,0.027
"1835",1,401415257,"Hawai'i","Utah State",0.4651,0,0,0.2131,0,1,0.4685,0,10.5,55,11,2022,1,0,"Mountain West","Mountain West",320,-430,0,0,0.954545455,0.0349,0.238095238,0.811320755,-0.024995238,-0.024420755,0,0,0,1,0.61627907,-0.024420755,0,0,0.954545455,0.0315
"1836",0,401415655,"Houston","Temple",0.508,1,1,0.9295,1,1,0.5921,1,-20,56,11,2022,1,0,"American Athletic","American Athletic",-1400,750,0,0,0.954545455,0.008,0.933333333,0.117647059,-0.003833333,-0.047147059,0,0,0,1,0.535714286,-0.003833333,1,1.909090909,0.954545455,0.0921
"1837",0,401405134,"Illinois","Purdue",0.5241,1,0,0.704,1,1,0.4553,0,-6,44,11,2022,1,0,"Big Ten","Big Ten",-260,215,0,0,0.954545455,0.0241,0.722222222,0.317460317,-0.018222222,-0.021460317,0,0,0,1,1.575,-0.018222222,0,0,0.954545455,0.0447
"1838",1,401405135,"Iowa","Wisconsin",0.4977,0,1,0.5723,1,0,0.5161,1,1.5,35.5,11,2022,1,0,"Big Ten","Big Ten",-115,-105,0,0,0.954545455,0.0023,0.534883721,0.512195122,0.037416279,-0.084495122,1,0,1,1.869565217,0.934782609,0.037416279,0,0,0.954545455,0.0161
"1839",0,401403942,"Kentucky","Vanderbilt",0.428,0,0,0.8767,1,0,0.4719,0,-17,45.5,11,2022,1,0,"SEC","SEC",-1100,650,1,1.909090909,0.954545455,0.072,0.916666667,0.133333333,-0.039966667,-0.010033333,0,0,0,1,3.75,-0.010033333,1,1.909090909,0.954545455,0.0281
"1840",1,401415653,"Memphis","Tulsa",0.5976,1,1,0.8183,1,0,0.455,0,-6.5,62.5,11,2022,1,0,"American Athletic","American Athletic",-245,205,1,1.909090909,0.954545455,0.0976,0.710144928,0.327868852,0.108155072,-0.146168852,1,0,1,1.408163265,0.704081633,0.108155072,1,1.909090909,0.954545455,0.045
"1841",0,401416638,"Miami (OH)","Ohio",0.463,0,0,0.4583,0,1,0.496,0,2.5,52,11,2022,1,0,"Mid-American","Mid-American",105,-125,1,1.909090909,0.954545455,0.037,0.487804878,0.555555556,-0.029504878,-0.013855556,0,0,0,1,0.9,-0.013855556,0,0,0.954545455,0.004
"1842",1,401405137,"Michigan","Nebraska",0.4057,0,1,0.8934,1,0,0.4105,0,-30.5,49.5,11,2022,1,0,"Big Ten","Big Ten",NA,NA,0,0,0.954545455,0.0943,NA,NA,NA,NA,NA,NA,NA,NA,NA,NA,1,1.909090909,0.954545455,0.0895
"1843",0,401405138,"Michigan State","Rutgers",0.4859,0,1,0.8338,1,1,0.5928,1,-10,41,11,2022,1,0,"Big Ten","Big Ten",-450,335,1,1.909090909,0.954545455,0.0141,0.818181818,0.229885057,0.015618182,-0.063685057,1,0,1,1.222222222,0.611111111,0.015618182,1,1.909090909,0.954545455,0.0928
"1844",1,401405136,"Minnesota","Northwestern",0.3994,0,1,0.9085,1,0,0.598,1,-17,41,11,2022,1,0,"Big Ten","Big Ten",-1000,625,0,0,0.954545455,0.1006,0.909090909,0.137931034,-0.000590909,-0.046431034,0,0,0,1,0.55,-0.000590909,0,0,0.954545455,0.098
"1845",0,401404037,"Oregon","Washington",0.5764,1,0,0.8594,1,0,0.4156,0,-12,74,11,2022,1,0,"Pac-12","Pac-12",-500,360,0,0,0.954545455,0.0764,0.833333333,0.217391304,0.026066667,-0.076791304,1,0,0,0,2.3,0.026066667,1,1.909090909,0.954545455,0.0844
"1846",1,401415260,"San Diego State","San José State",0.6085,1,1,0.5759,1,1,0.3925,0,2,41.5,11,2022,1,0,"Mountain West","Mountain West",NA,NA,1,1.909090909,0.954545455,0.1085,NA,NA,NA,NA,NA,NA,NA,NA,NA,NA,0,0,0.954545455,0.1075
"1847",1,401426375,"South Alabama","Texas State",0.5527,1,1,0.8957,1,1,0.5089,1,-16.5,46,11,2022,1,0,"Sun Belt","Sun Belt",-850,550,1,1.909090909,0.954545455,0.0527,0.894736842,0.153846154,0.000963158,-0.049546154,1,0,1,1.117647059,0.558823529,0.000963158,1,1.909090909,0.954545455,0.0089
"1848",0,401415657,"Tulane","UCF",0.4607,0,0,0.5227,1,1,0.5064,1,-1,54.5,11,2022,1,0,"American Athletic","American Athletic",-125,105,1,1.909090909,0.954545455,0.0393,0.555555556,0.487804878,-0.032855556,-0.010504878,0,0,0,1,1.025,-0.010504878,1,1.909090909,0.954545455,0.0064
"1849",0,401415262,"Air Force","Colorado State",0.5604,1,1,0.9039,1,0,0.6132,1,-21.5,43,12,2022,1,0,"Mountain West","Mountain West",-2200,1000,0,0,0.954545455,0.0604,0.956521739,0.090909091,-0.052621739,0.005190909,0,1,0,0,0.522727273,0.005190909,0,0,0.954545455,0.1132
"1850",0,401426376,"App State","Old Dominion",0.4265,0,1,0.815,1,0,0.5315,1,-16,50.5,12,2022,1,0,"Sun Belt","Sun Belt",-750,500,1,1.909090909,0.954545455,0.0735,0.882352941,0.166666667,-0.067352941,0.018333333,0,1,0,0,0.566666667,0.018333333,0,0,0.954545455,0.0315
"1851",0,401404039,"Arizona","Washington State",0.3708,0,0,0.3206,0,0,0.5445,1,4,63,12,2022,1,0,"Pac-12","Pac-12",155,-180,1,1.909090909,0.954545455,0.1292,0.392156863,0.642857143,-0.071556863,0.036542857,0,1,1,1.555555556,0.777777778,0.036542857,0,0,0.954545455,0.0445
"1852",0,401404040,"Arizona State","Oregon State",0.3949,0,0,0.1923,0,0,0.5324,1,7.5,53.5,12,2022,1,0,"Pac-12","Pac-12",255,-310,1,1.909090909,0.954545455,0.1051,0.281690141,0.756097561,-0.089390141,0.051602439,0,1,1,1.322580645,0.661290323,0.051602439,0,0,0.954545455,0.0324
"1853",1,401403947,"Arkansas","Ole Miss",0.4664,0,1,0.5419,1,1,0.5914,1,1,68,12,2022,1,0,"SEC","SEC",135,NA,0,0,0.954545455,0.0336,0.425531915,NA,0.116368085,NA,NA,NA,NA,NA,1.175,NA,1,1.909090909,0.954545455,0.0914
"1854",1,401404143,"Army","UConn",0.4271,0,1,0.5863,1,1,0.4544,0,-10.5,45,12,2022,1,0,"FBS Independents","FBS Independents",-380,290,0,0,0.954545455,0.0729,0.791666667,0.256410256,-0.205366667,0.157289744,0,1,0,0,0.631578947,0.157289744,0,0,0.954545455,0.0456
"1855",1,401426613,"Auburn","Western Kentucky",0.4613,0,1,0.358,0,1,0.5909,1,-5,54,12,2022,1,0,"SEC","Conference USA",-270,220,0,0,0.954545455,0.0387,0.72972973,0.3125,-0.37172973,0.3295,0,1,0,0,0.685185185,0.3295,1,1.909090909,0.954545455,0.0909
"1856",0,401416643,"Ball State","Ohio",0.5235,1,0,0.3355,0,0,0.4353,0,3.5,57.5,12,2022,1,0,"Mid-American","Mid-American",170,-200,0,0,0.954545455,0.0235,0.37037037,0.666666667,-0.03487037,-0.002166667,0,0,0,1,0.75,-0.002166667,1,1.909090909,0.954545455,0.0647
"1857",1,401404114,"Baylor","TCU",0.5135,1,0,0.4361,0,0,0.4124,0,2,58,12,2022,1,0,"Big 12","Big 12",115,-135,1,1.909090909,0.954545455,0.0135,0.465116279,0.574468085,-0.029016279,-0.010568085,0,0,0,1,0.87037037,-0.010568085,1,1.909090909,0.954545455,0.0876
"1858",1,401404041,"California","Stanford",0.4821,0,1,0.6036,1,1,0.5017,1,-5,46,12,2022,1,0,"Pac-12","Pac-12",-220,180,0,0,0.954545455,0.0179,0.6875,0.357142857,-0.0839,0.039257143,0,1,0,0,0.727272727,0.039257143,1,1.909090909,0.954545455,0.0017
"1859",0,401416645,"Central Michigan","Western Michigan",0.4509,0,0,0.6548,1,0,0.542,1,-10,48.5,12,2022,1,0,"Mid-American","Mid-American",-380,290,1,1.909090909,0.954545455,0.0491,0.791666667,0.256410256,-0.136866667,0.088789744,0,1,1,3.9,1.95,0.088789744,0,0,0.954545455,0.042
"1860",1,401426608,"Charlotte","Louisiana Tech",0.5156,1,1,0.5385,1,0,0.4424,0,2,66.5,12,2022,1,0,"Conference USA","Conference USA",135,-160,1,1.909090909,0.954545455,0.0156,0.425531915,0.615384615,0.112968085,-0.153884615,1,0,1,2.35,1.175,0.112968085,1,1.909090909,0.954545455,0.0576
"1861",1,401411165,"Clemson","Miami",0.5309,1,1,0.9197,1,1,0.4763,0,-19,47.5,12,2022,1,0,"ACC","ACC",-1100,650,1,1.909090909,0.954545455,0.0309,0.916666667,0.133333333,0.003033333,-0.053033333,1,0,1,1.090909091,0.545454545,0.003033333,0,0,0.954545455,0.0237
"1862",0,401415660,"East Carolina","Houston",0.544,1,0,0.7088,1,0,0.4283,0,-6,66.5,12,2022,1,0,"American Athletic","American Athletic",-230,190,0,0,0.954545455,0.044,0.696969697,0.344827586,0.011830303,-0.053627586,1,0,0,0,1.45,0.011830303,1,1.909090909,0.954545455,0.0717
"1863",1,401411166,"Florida State","Louisiana",0.5606,1,1,0.9324,1,1,0.5281,1,-25,52.5,12,2022,1,0,"ACC","Sun Belt",-2800,1100,1,1.909090909,0.954545455,0.0606,0.965517241,0.083333333,-0.033117241,-0.015733333,0,0,0,1,0.517857143,-0.015733333,1,1.909090909,0.954545455,0.0281
"1864",0,401426377,"Georgia Southern","Marshall",0.5904,1,0,0.4645,0,0,0.5164,1,6,52.5,12,2022,1,0,"Sun Belt","Sun Belt",150,-175,0,0,0.954545455,0.0904,0.4,0.636363636,0.0645,-0.100863636,1,0,0,0,0.785714286,0.0645,0,0,0.954545455,0.0164
"1865",1,401415266,"Hawai'i","UNLV",0.5428,1,1,0.3823,0,0,0.3821,0,11,56.5,12,2022,1,0,"Mountain West","Mountain West",300,-400,1,1.909090909,0.954545455,0.0428,0.25,0.8,0.1323,-0.1823,1,0,1,4,2,0.1323,1,1.909090909,0.954545455,0.1179
"1866",0,401404115,"Iowa State","Texas Tech",0.4329,0,0,0.4208,0,0,0.5395,1,-3.5,47.5,12,2022,1,0,"Big 12","Big 12",-170,145,1,1.909090909,0.954545455,0.0671,0.62962963,0.408163265,-0.20882963,0.171036735,0,1,1,2.45,1.225,0.171036735,0,0,0.954545455,0.0395
"1867",0,401404116,"Kansas","Texas",0.5656,1,0,0.2906,0,1,0.5303,1,9,63.5,12,2022,1,0,"Big 12","Big 12",275,-350,0,0,0.954545455,0.0656,0.266666667,0.777777778,0.023933333,-0.068377778,1,0,0,0,0.642857143,0.023933333,1,1.909090909,0.954545455,0.0303
"1868",1,401426612,"LSU","UAB",0.4419,0,1,0.8393,1,1,0.4761,0,-15,50.5,12,2022,1,0,"SEC","Conference USA",-650,450,0,0,0.954545455,0.0581,0.866666667,0.181818182,-0.027366667,-0.021118182,0,0,0,1,0.576923077,-0.021118182,0,0,0.954545455,0.0239
"1869",0,401404165,"Liberty","Virginia Tech",0.6999,1,0,0.8691,1,0,0.4814,0,-10.5,46.5,12,2022,1,0,"FBS Independents","ACC",-360,280,0,0,0.954545455,0.1999,0.782608696,0.263157895,0.086491304,-0.132257895,1,0,0,0,1.9,0.086491304,1,1.909090909,0.954545455,0.0186
"1870",1,401411167,"Louisville","NC State",0.4383,0,1,0.5304,1,0,0.4631,0,-4,43,12,2022,1,0,"ACC","ACC",-150,130,0,0,0.954545455,0.0617,0.6,0.434782609,-0.0696,0.034817391,0,1,0,0,0.833333333,0.034817391,1,1.909090909,0.954545455,0.0369
"1871",1,401405144,"Maryland","Ohio State",0.5418,1,0,0.1063,0,1,0.4387,0,26,62.5,12,2022,1,0,"Big Ten","Big Ten",1325,-6000,1,1.909090909,0.954545455,0.0418,0.070175439,0.983606557,0.036124561,-0.089906557,1,0,0,0,0.508333333,0.036124561,0,0,0.954545455,0.0613
"1872",1,401403952,"Missouri","New Mexico State",0.4661,0,1,0.8915,1,1,0.2827,0,-29,46.5,12,2022,1,0,"SEC","FBS Independents",NA,NA,0,0,0.954545455,0.0339,NA,NA,NA,NA,NA,NA,NA,NA,NA,NA,0,0,0.954545455,0.2173
"1873",1,401405142,"Nebraska","Wisconsin",0.6092,1,0,0.4492,0,0,0.4702,0,10,40.5,12,2022,1,0,"Big Ten","Big Ten",300,-400,1,1.909090909,0.954545455,0.1092,0.25,0.8,0.1992,-0.2492,1,0,0,0,0.625,0.1992,1,1.909090909,0.954545455,0.0298
"1874",0,401415264,"New Mexico","San Diego State",0.3513,0,0,0.1108,0,1,0.3884,0,14.5,36,12,2022,1,0,"Mountain West","Mountain West",430,-625,1,1.909090909,0.954545455,0.1487,0.188679245,0.862068966,-0.077879245,0.027131034,0,1,1,1.16,0.58,0.027131034,0,0,0.954545455,0.1116
"1875",1,401404118,"Oklahoma","Oklahoma State",0.5489,1,1,0.6489,1,0,0.502,1,-7,67.5,12,2022,1,0,"Big 12","Big 12",-270,220,1,1.909090909,0.954545455,0.0489,0.72972973,0.3125,-0.08082973,0.0386,0,1,0,0,0.685185185,0.0386,0,0,0.954545455,0.002
"1876",1,401404043,"Oregon","Utah",0.5109,1,1,0.4643,0,0,0.4093,0,-1,61.5,12,2022,1,0,"Pac-12","Pac-12",-115,-105,1,1.909090909,0.954545455,0.0109,0.534883721,0.512195122,-0.070583721,0.023504878,0,1,0,0,0.934782609,0.023504878,1,1.909090909,0.954545455,0.0907
"1877",0,401426611,"Rice","UTSA",0.4544,0,0,0.1311,0,0,0.3634,0,14,56,12,2022,1,0,"Conference USA","Conference USA",360,-500,1,1.909090909,0.954545455,0.0456,0.217391304,0.833333333,-0.086291304,0.035566667,0,1,1,1.2,0.6,0.035566667,1,1.909090909,0.954545455,0.1366
"1878",1,401403953,"South Carolina","Tennessee",0.4675,0,1,0.089,0,1,0.5544,1,22.5,67,12,2022,1,0,"SEC","SEC",950,-2000,0,0,0.954545455,0.0325,0.095238095,0.952380952,-0.006238095,-0.041380952,0,0,0,1,5.25,-0.006238095,1,1.909090909,0.954545455,0.0544
"1879",1,401426381,"Troy","UL Monroe",0.6599,1,1,0.9206,1,1,0.545,1,-15,48.5,12,2022,1,0,"Sun Belt","Sun Belt",-750,500,1,1.909090909,0.954545455,0.1599,0.882352941,0.166666667,0.038247059,-0.087266667,1,0,1,1.133333333,0.566666667,0.038247059,1,1.909090909,0.954545455,0.045
"1880",0,401404044,"UCLA","USC",0.5569,1,0,0.5151,1,1,0.436,0,2.5,77.5,12,2022,1,0,"Pac-12","Pac-12",135,-160,0,0,0.954545455,0.0569,0.425531915,0.615384615,0.089568085,-0.130484615,1,0,0,0,0.8125,0.089568085,0,0,0.954545455,0.064
"1881",1,401403957,"Alabama","Auburn",0.6065,1,1,0.9508,1,1,0.5476,1,-22,51,13,2022,1,0,"SEC","SEC",-2200,1000,1,1.909090909,0.954545455,0.1065,0.956521739,0.090909091,-0.005721739,-0.041709091,0,0,0,1,0.522727273,-0.005721739,1,1.909090909,0.954545455,0.0476
"1882",0,401404045,"Arizona","Arizona State",0.4444,0,1,0.5664,1,1,0.629,1,-4,66.5,13,2022,1,0,"Pac-12","Pac-12",-195,165,1,1.909090909,0.954545455,0.0556,0.661016949,0.377358491,-0.094616949,0.056241509,0,1,0,0,0.756410256,0.056241509,1,1.909090909,0.954545455,0.129
"1883",0,401426384,"Arkansas State","Troy",0.4213,0,0,0.2176,0,1,0.5322,1,13.5,44,13,2022,1,0,"Sun Belt","Sun Belt",400,-575,1,1.909090909,0.954545455,0.0787,0.2,0.851851852,0.0176,-0.069451852,1,0,0,0,0.586956522,0.0176,1,1.909090909,0.954545455,0.0322
"1884",1,401415269,"Boise State","Utah State",0.5207,1,1,0.8407,1,1,0.3682,0,-16.5,52,13,2022,1,0,"Mountain West","Mountain West",-800,525,1,1.909090909,0.954545455,0.0207,0.888888889,0.16,-0.048188889,-7e-04,0,0,0,1,0.5625,-7e-04,0,0,0.954545455,0.1318
"1885",1,401411173,"Boston College","Syracuse",0.524,1,0,0.2053,0,1,0.6212,1,10.5,47,13,2022,1,0,"ACC","ACC",300,-400,1,1.909090909,0.954545455,0.024,0.25,0.8,-0.0447,-0.0053,0,0,0,1,0.625,-0.0053,1,1.909090909,0.954545455,0.1212
"1886",0,401416653,"Buffalo","Kent State",0.4574,0,0,0.616,1,1,0.4775,0,-4.5,51,13,2022,1,0,"Mid-American","Mid-American",-175,150,1,1.909090909,0.954545455,0.0426,0.636363636,0.4,-0.020363636,-0.016,0,0,0,1,1.25,-0.016,0,0,0.954545455,0.0225
"1887",1,401404046,"California","UCLA",0.4727,0,0,0.1521,0,1,0.4819,0,11.5,62.5,13,2022,1,0,"Pac-12","Pac-12",280,-360,0,0,0.954545455,0.0273,0.263157895,0.782608696,-0.111057895,0.065291304,0,1,1,1.277777778,0.638888889,0.065291304,0,0,0.954545455,0.0181
"1888",0,401415665,"Cincinnati","Tulane",0.6113,1,0,0.5954,1,1,0.4986,0,1,44,13,2022,1,0,"American Athletic","American Athletic",-105,-115,0,0,0.954545455,0.1113,0.512195122,0.534883721,0.083204878,-0.130283721,1,0,0,0,0.934782609,0.083204878,0,0,0.954545455,0.0014
"1889",0,401403962,"Clemson","South Carolina",0.5444,1,0,0.9151,1,1,0.5447,1,-14,53,13,2022,1,0,"ACC","SEC",-625,430,0,0,0.954545455,0.0444,0.862068966,0.188679245,0.053031034,-0.103779245,1,0,0,0,2.65,0.053031034,1,1.909090909,0.954545455,0.0447
"1890",0,401404048,"Colorado","Utah",0.395,0,0,0.0724,0,1,0.3953,0,29.5,52,13,2022,1,0,"Pac-12","Pac-12",NA,NA,1,1.909090909,0.954545455,0.105,NA,NA,NA,NA,NA,NA,NA,NA,NA,NA,0,0,0.954545455,0.1047
"1891",1,401415268,"Colorado State","New Mexico",0.5535,1,1,0.6392,1,0,0.6219,1,-7,36,13,2022,1,0,"Mountain West","Mountain West",-290,240,1,1.909090909,0.954545455,0.0535,0.743589744,0.294117647,-0.104389744,0.066682353,0,1,0,0,0.672413793,0.066682353,0,0,0.954545455,0.1219
"1892",1,401411174,"Duke","Wake Forest",0.4906,0,1,0.3364,0,0,0.34,0,3,67.5,13,2022,1,0,"ACC","ACC",150,-175,0,0,0.954545455,0.0094,0.4,0.636363636,-0.0636,0.027236364,0,1,0,0,1.25,0.027236364,1,1.909090909,0.954545455,0.16
"1893",1,401426615,"Florida Atlantic","Western Kentucky",0.4353,0,0,0.2043,0,1,0.4532,0,7.5,62,13,2022,1,0,"Conference USA","Conference USA",230,-280,0,0,0.954545455,0.0647,0.303030303,0.736842105,-0.098730303,0.058857895,0,1,1,1.357142857,0.678571429,0.058857895,0,0,0.954545455,0.0468
"1894",1,401426614,"Florida International","Middle Tennessee",0.4317,0,0,0.0802,0,1,0.5625,1,19.5,54.5,13,2022,1,0,"Conference USA","Conference USA",725,-1300,0,0,0.954545455,0.0683,0.121212121,0.928571429,-0.041012121,-0.008771429,0,0,0,1,0.538461538,-0.008771429,1,1.909090909,0.954545455,0.0625
"1895",1,401415270,"Fresno State","Wyoming",0.4826,0,1,0.807,1,0,0.4842,0,-14,50.5,13,2022,1,0,"Mountain West","Mountain West",-625,430,0,0,0.954545455,0.0174,0.862068966,0.188679245,-0.055068966,0.004320755,0,1,0,0,0.58,0.004320755,1,1.909090909,0.954545455,0.0158
"1896",0,401403959,"Georgia","Georgia Tech",0.433,0,1,0.9484,1,1,0.5272,1,-36.5,49,13,2022,1,0,"SEC","ACC",NA,NA,1,1.909090909,0.954545455,0.067,NA,NA,NA,NA,NA,NA,NA,NA,NA,NA,1,1.909090909,0.954545455,0.0272
"1897",0,401415668,"Houston","Tulsa",0.5034,1,0,0.8035,1,0,0.4479,0,-13,67,13,2022,1,0,"American Athletic","American Athletic",-500,360,0,0,0.954545455,0.0034,0.833333333,0.217391304,-0.029833333,-0.020891304,0,0,0,1,2.3,-0.020891304,1,1.909090909,0.954545455,0.0521
"1898",0,401405151,"Indiana","Purdue",0.4067,0,0,0.2396,0,0,0.5512,1,10,53,13,2022,1,0,"Big Ten","Big Ten",300,-400,1,1.909090909,0.954545455,0.0933,0.25,0.8,-0.0104,-0.0396,0,0,0,1,0.625,-0.0104,0,0,0.954545455,0.0512
"1899",0,401405148,"Iowa","Nebraska",0.4776,0,0,0.6952,1,1,0.4483,0,-10.5,38,13,2022,1,0,"Big Ten","Big Ten",-400,300,1,1.909090909,0.954545455,0.0224,0.8,0.25,-0.1048,0.0548,0,1,1,4,2,0.0548,0,0,0.954545455,0.0517
"1900",1,401403960,"Kentucky","Louisville",0.5287,1,1,0.5364,1,0,0.4552,0,-3.5,42.5,13,2022,1,0,"SEC","ACC",-175,150,1,1.909090909,0.954545455,0.0287,0.636363636,0.4,-0.099963636,0.0636,0,1,0,0,0.785714286,0.0636,1,1.909090909,0.954545455,0.0448
"1901",0,401404166,"Liberty","New Mexico State",0.4081,0,0,0.9051,1,1,0.4384,0,-24,50.5,13,2022,1,0,"FBS Independents","FBS Independents",-5000,1300,1,1.909090909,0.954545455,0.0919,0.980392157,0.071428571,-0.075292157,0.023471429,0,1,1,14,7,0.023471429,0,0,0.954545455,0.0616
"1902",1,401426616,"Louisiana Tech","UAB",0.4709,0,0,0.1101,0,1,0.4989,0,18,55.5,13,2022,1,0,"Conference USA","Conference USA",600,-950,0,0,0.954545455,0.0291,0.142857143,0.904761905,-0.032757143,-0.014861905,0,0,0,1,0.552631579,-0.014861905,0,0,0.954545455,0.0011
"1903",1,401405152,"Maryland","Rutgers",0.6283,1,1,0.9073,1,0,0.4523,0,-14.5,48.5,13,2022,1,0,"Big Ten","Big Ten",-600,425,1,1.909090909,0.954545455,0.1283,0.857142857,0.19047619,0.050157143,-0.09777619,1,0,1,1.166666667,0.583333333,0.050157143,1,1.909090909,0.954545455,0.0477
"1904",0,401411175,"Miami","Pittsburgh",0.403,0,0,0.3088,0,1,0.4953,0,4,44,13,2022,1,0,"ACC","ACC",165,-195,1,1.909090909,0.954545455,0.097,0.377358491,0.661016949,-0.068558491,0.030183051,0,1,1,1.512820513,0.756410256,0.030183051,0,0,0.954545455,0.0047
"1905",0,401426617,"North Texas","Rice",0.5519,1,1,0.9154,1,0,0.4485,0,-14.5,57,13,2022,1,0,"Conference USA","Conference USA",-585,410,0,0,0.954545455,0.0519,0.854014599,0.196078431,0.061385401,-0.111478431,1,0,1,1.170940171,0.585470085,0.061385401,1,1.909090909,0.954545455,0.0515
"1906",0,401404123,"Oklahoma State","West Virginia",0.6122,1,0,0.8232,1,0,0.5361,1,-5.5,60,13,2022,1,0,"Big 12","Big 12",-220,180,0,0,0.954545455,0.1122,0.6875,0.357142857,0.1357,-0.180342857,1,0,0,0,1.4,0.1357,0,0,0.954545455,0.0361
"1907",1,401415667,"South Florida","UCF",0.3886,0,0,0.0897,0,1,0.4361,0,20,67.5,13,2022,1,0,"American Athletic","American Athletic",650,-1100,0,0,0.954545455,0.1114,0.133333333,0.916666667,-0.043633333,-0.006366667,0,0,0,1,0.545454545,-0.006366667,0,0,0.954545455,0.0639
"1908",0,401437034,"Boise State","Fresno State",0.4066,0,0,0.498,0,0,0.4196,0,-3,54.5,14,2022,1,0,"Mountain West","Mountain West",-165,140,1,1.909090909,0.954545455,0.0934,0.622641509,0.416666667,-0.124641509,0.085333333,0,1,1,2.4,1.2,0.085333333,1,1.909090909,0.954545455,0.0804
"1909",1,401437008,"Tulane","UCF",0.4131,0,1,0.5118,1,1,0.5309,1,-3.5,57.5,14,2022,1,0,"American Athletic","American Athletic",-160,135,0,0,0.954545455,0.0869,0.615384615,0.425531915,-0.103584615,0.062668085,0,1,0,0,0.8125,0.062668085,1,1.909090909,0.954545455,0.0309
"1910",1,401520250,"Alabama","Ole Miss",0.466,0,1,0.7123,1,0,0.5185,1,-7,55.5,4,2023,1,0,"SEC","SEC",-258,225,0,0,0.954545455,0.034,0.720670391,0.307692308,-0.008370391,-0.019992308,0,0,0,1,0.69379845,-0.008370391,0,0,0.954545455,0.0185
"1911",1,401524014,"Arizona State","USC",0.5261,1,0,0.0699,0,1,0.6975,1,34.5,62,4,2023,1,0,"Pac-12","Pac-12",5000,-10000,1,1.909090909,0.954545455,0.0261,0.019607843,0.99009901,0.050292157,-0.05999901,1,0,0,0,0.505,0.050292157,1,1.909090909,0.954545455,0.1975
"1912",1,401531874,"Arkansas State","Southern Miss",0.648,1,1,0.5217,1,1,0.4998,0,6,49,4,2023,1,0,"Sun Belt","Sun Belt",195,-230,1,1.909090909,0.954545455,0.148,0.338983051,0.696969697,0.182716949,-0.218669697,1,0,1,2.95,1.475,0.182716949,0,0,0.954545455,2e-04
"1913",0,401531871,"Ball State","Georgia Southern",0.4714,0,0,0.2447,0,0,0.4453,0,6,61,4,2023,1,0,"Mid-American","Sun Belt",190,-245,1,1.909090909,0.954545455,0.0286,0.344827586,0.710144928,-0.100127586,0.045155072,0,1,1,1.408163265,0.704081633,0.045155072,1,1.909090909,0.954545455,0.0547
"1914",0,401525844,"Baylor","Texas",0.4734,0,0,0.0919,0,0,0.4696,0,14.5,48.5,4,2023,1,0,"Big 12","Big 12",575,-625,1,1.909090909,0.954545455,0.0266,0.148148148,0.862068966,-0.056248148,0.046031034,0,1,1,1.16,0.58,0.046031034,1,1.909090909,0.954545455,0.0304
"1915",0,401532405,"Bowling Green","Ohio",0.4021,0,0,0.2251,0,1,0.6242,1,13,44.5,4,2023,1,0,"Mid-American","Mid-American",350,-520,1,1.909090909,0.954545455,0.0979,0.222222222,0.838709677,0.002877778,-0.063809677,1,0,0,0,0.596153846,0.002877778,1,1.909090909,0.954545455,0.1242
"1916",1,401525845,"Cincinnati","Oklahoma",0.4722,0,0,0.1121,0,0,0.4851,0,14,57.5,4,2023,1,0,"Big 12","Big 12",390,-535,0,0,0.954545455,0.0278,0.204081633,0.842519685,-0.091981633,0.045380315,0,1,1,1.186915888,0.593457944,0.045380315,1,1.909090909,0.954545455,0.0149
"1917",0,401525507,"Clemson","Florida State",0.5538,1,0,0.5222,1,0,0.4987,0,2,55,4,2023,1,0,"ACC","ACC",110,-130,0,0,0.954545455,0.0538,0.476190476,0.565217391,0.046009524,-0.087417391,1,0,0,0,0.884615385,0.046009524,1,1.909090909,0.954545455,0.0013
"1918",0,401531849,"Coastal Carolina","Georgia State",0.4117,0,0,0.6071,1,0,0.5411,1,-6.5,62.5,4,2023,1,0,"Sun Belt","Sun Belt",-245,200,1,1.909090909,0.954545455,0.0883,0.710144928,0.333333333,-0.103044928,0.059566667,0,1,1,3,1.5,0.059566667,0,0,0.954545455,0.0411
"1919",0,401520275,"Florida International","Liberty",0.532,1,0,0.2414,0,0,0.5265,1,10,53.5,4,2023,1,0,"Conference USA","Conference USA",300,-395,0,0,0.954545455,0.032,0.25,0.797979798,-0.0086,-0.039379798,0,0,0,1,0.626582278,-0.0086,0,0,0.954545455,0.0265
"1920",1,401532407,"Fresno State","Kent State",0.5013,1,1,0.912,1,1,0.6516,1,-28,47.5,4,2023,1,0,"Mountain West","Mid-American",-4000,1700,1,1.909090909,0.954545455,0.0013,0.975609756,0.055555556,-0.063609756,0.032444444,0,1,0,0,0.5125,0.032444444,1,1.909090909,0.954545455,0.1516
"1921",0,401520252,"Georgia","UAB",0.5759,1,1,0.931,1,1,0.53,1,-41.5,54.5,4,2023,1,0,"SEC","American Athletic",NA,NA,0,0,0.954545455,0.0759,NA,NA,NA,NA,NA,NA,NA,NA,NA,NA,1,1.909090909,0.954545455,0.03
"1922",1,401520253,"Hawai'i","New Mexico State",0.5078,1,1,0.5525,1,0,0.4974,0,-3,57.5,4,2023,1,0,"Mountain West","Conference USA",-192,130,1,1.909090909,0.954545455,0.0078,0.657534247,0.434782609,-0.105034247,0.012717391,0,1,0,0,0.760416667,0.012717391,1,1.909090909,0.954545455,0.0026
"1923",1,401520254,"Houston","Sam Houston",0.6332,1,1,0.7406,1,1,0.59,1,-11.5,37.5,4,2023,1,0,"Big 12","Conference USA",-470,350,1,1.909090909,0.954545455,0.1332,0.824561404,0.222222222,-0.083961404,0.037177778,0,1,0,0,0.606382979,0.037177778,1,1.909090909,0.954545455,0.09
"1924",1,401525846,"Iowa State","Oklahoma State",0.4476,0,1,0.5621,1,1,0.5255,1,-3.5,36.5,4,2023,1,0,"Big 12","Big 12",-170,145,0,0,0.954545455,0.0524,0.62962963,0.408163265,-0.06752963,0.029736735,0,1,0,0,0.794117647,0.029736735,1,1.909090909,0.954545455,0.0255
"1925",1,401525848,"Kansas State","UCF",0.5303,1,1,0.6971,1,1,0.4772,0,-3.5,52,4,2023,1,0,"Big 12","Big 12",-238,150,1,1.909090909,0.954545455,0.0303,0.704142012,0.4,-0.007042012,-0.0971,0,0,0,1,0.710084034,-0.007042012,0,0,0.954545455,0.0228
"1926",1,401525511,"Marshall","Virginia Tech",0.602,1,1,0.7196,1,0,0.6508,1,-4.5,41,4,2023,1,0,"Sun Belt","ACC",-218,154,1,1.909090909,0.954545455,0.102,0.685534591,0.393700787,0.034065409,-0.113300787,1,0,1,1.458715596,0.729357798,0.034065409,0,0,0.954545455,0.1508
"1927",0,401526835,"Massachusetts","New Mexico",0.5492,1,0,0.7408,1,1,0.4279,0,-3.5,50.5,4,2023,1,0,"FBS Independents","Mountain West",-148,145,0,0,0.954545455,0.0492,0.596774194,0.408163265,0.144025806,-0.148963265,1,0,0,0,1.225,0.144025806,0,0,0.954545455,0.0721
"1928",1,401520260,"Michigan","Rutgers",0.5177,1,1,0.9057,1,0,0.6463,1,-24,44,4,2023,1,0,"Big Ten","Big Ten",-2800,1100,1,1.909090909,0.954545455,0.0177,0.965517241,0.083333333,-0.059817241,0.010966667,0,1,0,0,0.517857143,0.010966667,0,0,0.954545455,0.1463
"1929",0,401531338,"Northern Illinois","Tulsa",0.5905,1,0,0.7512,1,0,0.5203,1,-4,54.5,4,2023,1,0,"Mid-American","American Athletic",-192,160,0,0,0.954545455,0.0905,0.657534247,0.384615385,0.093665753,-0.135815385,1,0,0,0,1.3,0.093665753,0,0,0.954545455,0.0203
"1930",1,401521330,"Notre Dame","Ohio State",0.6236,1,0,0.4568,0,0,0.6853,1,3.5,55.5,4,2023,1,0,"FBS Independents","Big Ten",130,-166,1,1.909090909,0.954545455,0.1236,0.434782609,0.62406015,0.022017391,-0.08086015,1,0,0,0,0.801204819,0.022017391,0,0,0.954545455,0.1853
"1931",0,401520266,"Purdue","Wisconsin",0.4431,0,0,0.2131,0,1,0.5589,1,6.5,54.5,4,2023,1,0,"Big Ten","Big Ten",205,-265,1,1.909090909,0.954545455,0.0569,0.327868852,0.726027397,-0.114768852,0.060872603,0,1,1,1.377358491,0.688679245,0.060872603,1,1.909090909,0.954545455,0.0589
"1932",1,401520269,"Tennessee","UTSA",0.4448,0,1,0.8666,1,0,0.5967,1,-21.5,59,4,2023,1,0,"SEC","American Athletic",-1800,850,0,0,0.954545455,0.0552,0.947368421,0.105263158,-0.080768421,0.028136842,0,1,0,0,0.527777778,0.028136842,0,0,0.954545455,0.0967
"1933",0,401532406,"Toledo","Western Michigan",0.4992,0,1,0.9271,1,1,0.4882,0,-21.5,53.5,4,2023,1,0,"Mid-American","Mid-American",-1450,850,1,1.909090909,0.954545455,8e-04,0.935483871,0.105263158,-0.008383871,-0.032363158,0,0,0,1,0.534482759,-0.008383871,0,0,0.954545455,0.0118
"1934",0,401520271,"Troy","Western Kentucky",0.4191,0,1,0.6861,1,0,0.5068,1,-3.5,57,4,2023,1,0,"Sun Belt","Conference USA",-192,145,1,1.909090909,0.954545455,0.0809,0.657534247,0.408163265,0.028565753,-0.094263265,1,0,1,1.520833333,0.760416667,0.028565753,0,0,0.954545455,0.0068
"1935",1,401532589,"Air Force","San Diego State",0.5283,1,1,0.7675,1,1,0.3997,0,-10.5,43.5,5,2023,1,0,"Mountain West","Mountain West",-375,295,1,1.909090909,0.954545455,0.0283,0.789473684,0.253164557,-0.021973684,-0.020664557,0,0,0,1,0.633333333,-0.020664557,0,0,0.954545455,0.1003
"1936",0,401532412,"Akron","Buffalo",0.4758,0,0,0.5153,1,0,0.3547,0,-2.5,55.5,5,2023,1,0,"Mid-American","Mid-American",-142,120,1,1.909090909,0.954545455,0.0242,0.58677686,0.454545455,-0.07147686,0.030154545,0,1,1,2.2,1.1,0.030154545,1,1.909090909,0.954545455,0.1453
"1937",1,401524021,"Arizona","Washington",0.4848,0,0,0.1498,0,0,0.4758,0,20,67,5,2023,1,0,"Pac-12","Pac-12",750,-1200,0,0,0.954545455,0.0152,0.117647059,0.923076923,0.032152941,-0.072876923,1,0,0,0,0.541666667,0.032152941,1,1.909090909,0.954545455,0.0242
"1938",1,401520280,"Auburn","Georgia",0.51,1,0,0.1639,0,1,0.4793,0,14,45.5,5,2023,1,0,"SEC","SEC",440,-600,1,1.909090909,0.954545455,0.01,0.185185185,0.857142857,-0.021285185,-0.021042857,0,0,0,1,0.583333333,-0.021042857,0,0,0.954545455,0.0207
"1939",1,401525851,"BYU","Cincinnati",0.4444,0,1,0.4282,0,1,0.5538,1,2,50.5,5,2023,1,0,"Big 12","Big 12",110,-130,0,0,0.954545455,0.0556,0.476190476,0.565217391,-0.047990476,0.006582609,0,1,0,0,1.05,0.006582609,1,1.909090909,0.954545455,0.0538
"1940",0,401525513,"Boston College","Virginia",0.5363,1,1,0.7515,1,0,0.4482,0,-3.5,52.5,5,2023,1,0,"ACC","ACC",-166,140,0,0,0.954545455,0.0363,0.62406015,0.416666667,0.12743985,-0.168166667,1,0,1,1.602409639,0.801204819,0.12743985,1,1.909090909,0.954545455,0.0518
"1941",0,401532410,"Central Michigan","Eastern Michigan",0.3704,0,1,0.4911,0,1,0.3717,0,-7.5,48,5,2023,1,0,"Mid-American","Mid-American",-310,250,1,1.909090909,0.954545455,0.1296,0.756097561,0.285714286,-0.264997561,0.223185714,0,1,0,0,0.661290323,0.223185714,0,0,0.954545455,0.1283
"1942",1,401524023,"Colorado","USC",0.5154,1,0,0.0889,0,1,0.619,1,21.5,73.5,5,2023,1,0,"Pac-12","Pac-12",850,-1350,1,1.909090909,0.954545455,0.0154,0.105263158,0.931034483,-0.016363158,-0.019934483,0,0,0,1,0.537037037,-0.016363158,1,1.909090909,0.954545455,0.119
"1943",0,401525438,"Duke","Notre Dame",0.4732,0,0,0.351,0,0,0.4158,0,5.5,54.5,5,2023,1,0,"ACC","FBS Independents",180,-218,1,1.909090909,0.954545455,0.0268,0.357142857,0.685534591,-0.006142857,-0.036534591,0,0,0,1,0.729357798,-0.006142857,1,1.909090909,0.954545455,0.0842
"1944",0,401532587,"Fresno State","Nevada",0.5418,1,1,0.9341,1,0,0.5162,1,-24.5,51.5,5,2023,1,0,"Mountain West","Mountain West",-2800,1300,0,0,0.954545455,0.0418,0.965517241,0.071428571,-0.031417241,-0.005528571,0,0,0,1,0.517857143,-0.005528571,0,0,0.954545455,0.0162
"1945",0,401531879,"Georgia State","Troy",0.4172,0,0,0.5464,1,0,0.3954,0,-1.5,51,5,2023,1,0,"Sun Belt","Sun Belt",-120,100,1,1.909090909,0.954545455,0.0828,0.545454545,0.5,0.000945455,-0.0464,1,0,0,0,1,0.000945455,1,1.909090909,0.954545455,0.1046
"1946",0,401520281,"Iowa","Michigan State",0.5774,1,1,0.7972,1,1,0.4511,0,-12.5,36.5,5,2023,1,0,"Big Ten","Big Ten",-470,360,0,0,0.954545455,0.0774,0.824561404,0.217391304,-0.027361404,-0.014591304,0,0,0,1,0.606382979,-0.014591304,0,0,0.954545455,0.0489
"1947",1,401531880,"James Madison","South Alabama",0.4069,0,1,0.5113,1,1,0.408,0,-3,49.5,5,2023,1,0,"Sun Belt","Sun Belt",-155,130,0,0,0.954545455,0.0931,0.607843137,0.434782609,-0.096543137,0.053917391,0,1,0,0,0.822580645,0.053917391,0,0,0.954545455,0.092
"1948",0,401532413,"Kent State","Miami (OH)",0.3896,0,0,0.2119,0,0,0.4714,0,14.5,48.5,5,2023,1,0,"Mid-American","Mid-American",455,-625,1,1.909090909,0.954545455,0.1104,0.18018018,0.862068966,0.03171982,-0.073968966,1,0,0,0,0.58,0.03171982,1,1.909090909,0.954545455,0.0286
"1949",0,401531881,"Marshall","Old Dominion",0.4683,0,1,0.8007,1,1,0.5306,1,-14,46.5,5,2023,1,0,"Sun Belt","Sun Belt",-550,410,1,1.909090909,0.954545455,0.0317,0.846153846,0.196078431,-0.045453846,0.003221569,0,1,0,0,0.590909091,0.003221569,1,1.909090909,0.954545455,0.0306
"1950",0,401531424,"Navy","South Florida",0.3906,0,0,0.2944,0,1,0.4249,0,-3,54.5,5,2023,1,0,"American Athletic","American Athletic",-162,136,1,1.909090909,0.954545455,0.1094,0.618320611,0.423728814,-0.323920611,0.281871186,0,1,1,2.36,1.18,0.281871186,0,0,0.954545455,0.0751
"1951",0,401520287,"Northwestern","Penn State",0.6156,1,0,0.1217,0,1,0.3132,0,27,46,5,2023,1,0,"Big Ten","Big Ten",1600,-4000,0,0,0.954545455,0.1156,0.058823529,0.975609756,0.062876471,-0.097309756,1,0,0,0,0.5125,0.062876471,0,0,0.954545455,0.1868
"1952",1,401524020,"Oregon State","Utah",0.5251,1,1,0.5963,1,0,0.5359,1,-3.5,44.5,5,2023,1,0,"Pac-12","Pac-12",-166,140,1,1.909090909,0.954545455,0.0251,0.62406015,0.416666667,-0.02776015,-0.012966667,0,0,0,1,0.801204819,-0.012966667,0,0,0.954545455,0.0359
"1953",0,401531883,"Southern Miss","Texas State",0.3845,0,0,0.1941,0,1,0.4,0,5,62.5,5,2023,1,0,"Sun Belt","Sun Belt",170,-205,1,1.909090909,0.954545455,0.1155,0.37037037,0.672131148,-0.17627037,0.133768852,0,1,1,1.487804878,0.743902439,0.133768852,0,0,0.954545455,0.1
"1954",0,401525853,"TCU","West Virginia",0.4349,0,0,0.7254,1,0,0.5108,1,-12.5,52,5,2023,1,0,"Big 12","Big 12",-470,360,1,1.909090909,0.954545455,0.0651,0.824561404,0.217391304,-0.099161404,0.057208696,0,1,1,4.6,2.3,0.057208696,0,0,0.954545455,0.0108
"1955",0,401531370,"Tulane","UAB",0.6161,1,1,0.9154,1,0,0.4243,0,-21.5,58.5,5,2023,1,0,"American Athletic","American Athletic",-1650,950,0,0,0.954545455,0.1161,0.942857143,0.095238095,-0.027457143,-0.010638095,0,0,0,1,0.53030303,-0.010638095,1,1.909090909,0.954545455,0.0757
"1956",1,401520292,"UConn","Utah State",0.4207,0,0,0.189,0,1,0.4384,0,6,51,5,2023,1,0,"FBS Independents","Mountain West",195,-238,0,0,0.954545455,0.0793,0.338983051,0.704142012,-0.149983051,0.106857988,0,1,1,1.420168067,0.710084034,0.106857988,0,0,0.954545455,0.0616
"1957",0,401532418,"Akron","Northern Illinois",0.3654,0,0,0.2487,0,1,0.5902,1,5,42.5,6,2023,1,0,"Mid-American","Mid-American",160,-205,1,1.909090909,0.954545455,0.1346,0.384615385,0.672131148,-0.135915385,0.079168852,0,1,1,1.487804878,0.743902439,0.079168852,1,1.909090909,0.954545455,0.0902
"1958",1,401524026,"Arizona State","Colorado",0.5369,1,0,0.368,0,0,0.5035,1,4,60,6,2023,1,0,"Pac-12","Pac-12",136,-192,1,1.909090909,0.954545455,0.0369,0.423728814,0.657534247,-0.055728814,-0.025534247,0,0,0,1,0.760416667,-0.025534247,0,0,0.954545455,0.0035
"1959",0,401520298,"Army","Boston College",0.5227,1,0,0.4357,0,1,0.3368,0,-3,50,6,2023,1,0,"FBS Independents","ACC",-130,124,0,0,0.954545455,0.0227,0.565217391,0.446428571,-0.129517391,0.117871429,0,1,1,2.24,1.12,0.117871429,0,0,0.954545455,0.1632
"1960",0,401525858,"Baylor","Texas Tech",0.406,0,0,0.2385,0,0,0.5041,1,1.5,59.5,6,2023,1,0,"Big 12","Big 12",110,-122,1,1.909090909,0.954545455,0.094,0.476190476,0.54954955,-0.237690476,0.21195045,0,1,1,1.819672131,0.909836066,0.21195045,0,0,0.954545455,0.0041
"1961",0,401532592,"Boise State","San José State",0.4092,0,1,0.5563,1,1,0.5325,1,-10,57.5,6,2023,1,0,"Mountain West","Mountain West",-298,285,1,1.909090909,0.954545455,0.0908,0.748743719,0.25974026,-0.192443719,0.18395974,0,1,0,0,0.667785235,0.18395974,1,1.909090909,0.954545455,0.0325
"1962",1,401532415,"Buffalo","Central Michigan",0.5469,1,1,0.501,1,0,0.4235,0,3,52,6,2023,1,0,"Mid-American","Mid-American",124,-155,1,1.909090909,0.954545455,0.0469,0.446428571,0.607843137,0.054571429,-0.108843137,1,0,1,2.24,1.12,0.054571429,1,1.909090909,0.954545455,0.0765
"1963",0,401524027,"California","Oregon State",0.564,1,0,0.4088,0,1,0.4004,0,9.5,51.5,6,2023,1,0,"Pac-12","Pac-12",260,-375,0,0,0.954545455,0.064,0.277777778,0.789473684,0.131022222,-0.198273684,1,0,0,0,0.633333333,0.131022222,0,0,0.954545455,0.0996
"1964",0,401525517,"Clemson","Wake Forest",0.5886,1,1,0.9203,1,0,0.5948,1,-21,52.5,6,2023,1,0,"ACC","ACC",-1650,950,0,0,0.954545455,0.0886,0.942857143,0.095238095,-0.022557143,-0.015538095,0,0,0,1,0.53030303,-0.015538095,0,0,0.954545455,0.0948
"1965",1,401520299,"Florida","Vanderbilt",0.3267,0,1,0.8236,1,1,0.4982,0,-18.5,51.5,6,2023,1,0,"SEC","SEC",-1000,675,0,0,0.954545455,0.1733,0.909090909,0.129032258,-0.085490909,0.047367742,0,1,0,0,0.55,0.047367742,0,0,0.954545455,0.0018
"1966",1,401531340,"Florida Atlantic","Tulsa",0.6286,1,1,0.5698,1,0,0.4443,0,-3,54,6,2023,1,0,"American Athletic","American Athletic",-155,130,1,1.909090909,0.954545455,0.1286,0.607843137,0.434782609,-0.038043137,-0.004582609,0,0,0,1,0.822580645,-0.004582609,1,1.909090909,0.954545455,0.0557
"1967",0,401525518,"Florida State","Virginia Tech",0.4755,0,1,0.9355,1,1,0.5477,1,-24,53,6,2023,1,0,"ACC","ACC",-2400,1100,1,1.909090909,0.954545455,0.0245,0.96,0.083333333,-0.0245,-0.018833333,0,0,0,1,0.520833333,-0.018833333,1,1.909090909,0.954545455,0.0477
"1968",1,401520300,"Georgia","Kentucky",0.4516,0,1,0.8981,1,1,0.4976,0,-14.5,47.5,6,2023,1,0,"SEC","SEC",-650,425,0,0,0.954545455,0.0484,0.866666667,0.19047619,0.031433333,-0.08857619,1,0,1,1.153846154,0.576923077,0.031433333,0,0,0.954545455,0.0024
"1969",0,401520301,"Illinois","Nebraska",0.458,0,0,0.6026,1,0,0.5103,1,-3.5,43,6,2023,1,0,"Big Ten","Big Ten",-155,142,1,1.909090909,0.954545455,0.042,0.607843137,0.41322314,-0.005243137,-0.01582314,0,0,0,1,1.21,-0.005243137,0,0,0.954545455,0.0103
"1970",1,401520302,"Iowa","Purdue",0.4945,0,1,0.6148,1,0,0.5372,1,-2.5,39,6,2023,1,0,"Big Ten","Big Ten",-130,110,0,0,0.954545455,0.0055,0.565217391,0.476190476,0.049582609,-0.090990476,1,0,1,1.769230769,0.884615385,0.049582609,0,0,0.954545455,0.0372
"1971",1,401525859,"Iowa State","TCU",0.5581,1,1,0.5433,1,0,0.4732,0,6.5,53,6,2023,1,0,"Big 12","Big 12",200,-245,1,1.909090909,0.954545455,0.0581,0.333333333,0.710144928,0.209966667,-0.253444928,1,0,1,3,1.5,0.209966667,1,1.909090909,0.954545455,0.0268
"1972",1,401525860,"Kansas","UCF",0.5249,1,1,0.5863,1,1,0.5217,1,1.5,64,6,2023,1,0,"Big 12","Big 12",110,-120,1,1.909090909,0.954545455,0.0249,0.476190476,0.545454545,0.110109524,-0.131754545,1,0,1,2.1,1.05,0.110109524,1,1.909090909,0.954545455,0.0217
"1973",0,401520296,"Liberty","Sam Houston",0.5664,1,1,0.9377,1,0,0.5324,1,-19,45.5,6,2023,1,0,"Conference USA","Conference USA",-1450,700,0,0,0.954545455,0.0664,0.935483871,0.125,0.002216129,-0.0627,1,0,1,1.068965517,0.534482759,0.002216129,0,0,0.954545455,0.0324
"1974",1,401531884,"Louisiana","Texas State",0.5774,1,1,0.5023,1,0,0.4622,0,-2.5,68,6,2023,1,0,"Sun Belt","Sun Belt",-122,120,1,1.909090909,0.954545455,0.0774,0.54954955,0.454545455,-0.04724955,0.043154545,0,1,0,0,0.909836066,0.043154545,1,1.909090909,0.954545455,0.0378
"1975",0,401520295,"Louisiana Tech","Western Kentucky",0.5353,1,0,0.4218,0,1,0.5776,1,6,59.5,6,2023,1,0,"Conference USA","Conference USA",195,-250,0,0,0.954545455,0.0353,0.338983051,0.714285714,0.082816949,-0.136085714,1,0,0,0,0.7,0.082816949,1,1.909090909,0.954545455,0.0776
"1976",1,401525439,"Louisville","Notre Dame",0.4016,0,1,0.341,0,0,0.4043,0,6,54,6,2023,1,0,"ACC","FBS Independents",205,-245,0,0,0.954545455,0.0984,0.327868852,0.710144928,0.013131148,-0.051144928,1,0,1,3.05,1.525,0.013131148,1,1.909090909,0.954545455,0.0957
"1977",1,401526837,"Massachusetts","Toledo",0.5934,1,0,0.1498,0,1,0.4148,0,19,56.5,6,2023,1,0,"FBS Independents","Mid-American",750,-1100,1,1.909090909,0.954545455,0.0934,0.117647059,0.916666667,0.032152941,-0.066466667,1,0,0,0,0.545454545,0.032152941,0,0,0.954545455,0.0852
"1978",0,401520304,"Mississippi State","Western Michigan",0.4269,0,1,0.9168,1,1,0.516,1,-20.5,56.5,6,2023,1,0,"SEC","Mid-American",-1800,900,1,1.909090909,0.954545455,0.0731,0.947368421,0.1,-0.030568421,-0.0168,0,0,0,1,0.527777778,-0.0168,1,1.909090909,0.954545455,0.016
"1979",0,401531433,"Navy","North Texas",0.4821,0,1,0.5086,1,0,0.4598,0,-6,61,6,2023,1,0,"American Athletic","American Athletic",-238,190,1,1.909090909,0.954545455,0.0179,0.704142012,0.344827586,-0.195542012,0.146572414,0,1,0,0,0.710084034,0.146572414,1,1.909090909,0.954545455,0.0402
"1980",1,401525520,"North Carolina","Syracuse",0.5302,1,1,0.7525,1,0,0.4507,0,-9.5,60,6,2023,1,0,"ACC","ACC",-395,310,1,1.909090909,0.954545455,0.0302,0.797979798,0.243902439,-0.045479798,0.003597561,0,1,0,0,0.626582278,0.003597561,1,1.909090909,0.954545455,0.0493
"1981",0,401520309,"Rice","UConn",0.5124,1,0,0.8213,1,1,0.4338,0,-9.5,47.5,6,2023,1,0,"American Athletic","FBS Independents",-355,275,0,0,0.954545455,0.0124,0.78021978,0.266666667,0.04108022,-0.087966667,1,0,0,0,1.875,0.04108022,0,0,0.954545455,0.0662
"1982",0,401531389,"Temple","UTSA",0.4255,0,0,0.1148,0,1,0.4237,0,14,55,6,2023,1,0,"American Athletic","American Athletic",455,-650,1,1.909090909,0.954545455,0.0745,0.18018018,0.866666667,-0.06538018,0.018533333,0,1,1,1.153846154,0.576923077,0.018533333,0,0,0.954545455,0.0763
"1983",1,401524028,"UCLA","Washington State",0.6521,1,1,0.7798,1,0,0.4746,0,-3.5,60.5,6,2023,1,0,"Pac-12","Pac-12",-170,142,1,1.909090909,0.954545455,0.1521,0.62962963,0.41322314,0.15017037,-0.19302314,1,0,1,1.588235294,0.794117647,0.15017037,1,1.909090909,0.954545455,0.0254
"1984",0,401532598,"Air Force","Wyoming",0.5073,1,1,0.7834,1,1,0.2938,0,-11.5,42,7,2023,1,0,"Mountain West","Mountain West",-440,320,0,0,0.954545455,0.0073,0.814814815,0.238095238,-0.031414815,-0.021495238,0,0,0,1,0.613636364,-0.021495238,0,0,0.954545455,0.2062
"1985",0,401520316,"Alabama","Arkansas",0.6454,1,1,0.9151,1,0,0.484,0,-19.5,46.5,7,2023,1,0,"SEC","SEC",-1350,850,0,0,0.954545455,0.1454,0.931034483,0.105263158,-0.015934483,-0.020363158,0,0,0,1,0.537037037,-0.015934483,1,1.909090909,0.954545455,0.016
"1986",0,401531888,"App State","Coastal Carolina",0.539,1,0,0.5983,1,0,0.423,0,-6,63,7,2023,1,0,"Sun Belt","Sun Belt",-192,210,0,0,0.954545455,0.039,0.657534247,0.322580645,-0.059234247,0.079119355,0,1,1,3.1,1.55,0.079119355,1,1.909090909,0.954545455,0.077
"1987",0,401520317,"Army","Troy",0.4086,0,0,0.262,0,0,0.4265,0,6,42.5,7,2023,1,0,"FBS Independents","Sun Belt",205,-230,1,1.909090909,0.954545455,0.0914,0.327868852,0.696969697,-0.065868852,0.041030303,0,1,1,1.434782609,0.717391304,0.041030303,1,1.909090909,0.954545455,0.0735
"1988",1,401532419,"Ball State","Toledo",0.5068,1,0,0.1147,0,0,0.467,0,17.5,48,7,2023,1,0,"Mid-American","Mid-American",675,-950,1,1.909090909,0.954545455,0.0068,0.129032258,0.904761905,-0.014332258,-0.019461905,0,0,0,1,0.552631579,-0.014332258,1,1.909090909,0.954545455,0.033
"1989",0,401531405,"Charlotte","Navy",0.4752,0,0,0.4702,0,0,0.5102,1,3,44.5,7,2023,1,0,"American Athletic","American Athletic",140,-162,1,1.909090909,0.954545455,0.0248,0.416666667,0.618320611,0.053533333,-0.088520611,1,0,0,0,0.808641975,0.053533333,0,0,0.954545455,0.0102
"1990",0,401525863,"Cincinnati","Iowa State",0.4113,0,0,0.6556,1,0,0.4325,0,-5,42.5,7,2023,1,0,"Big 12","Big 12",-180,154,1,1.909090909,0.954545455,0.0887,0.642857143,0.393700787,0.012742857,-0.049300787,1,0,0,0,1.27,0.012742857,1,1.909090909,0.954545455,0.0675
"1991",0,401524029,"Colorado","Stanford",0.3595,0,0,0.7873,1,1,0.5805,1,-11.5,59,7,2023,1,0,"Pac-12","Pac-12",-520,340,1,1.909090909,0.954545455,0.1405,0.838709677,0.227272727,-0.051409677,-0.014572727,0,0,0,1,2.2,-0.014572727,1,1.909090909,0.954545455,0.0805
"1992",1,401525523,"Duke","NC State",0.4801,0,1,0.6702,1,0,0.5001,1,-3.5,44,7,2023,1,0,"ACC","ACC",-180,140,0,0,0.954545455,0.0199,0.642857143,0.416666667,0.027342857,-0.086866667,1,0,1,1.555555556,0.777777778,0.027342857,0,0,0.954545455,1e-04
"1993",0,401531415,"East Carolina","SMU",0.3378,0,0,0.1571,0,0,0.4945,0,11,50.5,7,2023,1,0,"American Athletic","American Athletic",320,-425,1,1.909090909,0.954545455,0.1622,0.238095238,0.80952381,-0.080995238,0.03337619,0,1,1,1.235294118,0.617647059,0.03337619,1,1.909090909,0.954545455,0.0055
"1994",1,401532422,"Eastern Michigan","Kent State",0.5406,1,1,0.7882,1,1,0.6216,1,-8.5,39.5,7,2023,1,0,"Mid-American","Mid-American",-270,270,1,1.909090909,0.954545455,0.0406,0.72972973,0.27027027,0.05847027,-0.05847027,1,0,1,1.37037037,0.685185185,0.05847027,1,1.909090909,0.954545455,0.1216
"1995",0,401520314,"Florida International","UTEP",0.4235,0,0,0.5917,1,0,0.5778,1,1.5,44,7,2023,1,0,"Conference USA","Conference USA",-180,-120,1,1.909090909,0.954545455,0.0765,0.642857143,0.545454545,-0.051157143,-0.137154545,0,0,0,1,0.916666667,-0.051157143,0,0,0.954545455,0.0778
"1996",1,401525524,"Florida State","Syracuse",0.5463,1,1,0.8988,1,0,0.5299,1,-18.5,53.5,7,2023,1,0,"ACC","ACC",-1100,675,1,1.909090909,0.954545455,0.0463,0.916666667,0.129032258,-0.017866667,-0.027832258,0,0,0,1,0.545454545,-0.017866667,0,0,0.954545455,0.0299
"1997",1,401531889,"Georgia State","Marshall",0.5124,1,1,0.584,1,1,0.4772,0,-1,53,7,2023,1,0,"Sun Belt","Sun Belt",-125,-105,1,1.909090909,0.954545455,0.0124,0.555555556,0.512195122,0.028444444,-0.096195122,1,0,1,1.8,0.9,0.028444444,0,0,0.954545455,0.0228
"1998",0,401532595,"Hawai'i","San Diego State",0.4262,0,0,0.417,0,1,0.4678,0,6,52.5,7,2023,1,0,"Mountain West","Mountain West",190,-245,1,1.909090909,0.954545455,0.0738,0.344827586,0.710144928,0.072172414,-0.127144928,1,0,0,0,0.704081633,0.072172414,0,0,0.954545455,0.0322
"1999",1,401525862,"Houston","West Virginia",0.4463,0,1,0.3679,0,1,0.5654,1,2.5,52.5,7,2023,1,0,"Big 12","Big 12",124,-135,0,0,0.954545455,0.0537,0.446428571,0.574468085,-0.078528571,0.057631915,0,1,0,0,1.12,0.057631915,1,1.909090909,0.954545455,0.0654
"2000",0,401520312,"Jacksonville State","Liberty",0.5332,1,0,0.5707,1,0,0.5483,1,6,56,7,2023,1,0,"Conference USA","Conference USA",225,-245,0,0,0.954545455,0.0332,0.307692308,0.710144928,0.263007692,-0.280844928,1,0,0,0,0.704081633,0.263007692,0,0,0.954545455,0.0483
"2001",0,401520318,"Kentucky","Missouri",0.4613,0,0,0.4149,0,1,0.4181,0,-2.5,50.5,7,2023,1,0,"SEC","SEC",-125,114,1,1.909090909,0.954545455,0.0387,0.555555556,0.46728972,-0.140655556,0.11781028,0,1,1,2.14,1.07,0.11781028,0,0,0.954545455,0.0819
"2002",0,401531371,"Memphis","Tulane",0.4328,0,0,0.3837,0,0,0.4418,0,3.5,57,7,2023,1,0,"American Athletic","American Athletic",170,-170,1,1.909090909,0.954545455,0.0672,0.37037037,0.62962963,0.01332963,-0.01332963,1,0,0,0,0.794117647,0.01332963,1,1.909090909,0.954545455,0.0582
"2003",0,401532597,"Nevada","UNLV",0.5154,1,0,0.2319,0,1,0.4814,0,8,53.5,7,2023,1,0,"Mountain West","Mountain West",225,-340,0,0,0.954545455,0.0154,0.307692308,0.772727273,-0.075792308,-0.004627273,0,0,0,1,0.647058824,-0.004627273,0,0,0.954545455,0.0186
"2004",0,401532596,"New Mexico","San José State",0.4269,0,0,0.2114,0,1,0.5687,1,7,56,7,2023,1,0,"Mountain West","Mountain West",190,-278,1,1.909090909,0.954545455,0.0731,0.344827586,0.735449735,-0.133427586,0.053150265,0,1,1,1.35971223,0.679856115,0.053150265,1,1.909090909,0.954545455,0.0687
"2005",1,401520315,"New Mexico State","Sam Houston",0.4876,0,1,0.7813,1,0,0.4712,0,-4.5,43,7,2023,1,0,"Conference USA","Conference USA",-192,164,0,0,0.954545455,0.0124,0.657534247,0.378787879,0.123765753,-0.160087879,1,0,1,1.520833333,0.760416667,0.123765753,1,1.909090909,0.954545455,0.0288
"2006",1,401531390,"North Texas","Temple",0.4402,0,1,0.6243,1,0,0.3302,0,-6.5,68.5,7,2023,1,0,"American Athletic","American Athletic",-325,215,0,0,0.954545455,0.0598,0.764705882,0.317460317,-0.140405882,0.058239683,0,1,0,0,0.653846154,0.058239683,1,1.909090909,0.954545455,0.1698
"2007",1,401532424,"Northern Illinois","Ohio",0.5182,1,1,0.3264,0,0,0.4749,0,5.5,45,7,2023,1,0,"Mid-American","Mid-American",180,-218,1,1.909090909,0.954545455,0.0182,0.357142857,0.685534591,-0.030742857,-0.011934591,0,0,0,1,1.4,-0.011934591,1,1.909090909,0.954545455,0.0251
"2008",1,401524031,"Notre Dame","USC",0.4154,0,1,0.4819,0,1,0.4994,0,-2.5,60.5,7,2023,1,0,"FBS Independents","Pac-12",-162,120,0,0,0.954545455,0.0846,0.618320611,0.454545455,-0.136420611,0.063554545,0,1,0,0,0.808641975,0.063554545,0,0,0.954545455,6e-04
"2009",1,401524032,"Oregon State","UCLA",0.4632,0,1,0.4868,0,1,0.4436,0,-3.5,54,7,2023,1,0,"Pac-12","Pac-12",-192,160,0,0,0.954545455,0.0368,0.657534247,0.384615385,-0.170734247,0.128584615,0,1,0,0,0.760416667,0.128584615,0,0,0.954545455,0.0564
"2010",1,401520326,"Tennessee","Texas A&M",0.5113,1,1,0.6416,1,0,0.5716,1,-3,54.5,7,2023,1,0,"SEC","SEC",-155,130,1,1.909090909,0.954545455,0.0113,0.607843137,0.434782609,0.033756863,-0.076382609,1,0,1,1.64516129,0.822580645,0.033756863,0,0,0.954545455,0.0716
"2011",0,401531891,"Texas State","UL Monroe",0.5748,1,1,0.9354,1,0,0.4127,0,-18,63.5,7,2023,1,0,"Sun Belt","Sun Belt",-1100,675,0,0,0.954545455,0.0748,0.916666667,0.129032258,0.018733333,-0.064432258,1,0,1,1.090909091,0.545454545,0.018733333,1,1.909090909,0.954545455,0.0873
"2012",1,401525527,"Virginia Tech","Wake Forest",0.5534,1,1,0.6225,1,0,0.5078,1,-1.5,48,7,2023,1,0,"ACC","ACC",-122,102,1,1.909090909,0.954545455,0.0534,0.54954955,0.495049505,0.07295045,-0.117549505,1,0,1,1.819672131,0.909836066,0.07295045,0,0,0.954545455,0.0078
"2013",1,401520333,"Alabama","Tennessee",0.4574,0,1,0.7163,1,1,0.4147,0,-9.5,47.5,8,2023,1,0,"SEC","SEC",-375,295,0,0,0.954545455,0.0426,0.789473684,0.253164557,-0.073173684,0.030535443,0,1,0,0,0.633333333,0.030535443,0,0,0.954545455,0.0853
"2014",0,401520334,"Arkansas","Mississippi State",0.4774,0,0,0.6827,1,0,0.5476,1,-6.5,46.5,8,2023,1,0,"SEC","SEC",-278,225,1,1.909090909,0.954545455,0.0226,0.735449735,0.307692308,-0.052749735,0.009607692,0,1,1,3.25,1.625,0.009607692,0,0,0.954545455,0.0476
"2015",0,401531896,"Arkansas State","Coastal Carolina",0.4886,0,0,0.2451,0,0,0.5238,1,9,59.5,8,2023,1,0,"Sun Belt","Sun Belt",300,-380,1,1.909090909,0.954545455,0.0114,0.25,0.791666667,-0.0049,-0.036766667,0,0,0,1,0.631578947,-0.0049,0,0,0.954545455,0.0238
"2016",0,401520335,"Auburn","Ole Miss",0.4651,0,0,0.3803,0,0,0.462,0,6.5,55.5,8,2023,1,0,"SEC","SEC",220,-270,1,1.909090909,0.954545455,0.0349,0.3125,0.72972973,0.0678,-0.11002973,1,0,0,0,0.685185185,0.0678,1,1.909090909,0.954545455,0.038
"2017",1,401525867,"BYU","Texas Tech",0.3731,0,1,0.2311,0,0,0.4675,0,3,51,8,2023,1,0,"Big 12","Big 12",120,-142,0,0,0.954545455,0.1269,0.454545455,0.58677686,-0.223445455,0.18212314,0,1,0,0,1.1,0.18212314,1,1.909090909,0.954545455,0.0325
"2018",1,401532425,"Ball State","Central Michigan",0.5133,1,1,0.3879,0,0,0.4809,0,5,41,8,2023,1,0,"Mid-American","Mid-American",170,-205,1,1.909090909,0.954545455,0.0133,0.37037037,0.672131148,0.01752963,-0.060031148,1,0,1,2.7,1.35,0.01752963,1,1.909090909,0.954545455,0.0191
"2019",0,401531397,"Florida Atlantic","UTSA",0.4039,0,0,0.4095,0,0,0.4572,0,2.5,58,8,2023,1,0,"American Athletic","American Athletic",120,-142,1,1.909090909,0.954545455,0.0961,0.454545455,0.58677686,-0.045045455,0.00372314,0,1,1,1.704225352,0.852112676,0.00372314,1,1.909090909,0.954545455,0.0428
"2020",0,401531894,"Georgia Southern","UL Monroe",0.6921,1,1,0.9309,1,1,0.4747,0,-16.5,60,8,2023,1,0,"Sun Belt","Sun Belt",-800,550,0,0,0.954545455,0.1921,0.888888889,0.153846154,0.042011111,-0.084746154,1,0,1,1.125,0.5625,0.042011111,0,0,0.954545455,0.0253
"2021",1,401525869,"Houston","Texas",0.5207,1,0,0.0918,0,0,0.4865,0,23.5,60.5,8,2023,1,0,"Big 12","Big 12",1100,-2100,1,1.909090909,0.954545455,0.0207,0.083333333,0.954545455,0.008466667,-0.046345455,1,0,0,0,0.523809524,0.008466667,1,1.909090909,0.954545455,0.0135
"2022",0,401520336,"Illinois","Wisconsin",0.467,0,0,0.3512,0,1,0.4702,0,3,40.5,8,2023,1,0,"Big Ten","Big Ten",130,-155,1,1.909090909,0.954545455,0.033,0.434782609,0.607843137,-0.083582609,0.040956863,0,1,1,1.64516129,0.822580645,0.040956863,0,0,0.954545455,0.0298
"2023",0,401520337,"Indiana","Rutgers",0.4057,0,0,0.2164,0,1,0.6176,1,6,39.5,8,2023,1,0,"Big Ten","Big Ten",185,-225,1,1.909090909,0.954545455,0.0943,0.350877193,0.692307692,-0.134477193,0.091292308,0,1,1,1.444444444,0.722222222,0.091292308,1,1.909090909,0.954545455,0.1176
"2024",0,401520338,"Iowa","Minnesota",0.5751,1,0,0.6103,1,0,0.4664,0,-3.5,30.5,8,2023,1,0,"Big Ten","Big Ten",-166,140,0,0,0.954545455,0.0751,0.62406015,0.416666667,-0.01376015,-0.026966667,0,0,0,1,1.2,-0.01376015,1,1.909090909,0.954545455,0.0336
"2025",1,401520329,"Jacksonville State","Western Kentucky",0.5347,1,1,0.42,0,0,0.572,1,7,61,8,2023,1,0,"Conference USA","Conference USA",260,NA,1,1.909090909,0.954545455,0.0347,0.277777778,NA,0.142222222,NA,NA,NA,NA,NA,1.8,NA,0,0,0.954545455,0.072
"2026",1,401525870,"Kansas State","TCU",0.6397,1,1,0.8279,1,0,0.4893,0,-6,60.5,8,2023,1,0,"Big 12","Big 12",-230,190,1,1.909090909,0.954545455,0.1397,0.696969697,0.344827586,0.130930303,-0.172727586,1,0,1,1.434782609,0.717391304,0.130930303,1,1.909090909,0.954545455,0.0107
"2027",0,401520330,"Liberty","Middle Tennessee",0.5793,1,1,0.8915,1,1,0.4796,0,-14,54.5,8,2023,1,0,"Conference USA","Conference USA",-750,NA,0,0,0.954545455,0.0793,0.882352941,NA,0.009147059,NA,NA,NA,NA,NA,0.566666667,NA,0,0,0.954545455,0.0204
"2028",0,401532427,"Miami (OH)","Toledo",0.5028,1,0,0.4648,0,0,0.5084,1,2,46.5,8,2023,1,0,"Mid-American","Mid-American",110,-130,0,0,0.954545455,0.0028,0.476190476,0.565217391,-0.011390476,-0.030017391,0,0,0,1,0.884615385,-0.011390476,0,0,0.954545455,0.0084
"2029",1,401520341,"Missouri","South Carolina",0.5243,1,1,0.7836,1,0,0.4762,0,-7.5,58,8,2023,1,0,"SEC","SEC",-278,225,1,1.909090909,0.954545455,0.0243,0.735449735,0.307692308,0.048150265,-0.091292308,1,0,1,1.35971223,0.679856115,0.048150265,1,1.909090909,0.954545455,0.0238
"2030",0,401520342,"Nebraska","Northwestern",0.4025,0,1,0.7577,1,0,0.3902,0,-10.5,40,8,2023,1,0,"Big Ten","Big Ten",-425,330,1,1.909090909,0.954545455,0.0975,0.80952381,0.23255814,-0.05182381,0.00974186,0,1,0,0,0.617647059,0.00974186,1,1.909090909,0.954545455,0.1098
"2031",0,401525531,"North Carolina","Virginia",0.5695,1,0,0.9296,1,0,0.4662,0,-24,58,8,2023,1,0,"ACC","ACC",-2800,1300,0,0,0.954545455,0.0695,0.965517241,0.071428571,-0.035917241,-0.001028571,0,0,0,1,7,-0.001028571,1,1.909090909,0.954545455,0.0338
"2032",0,401532428,"Ohio","Western Michigan",0.5316,1,1,0.8978,1,0,0.512,1,-16.5,52,8,2023,1,0,"Mid-American","Mid-American",-750,525,0,0,0.954545455,0.0316,0.882352941,0.16,0.015447059,-0.0578,1,0,1,1.133333333,0.566666667,0.015447059,0,0,0.954545455,0.012
"2033",1,401520343,"Ohio State","Penn State",0.4779,0,1,0.631,1,0,0.5048,1,-4,45.5,8,2023,1,0,"Big Ten","Big Ten",-192,160,0,0,0.954545455,0.0221,0.657534247,0.384615385,-0.026534247,-0.015615385,0,0,0,1,0.760416667,-0.015615385,0,0,0.954545455,0.0048
"2034",0,401525871,"Oklahoma","UCF",0.4688,0,1,0.9402,1,0,0.4841,0,-17.5,67.5,8,2023,1,0,"Big 12","Big 12",-900,600,1,1.909090909,0.954545455,0.0312,0.9,0.142857143,0.0402,-0.083057143,1,0,1,1.111111111,0.555555556,0.0402,1,1.909090909,0.954545455,0.0159
"2035",0,401524035,"Oregon","Washington State",0.654,1,1,0.9425,1,1,0.5484,1,-20,60,8,2023,1,0,"Pac-12","Pac-12",-1100,700,0,0,0.954545455,0.154,0.916666667,0.125,0.025833333,-0.0675,1,0,1,1.090909091,0.545454545,0.025833333,1,1.909090909,0.954545455,0.0484
"2036",1,401532602,"San José State","Utah State",0.4954,0,1,0.6487,1,0,0.4224,0,-4,65.5,8,2023,1,0,"Mountain West","Mountain West",-185,154,0,0,0.954545455,0.0046,0.649122807,0.393700787,-0.000422807,-0.042400787,0,0,0,1,0.77027027,-0.000422807,1,1.909090909,0.954545455,0.0776
"2037",1,401531892,"South Alabama","Southern Miss",0.6356,1,1,0.9389,1,1,0.3962,0,-17,53.5,8,2023,1,0,"Sun Belt","Sun Belt",-1100,NA,1,1.909090909,0.954545455,0.1356,0.916666667,NA,0.022233333,NA,NA,NA,NA,NA,0.545454545,NA,0,0,0.954545455,0.1038
"2038",0,401524036,"Stanford","UCLA",0.4634,0,0,0.084,0,0,0.4398,0,17,52,8,2023,1,0,"Pac-12","Pac-12",600,-900,1,1.909090909,0.954545455,0.0366,0.142857143,0.9,-0.058857143,0.016,0,1,1,1.111111111,0.555555556,0.016,1,1.909090909,0.954545455,0.0602
"2039",0,401524037,"USC","Utah",0.4891,0,0,0.722,1,1,0.6183,1,-6.5,52,8,2023,1,0,"Pac-12","Pac-12",-270,220,1,1.909090909,0.954545455,0.0109,0.72972973,0.3125,-0.00772973,-0.0345,0,0,0,1,1.6,-0.00772973,1,1.909090909,0.954545455,0.1183
"2040",0,401531898,"App State","Southern Miss",0.6911,1,1,0.9092,1,1,0.4428,0,-17,55,9,2023,1,0,"Sun Belt","Sun Belt",-800,550,0,0,0.954545455,0.1911,0.888888889,0.153846154,0.020311111,-0.063046154,1,0,1,1.125,0.5625,0.020311111,0,0,0.954545455,0.0572
"2041",1,401524039,"Arizona","Oregon State",0.5301,1,1,0.4882,0,0,0.4758,0,3.5,56.5,9,2023,1,0,"Pac-12","Pac-12",130,-155,1,1.909090909,0.954545455,0.0301,0.434782609,0.607843137,0.053417391,-0.096043137,1,0,1,2.3,1.15,0.053417391,1,1.909090909,0.954545455,0.0242
"2042",1,401524040,"Arizona State","Washington State",0.5371,1,1,0.4258,0,1,0.5405,1,6,51,9,2023,1,0,"Pac-12","Pac-12",170,-205,1,1.909090909,0.954545455,0.0371,0.37037037,0.672131148,0.05542963,-0.097931148,1,0,1,2.7,1.35,0.05542963,1,1.909090909,0.954545455,0.0405
"2043",0,401520349,"Army","Massachusetts",0.4353,0,0,0.7397,1,0,0.5027,1,-10,48,9,2023,1,0,"FBS Independents","FBS Independents",-380,300,1,1.909090909,0.954545455,0.0647,0.791666667,0.25,-0.051966667,0.0103,0,1,1,4,2,0.0103,0,0,0.954545455,0.0027
"2044",1,401520350,"Auburn","Mississippi State",0.542,1,1,0.7679,1,0,0.4385,0,-6.5,41.5,9,2023,1,0,"SEC","SEC",-230,190,1,1.909090909,0.954545455,0.042,0.696969697,0.344827586,0.070930303,-0.112727586,1,0,1,1.434782609,0.717391304,0.070930303,1,1.909090909,0.954545455,0.0615
"2045",0,401525873,"Baylor","Iowa State",0.3725,0,0,0.3411,0,1,0.5962,1,2.5,47,9,2023,1,0,"Big 12","Big 12",130,-155,1,1.909090909,0.954545455,0.1275,0.434782609,0.607843137,-0.093682609,0.051056863,0,1,1,1.64516129,0.822580645,0.051056863,1,1.909090909,0.954545455,0.0962
"2046",1,401532607,"Boise State","Wyoming",0.4951,0,1,0.6583,1,0,0.4032,0,-5,49,9,2023,1,0,"Mountain West","Mountain West",-185,154,0,0,0.954545455,0.0049,0.649122807,0.393700787,0.009177193,-0.052000787,1,0,1,1.540540541,0.77027027,0.009177193,1,1.909090909,0.954545455,0.0968
"2047",0,401520351,"Boston College","UConn",0.6104,1,1,0.9102,1,0,0.3376,0,-14.5,51,9,2023,1,0,"ACC","FBS Independents",-625,455,0,0,0.954545455,0.1104,0.862068966,0.18018018,0.048131034,-0.09038018,1,0,1,1.16,0.58,0.048131034,1,1.909090909,0.954545455,0.1624
"2048",1,401524041,"California","USC",0.5672,1,0,0.2764,0,1,0.4551,0,10.5,67,9,2023,1,0,"Pac-12","Pac-12",320,-410,1,1.909090909,0.954545455,0.0672,0.238095238,0.803921569,0.038304762,-0.080321569,1,0,0,0,0.62195122,0.038304762,0,0,0.954545455,0.0449
"2049",0,401531407,"Charlotte","Florida Atlantic",0.4693,0,0,0.3896,0,1,0.444,0,4,42,9,2023,1,0,"American Athletic","American Athletic",136,-162,1,1.909090909,0.954545455,0.0307,0.423728814,0.618320611,-0.034128814,-0.007920611,0,0,0,1,0.808641975,-0.007920611,0,0,0.954545455,0.056
"2050",1,401531899,"Coastal Carolina","Marshall",0.4221,0,1,0.4338,0,0,0.4643,0,4,45,9,2023,1,0,"Sun Belt","Sun Belt",142,-170,0,0,0.954545455,0.0779,0.41322314,0.62962963,0.02057686,-0.06342963,1,0,1,2.42,1.21,0.02057686,1,1.909090909,0.954545455,0.0357
"2051",0,401532431,"Eastern Michigan","Western Michigan",0.5767,1,0,0.5873,1,1,0.5178,1,3,46.5,9,2023,1,0,"Mid-American","Mid-American",130,-155,0,0,0.954545455,0.0767,0.434782609,0.607843137,0.152517391,-0.195143137,1,0,0,0,0.822580645,0.152517391,1,1.909090909,0.954545455,0.0178
"2052",0,401520347,"Florida International","Jacksonville State",0.5364,1,0,0.232,0,1,0.4398,0,8,44,9,2023,1,0,"Conference USA","Conference USA",270,-340,0,0,0.954545455,0.0364,0.27027027,0.772727273,-0.03827027,-0.004727273,0,0,0,1,0.647058824,-0.004727273,0,0,0.954545455,0.0602
"2053",0,401532606,"Fresno State","UNLV",0.5123,1,1,0.8196,1,0,0.4071,0,-7.5,57.5,9,2023,1,0,"Mountain West","Mountain West",-425,330,0,0,0.954545455,0.0123,0.80952381,0.23255814,0.01007619,-0.05215814,1,0,1,1.235294118,0.617647059,0.01007619,1,1.909090909,0.954545455,0.0929
"2054",1,401531929,"Georgia Southern","Georgia State",0.4815,0,1,0.5014,1,1,0.5737,1,-1.5,63,9,2023,1,0,"Sun Belt","Sun Belt",-115,-105,0,0,0.954545455,0.0185,0.534883721,0.512195122,-0.033483721,-0.013595122,0,0,0,1,0.934782609,-0.013595122,1,1.909090909,0.954545455,0.0737
"2055",1,401525537,"Georgia Tech","North Carolina",0.5138,1,1,0.2534,0,1,0.5218,1,11,64,9,2023,1,0,"ACC","ACC",380,-500,1,1.909090909,0.954545455,0.0138,0.208333333,0.833333333,0.045066667,-0.086733333,1,0,1,4.8,2.4,0.045066667,1,1.909090909,0.954545455,0.0218
"2056",0,401532605,"Hawai'i","San José State",0.5691,1,0,0.2318,0,0,0.4436,0,10,58.5,9,2023,1,0,"Mountain West","Mountain West",310,-395,0,0,0.954545455,0.0691,0.243902439,0.797979798,-0.012102439,-0.029779798,0,0,0,1,0.626582278,-0.012102439,1,1.909090909,0.954545455,0.0564
"2057",0,401531900,"James Madison","Old Dominion",0.3802,0,1,0.8794,1,1,0.5688,1,-20.5,49,9,2023,1,0,"Sun Belt","Sun Belt",-1450,850,1,1.909090909,0.954545455,0.1198,0.935483871,0.105263158,-0.056083871,0.015336842,0,1,0,0,0.534482759,0.015336842,1,1.909090909,0.954545455,0.0688
"2058",1,401525874,"Kansas","Oklahoma",0.4855,0,1,0.2985,0,1,0.5927,1,9,65,9,2023,1,0,"Big 12","Big 12",245,-305,0,0,0.954545455,0.0145,0.289855072,0.75308642,0.008644928,-0.05158642,1,0,1,3.45,1.725,0.008644928,1,1.909090909,0.954545455,0.0927
"2059",0,401520353,"Kentucky","Tennessee",0.4534,0,0,0.3671,0,1,0.4913,0,3.5,51.5,9,2023,1,0,"SEC","SEC",154,-185,1,1.909090909,0.954545455,0.0466,0.393700787,0.649122807,-0.026600787,-0.016222807,0,0,0,1,0.77027027,-0.016222807,0,0,0.954545455,0.0087
"2060",0,401520345,"Louisiana Tech","New Mexico State",0.4894,0,0,0.5026,1,0,0.5767,1,-3,52,9,2023,1,0,"Conference USA","Conference USA",-155,130,1,1.909090909,0.954545455,0.0106,0.607843137,0.434782609,-0.105243137,0.062617391,0,1,1,2.3,1.15,0.062617391,0,0,0.954545455,0.0767
"2061",0,401525538,"Miami","Virginia",0.5067,1,1,0.8804,1,1,0.441,0,-18.5,46.5,9,2023,1,0,"ACC","ACC",-1600,900,0,0,0.954545455,0.0067,0.941176471,0.1,-0.060776471,0.0196,0,1,0,0,0.53125,0.0196,0,0,0.954545455,0.059
"2062",1,401520355,"Nebraska","Purdue",0.4533,0,1,0.4917,0,1,0.4478,0,-2.5,39.5,9,2023,1,0,"Big Ten","Big Ten",-105,-115,0,0,0.954545455,0.0467,0.512195122,0.534883721,-0.020495122,-0.026583721,0,0,0,1,0.976190476,-0.020495122,0,0,0.954545455,0.0522
"2063",1,401532604,"Nevada","New Mexico",0.5343,1,1,0.5506,1,1,0.5494,1,-1,49.5,9,2023,1,0,"Mountain West","Mountain West",-105,-115,1,1.909090909,0.954545455,0.0343,0.512195122,0.534883721,0.038404878,-0.085483721,1,0,1,1.952380952,0.976190476,0.038404878,1,1.909090909,0.954545455,0.0494
"2064",1,401525440,"Notre Dame","Pittsburgh",0.5642,1,1,0.9121,1,1,0.5277,1,-20.5,44.5,9,2023,1,0,"FBS Independents","ACC",-1450,850,1,1.909090909,0.954545455,0.0642,0.935483871,0.105263158,-0.023383871,-0.017363158,0,0,0,1,0.534482759,-0.017363158,1,1.909090909,0.954545455,0.0277
"2065",1,401520357,"Ole Miss","Vanderbilt",0.5435,1,1,0.8995,1,0,0.3947,0,-24.5,63.5,9,2023,1,0,"SEC","SEC",-2800,1300,1,1.909090909,0.954545455,0.0435,0.965517241,0.071428571,-0.066017241,0.029071429,0,1,0,0,0.517857143,0.029071429,1,1.909090909,0.954545455,0.1053
"2066",1,401531373,"Rice","Tulane",0.4942,0,0,0.2444,0,1,0.5247,1,10.5,53.5,9,2023,1,0,"American Athletic","American Athletic",300,-380,0,0,0.954545455,0.0058,0.25,0.791666667,-0.0056,-0.036066667,0,0,0,1,0.631578947,-0.0056,1,1.909090909,0.954545455,0.0247
"2067",1,401531342,"SMU","Tulsa",0.5144,1,1,0.9387,1,1,0.4825,0,-20.5,57,9,2023,1,0,"American Athletic","American Athletic",-1350,800,1,1.909090909,0.954545455,0.0144,0.931034483,0.111111111,0.007665517,-0.049811111,1,0,1,1.074074074,0.537037037,0.007665517,0,0,0.954545455,0.0175
"2068",0,401520348,"Sam Houston","UTEP",0.3225,0,0,0.3422,0,1,0.5876,1,-3,36,9,2023,1,0,"Conference USA","Conference USA",-185,154,1,1.909090909,0.954545455,0.1775,0.649122807,0.393700787,-0.306922807,0.264099213,0,1,1,2.54,1.27,0.264099213,1,1.909090909,0.954545455,0.0876
"2069",1,401524042,"Stanford","Washington",0.5232,1,0,0.0891,0,1,0.5778,1,26.5,60.5,9,2023,1,0,"Pac-12","Pac-12",1700,-4500,1,1.909090909,0.954545455,0.0232,0.055555556,0.97826087,0.033544444,-0.06736087,1,0,0,0,0.511111111,0.033544444,1,1.909090909,0.954545455,0.0778
"2070",0,401531903,"Texas State","Troy",0.4894,0,0,0.4303,0,0,0.5633,1,6,53.5,9,2023,1,0,"Sun Belt","Sun Belt",215,-265,1,1.909090909,0.954545455,0.0106,0.317460317,0.726027397,0.112839683,-0.156327397,1,0,0,0,0.688679245,0.112839683,0,0,0.954545455,0.0633
"2071",0,401525878,"UCF","West Virginia",0.4352,0,0,0.7024,1,1,0.469,0,-7,58,9,2023,1,0,"Big 12","Big 12",-258,210,1,1.909090909,0.954545455,0.0648,0.720670391,0.322580645,-0.018270391,-0.024980645,0,0,0,1,1.55,-0.018270391,0,0,0.954545455,0.031
"2072",1,401532436,"Akron","Kent State",0.4902,0,1,0.5334,1,1,0.5526,1,-4,40.5,10,2023,1,0,"Mid-American","Mid-American",-170,142,0,0,0.954545455,0.0098,0.62962963,0.41322314,-0.09622963,0.05337686,0,1,0,0,0.794117647,0.05337686,1,1.909090909,0.954545455,0.0526
"2073",1,401520362,"Alabama","LSU",0.4649,0,1,0.499,0,1,0.5223,1,-3,61.5,10,2023,1,0,"SEC","SEC",-166,140,0,0,0.954545455,0.0351,0.62406015,0.416666667,-0.12506015,0.084333333,0,1,0,0,0.801204819,0.084333333,1,1.909090909,0.954545455,0.0223
"2074",1,401531905,"App State","Marshall",0.4476,0,1,0.479,0,0,0.5657,1,-3.5,55.5,10,2023,1,0,"Sun Belt","Sun Belt",-162,136,0,0,0.954545455,0.0524,0.618320611,0.423728814,-0.139320611,0.097271186,0,1,0,0,0.808641975,0.097271186,0,0,0.954545455,0.0657
"2075",1,401524045,"Arizona","UCLA",0.462,0,1,0.5419,1,0,0.4337,0,2.5,50,10,2023,1,0,"Pac-12","Pac-12",120,-142,0,0,0.954545455,0.038,0.454545455,0.58677686,0.087354545,-0.12867686,1,0,1,2.2,1.1,0.087354545,1,1.909090909,0.954545455,0.0663
"2076",1,401531908,"Arkansas State","Louisiana",0.5336,1,1,0.2513,0,0,0.534,1,9,60,10,2023,1,0,"Sun Belt","Sun Belt",225,-278,1,1.909090909,0.954545455,0.0336,0.307692308,0.735449735,-0.056392308,0.013250265,0,1,0,0,1.625,0.013250265,0,0,0.954545455,0.034
"2077",0,401525880,"Baylor","Houston",0.4632,0,0,0.5459,1,0,0.5036,1,-3,58.5,10,2023,1,0,"Big 12","Big 12",-122,102,1,1.909090909,0.954545455,0.0368,0.54954955,0.495049505,-0.00364955,-0.040949505,0,0,0,1,1.01,-0.00364955,0,0,0.954545455,0.0036
"2078",1,401532433,"Central Michigan","Northern Illinois",0.4809,0,1,0.3364,0,1,0.5123,1,3,48,10,2023,1,0,"Mid-American","Mid-American",205,-250,0,0,0.954545455,0.0191,0.327868852,0.714285714,0.008531148,-0.050685714,1,0,1,3.05,1.525,0.008531148,1,1.909090909,0.954545455,0.0123
"2079",1,401525881,"Cincinnati","UCF",0.5162,1,0,0.3255,0,0,0.5446,1,3.5,59.5,10,2023,1,0,"Big 12","Big 12",154,-185,1,1.909090909,0.954545455,0.0162,0.393700787,0.649122807,-0.068200787,0.025377193,0,1,1,1.540540541,0.77027027,0.025377193,0,0,0.954545455,0.0446
"2080",1,401525441,"Clemson","Notre Dame",0.5293,1,1,0.5339,1,1,0.5273,1,3,44.5,10,2023,1,0,"ACC","FBS Independents",142,-170,1,1.909090909,0.954545455,0.0293,0.41322314,0.62962963,0.12067686,-0.16352963,1,0,1,2.42,1.21,0.12067686,1,1.909090909,0.954545455,0.0273
"2081",1,401524046,"Colorado","Oregon State",0.5401,1,0,0.2199,0,0,0.471,0,13.5,62.5,10,2023,1,0,"Pac-12","Pac-12",400,-535,1,1.909090909,0.954545455,0.0401,0.2,0.842519685,0.0199,-0.062419685,1,0,0,0,0.593457944,0.0199,1,1.909090909,0.954545455,0.029
"2082",0,401525539,"Duke","Wake Forest",0.5591,1,1,0.7593,1,1,0.5693,1,-6.5,41,10,2023,1,0,"ACC","ACC",-265,215,0,0,0.954545455,0.0591,0.726027397,0.317460317,0.033272603,-0.076760317,1,0,1,1.377358491,0.688679245,0.033272603,1,1.909090909,0.954545455,0.0693
"2083",1,401531374,"East Carolina","Tulane",0.4202,0,0,0.0977,0,0,0.4536,0,17,46,10,2023,1,0,"American Athletic","American Athletic",575,-850,0,0,0.954545455,0.0798,0.148148148,0.894736842,-0.050448148,0.007563158,0,1,1,1.117647059,0.558823529,0.007563158,1,1.909090909,0.954545455,0.0464
"2084",0,401520364,"Georgia","Missouri",0.505,1,1,0.9159,1,0,0.446,0,-15,56.5,10,2023,1,0,"SEC","SEC",-675,490,0,0,0.954545455,0.005,0.870967742,0.169491525,0.044932258,-0.085391525,1,0,1,1.148148148,0.574074074,0.044932258,1,1.909090909,0.954545455,0.054
"2085",0,401531906,"Georgia State","James Madison",0.4952,0,0,0.3345,0,1,0.4899,0,6,53,10,2023,1,0,"Sun Belt","Sun Belt",195,-238,1,1.909090909,0.954545455,0.0048,0.338983051,0.704142012,-0.004483051,-0.038642012,0,0,0,1,0.710084034,-0.004483051,0,0,0.954545455,0.0101
"2086",1,401520365,"Indiana","Wisconsin",0.3508,0,1,0.1231,0,0,0.5998,1,9.5,45,10,2023,1,0,"Big Ten","Big Ten",235,-290,0,0,0.954545455,0.1492,0.298507463,0.743589744,-0.175407463,0.133310256,0,1,0,0,1.675,0.133310256,0,0,0.954545455,0.0998
"2087",0,401525882,"Iowa State","Kansas",0.5336,1,0,0.5131,1,0,0.5501,1,-2.5,53,10,2023,1,0,"Big 12","Big 12",-135,114,0,0,0.954545455,0.0336,0.574468085,0.46728972,-0.061368085,0.01961028,0,1,1,2.14,1.07,0.01961028,0,0,0.954545455,0.0501
"2088",1,401520366,"Liberty","Louisiana Tech",0.5729,1,1,0.8751,1,1,0.4027,0,-16.5,58,10,2023,1,0,"Conference USA","Conference USA",-600,440,1,1.909090909,0.954545455,0.0729,0.857142857,0.185185185,0.017957143,-0.060285185,1,0,1,1.166666667,0.583333333,0.017957143,0,0,0.954545455,0.0973
"2089",1,401525543,"Louisville","Virginia Tech",0.4667,0,1,0.6977,1,0,0.4948,0,-9.5,48.5,10,2023,1,0,"ACC","ACC",-340,270,0,0,0.954545455,0.0333,0.772727273,0.27027027,-0.075027273,0.03202973,0,1,0,0,0.647058824,0.03202973,1,1.909090909,0.954545455,0.0052
"2090",0,401520367,"Maryland","Penn State",0.4657,0,0,0.2801,0,1,0.5147,1,8.5,50,10,2023,1,0,"Big Ten","Big Ten",245,-305,1,1.909090909,0.954545455,0.0343,0.289855072,0.75308642,-0.009755072,-0.03318642,0,0,0,1,0.663934426,-0.009755072,1,1.909090909,0.954545455,0.0147
"2091",0,401531425,"Memphis","South Florida",0.4274,0,1,0.7857,1,1,0.3764,0,-13.5,68.5,10,2023,1,0,"American Athletic","American Athletic",-500,380,1,1.909090909,0.954545455,0.0726,0.833333333,0.208333333,-0.047633333,0.005966667,0,1,0,0,0.6,0.005966667,0,0,0.954545455,0.1236
"2092",0,401520368,"Michigan","Purdue",0.5004,1,1,0.9483,1,1,0.518,1,-32.5,52.5,10,2023,1,0,"Big Ten","Big Ten",-6500,2000,0,0,0.954545455,4e-04,0.984848485,0.047619048,-0.036548485,0.004080952,0,1,0,0,0.507692308,0.004080952,1,1.909090909,0.954545455,0.018
"2093",1,401520369,"Michigan State","Nebraska",0.4885,0,1,0.4525,0,1,0.5465,1,3,34.5,10,2023,1,0,"Big Ten","Big Ten",130,-155,0,0,0.954545455,0.0115,0.434782609,0.607843137,0.017717391,-0.060343137,1,0,1,2.3,1.15,0.017717391,1,1.909090909,0.954545455,0.0465
"2094",0,401532611,"New Mexico","UNLV",0.4101,0,0,0.1559,0,1,0.4255,0,10,61,10,2023,1,0,"Mountain West","Mountain West",490,-675,1,1.909090909,0.954545455,0.0899,0.169491525,0.870967742,-0.013591525,-0.026867742,0,0,0,1,0.574074074,-0.013591525,0,0,0.954545455,0.0745
"2095",0,401531399,"North Texas","UTSA",0.4365,0,0,0.1634,0,0,0.5143,1,7.5,71,10,2023,1,0,"American Athletic","American Athletic",250,-310,1,1.909090909,0.954545455,0.0635,0.285714286,0.756097561,-0.122314286,0.080502439,0,1,1,1.322580645,0.661290323,0.080502439,0,0,0.954545455,0.0143
"2096",1,401520374,"Ole Miss","Texas A&M",0.5222,1,1,0.5261,1,1,0.5259,1,-3,53.5,10,2023,1,0,"SEC","SEC",-148,124,1,1.909090909,0.954545455,0.0222,0.596774194,0.446428571,-0.070674194,0.027471429,0,1,0,0,0.837837838,0.027471429,1,1.909090909,0.954545455,0.0259
"2097",1,401531440,"Rice","SMU",0.545,1,0,0.2547,0,1,0.5427,1,12,59.5,10,2023,1,0,"American Athletic","American Athletic",380,-500,1,1.909090909,0.954545455,0.045,0.208333333,0.833333333,0.046366667,-0.088033333,1,0,0,0,0.6,0.046366667,1,1.909090909,0.954545455,0.0427
"2098",0,401532612,"San Diego State","Utah State",0.5594,1,0,0.5331,1,0,0.5902,1,2.5,56.5,10,2023,1,0,"Mountain West","Mountain West",114,-135,0,0,0.954545455,0.0594,0.46728972,0.574468085,0.06581028,-0.107568085,1,0,0,0,0.87037037,0.06581028,0,0,0.954545455,0.0902
"2099",1,401531909,"Southern Miss","UL Monroe",0.5922,1,1,0.6574,1,0,0.4887,0,-3,56.5,10,2023,1,0,"Sun Belt","Sun Belt",-142,120,1,1.909090909,0.954545455,0.0922,0.58677686,0.454545455,0.07062314,-0.111945455,1,0,1,1.704225352,0.852112676,0.07062314,1,1.909090909,0.954545455,0.0113
"2100",1,401520377,"Tennessee","UConn",0.5749,1,1,0.958,1,1,0.5334,1,-36,55,10,2023,1,0,"SEC","FBS Independents",NA,NA,1,1.909090909,0.954545455,0.0749,NA,NA,NA,NA,NA,NA,NA,NA,NA,NA,1,1.909090909,0.954545455,0.0334
"2101",0,401524048,"USC","Washington",0.5449,1,0,0.5175,1,1,0.6049,1,3,76.5,10,2023,1,0,"Pac-12","Pac-12",120,-142,0,0,0.954545455,0.0449,0.454545455,0.58677686,0.062954545,-0.10427686,1,0,0,0,0.852112676,0.062954545,1,1.909090909,0.954545455,0.1049
"2102",1,401520378,"UTEP","Western Kentucky",0.4484,0,0,0.2371,0,0,0.6399,1,9.5,54.5,10,2023,1,0,"Conference USA","Conference USA",320,-410,0,0,0.954545455,0.0516,0.238095238,0.803921569,-0.000995238,-0.041021569,0,0,0,1,0.62195122,-0.000995238,0,0,0.954545455,0.1399
"2103",0,401520380,"Arkansas","Auburn",0.4846,0,0,0.4471,0,1,0.4638,0,-3,50.5,11,2023,1,0,"SEC","SEC",-130,110,1,1.909090909,0.954545455,0.0154,0.565217391,0.476190476,-0.118117391,0.076709524,0,1,1,2.1,1.05,0.076709524,0,0,0.954545455,0.0362
"2104",0,401525886,"BYU","Iowa State",0.3619,0,0,0.2661,0,1,0.504,1,7,43,11,2023,1,0,"Big 12","Big 12",235,-290,1,1.909090909,0.954545455,0.1381,0.298507463,0.743589744,-0.032407463,-0.009689744,0,0,0,1,0.672413793,-0.009689744,1,1.909090909,0.954545455,0.004
"2105",1,401532616,"Boise State","New Mexico",0.4382,0,1,0.9172,1,0,0.492,0,-26.5,58.5,11,2023,1,0,"Mountain West","Mountain West",-4000,1500,0,0,0.954545455,0.0618,0.975609756,0.0625,-0.058409756,0.0203,0,1,0,0,0.5125,0.0203,1,1.909090909,0.954545455,0.008
"2106",0,401525547,"Boston College","Virginia Tech",0.4728,0,0,0.501,1,1,0.4629,0,-2.5,50,11,2023,1,0,"ACC","ACC",120,-142,1,1.909090909,0.954545455,0.0272,0.454545455,0.58677686,0.046454545,-0.08777686,1,0,0,0,0.852112676,0.046454545,0,0,0.954545455,0.0371
"2107",0,401532439,"Buffalo","Ohio",0.4947,0,0,0.2892,0,0,0.4737,0,7,44.5,11,2023,1,0,"Mid-American","Mid-American",270,-340,1,1.909090909,0.954545455,0.0053,0.27027027,0.772727273,0.01892973,-0.061927273,1,0,0,0,0.647058824,0.01892973,1,1.909090909,0.954545455,0.0263
"2108",1,401524051,"California","Washington State",0.5642,1,1,0.5903,1,1,0.4896,0,-1.5,59,11,2023,1,0,"Pac-12","Pac-12",-135,114,1,1.909090909,0.954545455,0.0642,0.574468085,0.46728972,0.015831915,-0.05758972,1,0,1,1.740740741,0.87037037,0.015831915,0,0,0.954545455,0.0104
"2109",1,401531408,"Charlotte","Memphis",0.4198,0,0,0.1209,0,1,0.4074,0,11,51.5,11,2023,1,0,"American Athletic","American Athletic",275,-345,0,0,0.954545455,0.0802,0.266666667,0.775280899,-0.145766667,0.103819101,0,1,1,1.289855072,0.644927536,0.103819101,0,0,0.954545455,0.0926
"2110",1,401525548,"Clemson","Georgia Tech",0.4924,0,1,0.9106,1,1,0.4946,0,-15.5,55,11,2023,1,0,"ACC","ACC",-650,470,0,0,0.954545455,0.0076,0.866666667,0.175438596,0.043933333,-0.086038596,1,0,1,1.153846154,0.576923077,0.043933333,0,0,0.954545455,0.0054
"2111",1,401531912,"Coastal Carolina","Texas State",0.4707,0,1,0.5251,1,0,0.4612,0,2.5,55.5,11,2023,1,0,"Sun Belt","Sun Belt",110,-130,0,0,0.954545455,0.0293,0.476190476,0.565217391,0.048909524,-0.090317391,1,0,1,2.1,1.05,0.048909524,1,1.909090909,0.954545455,0.0388
"2112",0,401532617,"Colorado State","San Diego State",0.4587,0,1,0.5489,1,0,0.5702,1,-4.5,46.5,11,2023,1,0,"Mountain West","Mountain West",-175,145,1,1.909090909,0.954545455,0.0413,0.636363636,0.408163265,-0.087463636,0.042936735,0,1,0,0,0.785714286,0.042936735,0,0,0.954545455,0.0702
"2113",0,401525550,"Florida State","Miami",0.4366,0,1,0.8623,1,0,0.5157,1,-14,50.5,11,2023,1,0,"ACC","ACC",-625,455,1,1.909090909,0.954545455,0.0634,0.862068966,0.18018018,0.000231034,-0.04248018,1,0,1,1.16,0.58,0.000231034,0,0,0.954545455,0.0157
"2114",1,401520382,"Georgia","Ole Miss",0.4801,0,1,0.8408,1,1,0.5463,1,-13,58.5,11,2023,1,0,"SEC","SEC",-520,390,0,0,0.954545455,0.0199,0.838709677,0.204081633,0.002090323,-0.044881633,1,0,1,1.192307692,0.596153846,0.002090323,1,1.909090909,0.954545455,0.0463
"2115",0,401520383,"Illinois","Indiana",0.5945,1,1,0.7479,1,1,0.5022,1,-5.5,43,11,2023,1,0,"Big Ten","Big Ten",-198,164,0,0,0.954545455,0.0945,0.66442953,0.378787879,0.08347047,-0.126687879,1,0,1,1.505050505,0.752525253,0.08347047,1,1.909090909,0.954545455,0.0022
"2116",1,401520384,"Iowa","Rutgers",0.5201,1,1,0.5687,1,0,0.5103,1,-2.5,29.5,11,2023,1,0,"Big Ten","Big Ten",-118,-102,1,1.909090909,0.954545455,0.0201,0.541284404,0.504950495,0.027415596,-0.073650495,1,0,1,1.847457627,0.923728814,0.027415596,0,0,0.954545455,0.0103
"2117",1,401520385,"James Madison","UConn",0.5468,1,1,0.9342,1,1,0.4581,0,-27,47.5,11,2023,1,0,"Sun Belt","FBS Independents",-2400,1200,1,1.909090909,0.954545455,0.0468,0.96,0.076923077,-0.0258,-0.011123077,0,0,0,1,0.520833333,-0.011123077,0,0,0.954545455,0.0419
"2118",0,401525888,"Kansas","Texas Tech",0.3951,0,0,0.5142,1,0,0.5295,1,-3.5,61,11,2023,1,0,"Big 12","Big 12",-185,154,1,1.909090909,0.954545455,0.1049,0.649122807,0.393700787,-0.134922807,0.092099213,0,1,1,2.54,1.27,0.092099213,0,0,0.954545455,0.0295
"2119",1,401520388,"Liberty","Old Dominion",0.4291,0,1,0.8124,1,0,0.2564,0,-13,57.5,11,2023,1,0,"Conference USA","Sun Belt",-600,440,0,0,0.954545455,0.0709,0.857142857,0.185185185,-0.044742857,0.002414815,0,1,0,0,0.583333333,0.002414815,1,1.909090909,0.954545455,0.2436
"2120",0,401531911,"Louisiana","Southern Miss",0.488,0,0,0.8666,1,1,0.5016,1,-12,53.5,11,2023,1,0,"Sun Belt","Sun Belt",-310,250,1,1.909090909,0.954545455,0.012,0.756097561,0.285714286,0.110502439,-0.152314286,1,0,0,0,1.75,0.110502439,1,1.909090909,0.954545455,0.0016
"2121",0,401520387,"Louisiana Tech","Sam Houston",0.4342,0,0,0.7917,1,1,0.4228,0,-8.5,49.5,11,2023,1,0,"Conference USA","Conference USA",-290,235,1,1.909090909,0.954545455,0.0658,0.743589744,0.298507463,0.048110256,-0.090207463,1,0,0,0,1.675,0.048110256,0,0,0.954545455,0.0772
"2122",0,401525546,"Louisville","Virginia",0.5685,1,1,0.9393,1,1,0.5384,1,-19.5,51.5,11,2023,1,0,"ACC","ACC",-1100,700,0,0,0.954545455,0.0685,0.916666667,0.125,0.022633333,-0.0643,1,0,1,1.090909091,0.545454545,0.022633333,1,1.909090909,0.954545455,0.0384
"2123",1,401520391,"Missouri","Tennessee",0.4223,0,1,0.3947,0,0,0.4178,0,1,58.5,11,2023,1,0,"SEC","SEC",110,-130,0,0,0.954545455,0.0777,0.476190476,0.565217391,-0.081490476,0.040082609,0,1,0,0,1.05,0.040082609,1,1.909090909,0.954545455,0.0822
"2124",1,401531384,"Navy","UAB",0.6048,1,1,0.4742,0,0,0.5582,1,4.5,52.5,11,2023,1,0,"American Athletic","American Athletic",130,-155,1,1.909090909,0.954545455,0.1048,0.434782609,0.607843137,0.039417391,-0.082043137,1,0,1,2.3,1.15,0.039417391,0,0,0.954545455,0.0582
"2125",1,401525890,"Oklahoma","West Virginia",0.3545,0,1,0.8626,1,1,0.5232,1,-12,58.5,11,2023,1,0,"Big 12","Big 12",-485,370,0,0,0.954545455,0.1455,0.829059829,0.212765957,0.033540171,-0.075365957,1,0,1,1.206185567,0.603092784,0.033540171,1,1.909090909,0.954545455,0.0232
"2126",0,401524053,"Oregon","USC",0.4429,0,1,0.8064,1,0,0.4835,0,-12.5,78.5,11,2023,1,0,"Pac-12","Pac-12",-1050,675,1,1.909090909,0.954545455,0.0571,0.913043478,0.129032258,-0.106643478,0.064567742,0,1,0,0,0.547619048,0.064567742,1,1.909090909,0.954545455,0.0165
"2127",1,401524054,"Oregon State","Stanford",0.4771,0,1,0.9184,1,1,0.4949,0,-20,54,11,2023,1,0,"Pac-12","Pac-12",-1450,850,0,0,0.954545455,0.0229,0.935483871,0.105263158,-0.017083871,-0.023663158,0,0,0,1,0.534482759,-0.017083871,0,0,0.954545455,0.0051
"2128",1,401520396,"South Carolina","Vanderbilt",0.398,0,1,0.8083,1,0,0.4553,0,-14,58,11,2023,1,0,"SEC","SEC",-520,390,0,0,0.954545455,0.102,0.838709677,0.204081633,-0.030409677,-0.012381633,0,0,0,1,0.596153846,-0.012381633,1,1.909090909,0.954545455,0.0447
"2129",0,401531393,"South Florida","Temple",0.5141,1,1,0.8166,1,0,0.3962,0,-7.5,66.5,11,2023,1,0,"American Athletic","American Athletic",-305,245,0,0,0.954545455,0.0141,0.75308642,0.289855072,0.06351358,-0.106455072,1,0,1,1.327868852,0.663934426,0.06351358,1,1.909090909,0.954545455,0.1038
"2130",1,401525891,"TCU","Texas",0.4103,0,0,0.2328,0,0,0.5889,1,6,56.5,11,2023,1,0,"Big 12","Big 12",410,-550,0,0,0.954545455,0.0897,0.196078431,0.846153846,0.036721569,-0.078953846,1,0,0,0,0.590909091,0.036721569,0,0,0.954545455,0.0889
"2131",0,401531344,"Tulane","Tulsa",0.6186,1,1,0.9293,1,0,0.391,0,-22.5,52.5,11,2023,1,0,"American Athletic","American Athletic",-2400,1200,0,0,0.954545455,0.1186,0.96,0.076923077,-0.0307,-0.006223077,0,0,0,1,0.520833333,-0.006223077,1,1.909090909,0.954545455,0.109
"2132",0,401532624,"Air Force","UNLV",0.4692,0,0,0.6141,1,1,0.4851,0,-4,47,12,2023,1,0,"Mountain West","Mountain West",-148,124,1,1.909090909,0.954545455,0.0308,0.596774194,0.446428571,0.017325806,-0.060528571,1,0,0,0,1.12,0.017325806,0,0,0.954545455,0.0149
"2133",1,401524058,"Arizona","Utah",0.5471,1,1,0.5912,1,1,0.5125,1,1,44.5,12,2023,1,0,"Pac-12","Pac-12",-135,120,1,1.909090909,0.954545455,0.0471,0.574468085,0.454545455,0.016731915,-0.045745455,1,0,1,1.740740741,0.87037037,0.016731915,1,1.909090909,0.954545455,0.0125
"2134",0,401524059,"Arizona State","Oregon",0.4675,0,0,0.0566,0,1,0.4839,0,22,54,12,2023,1,0,"Pac-12","Pac-12",1200,-2400,1,1.909090909,0.954545455,0.0325,0.076923077,0.96,-0.020323077,-0.0166,0,0,0,1,0.520833333,-0.0166,0,0,0.954545455,0.0161
"2135",0,401520402,"Arkansas","Florida International",0.4301,0,1,0.8816,1,1,0.4425,0,-32,52,12,2023,1,0,"SEC","Conference USA",-3200,1400,1,1.909090909,0.954545455,0.0699,0.96969697,0.066666667,-0.08809697,0.051733333,0,1,0,0,0.515625,0.051733333,0,0,0.954545455,0.0575
"2136",1,401531919,"Arkansas State","Texas State",0.4556,0,1,0.3168,0,1,0.4856,0,3.5,59.5,12,2023,1,0,"Sun Belt","Sun Belt",130,-155,0,0,0.954545455,0.0444,0.434782609,0.607843137,-0.117982609,0.075356863,0,1,0,0,1.15,0.075356863,0,0,0.954545455,0.0144
"2137",1,401520403,"Army","Coastal Carolina",0.5381,1,1,0.3177,0,1,0.6399,1,5.5,40.5,12,2023,1,0,"FBS Independents","Sun Belt",-105,-115,1,1.909090909,0.954545455,0.0381,0.512195122,0.534883721,-0.194495122,0.147416279,0,1,0,0,0.976190476,0.147416279,1,1.909090909,0.954545455,0.1399
"2138",0,401520404,"Auburn","New Mexico State",0.5125,1,0,0.9137,1,0,0.553,1,-22,48.5,12,2023,1,0,"SEC","Conference USA",-1800,1000,0,0,0.954545455,0.0125,0.947368421,0.090909091,-0.033668421,-0.004609091,0,0,0,1,5.5,-0.004609091,0,0,0.954545455,0.053
"2139",1,401525893,"BYU","Oklahoma",0.4003,0,0,0.0633,0,0,0.5527,1,24,57,12,2023,1,0,"Big 12","Big 12",1200,-2400,0,0,0.954545455,0.0997,0.076923077,0.96,-0.013623077,-0.0233,0,0,0,1,0.520833333,-0.013623077,0,0,0.954545455,0.0527
"2140",1,401532448,"Ball State","Kent State",0.5111,1,1,0.7895,1,0,0.4255,0,-13,42,12,2023,1,0,"Mid-American","Mid-American",-470,360,1,1.909090909,0.954545455,0.0111,0.824561404,0.217391304,-0.035061404,-0.006891304,0,0,0,1,0.606382979,-0.006891304,1,1.909090909,0.954545455,0.0745
"2141",1,401532443,"Bowling Green","Toledo",0.4647,0,0,0.242,0,1,0.4031,0,10,52,12,2023,1,0,"Mid-American","Mid-American",270,-340,0,0,0.954545455,0.0353,0.27027027,0.772727273,-0.02827027,-0.014727273,0,0,0,1,0.647058824,-0.014727273,0,0,0.954545455,0.0969
"2142",0,401531409,"Charlotte","Rice",0.4734,0,0,0.4208,0,0,0.4967,0,2,47.5,12,2023,1,0,"American Athletic","American Athletic",-102,-118,1,1.909090909,0.954545455,0.0266,0.504950495,0.541284404,-0.084150495,0.037915596,0,1,1,1.847457627,0.923728814,0.037915596,1,1.909090909,0.954545455,0.0033
"2143",1,401525554,"Clemson","North Carolina",0.4963,0,1,0.7119,1,0,0.4387,0,-7.5,58,12,2023,1,0,"ACC","ACC",-305,245,0,0,0.954545455,0.0037,0.75308642,0.289855072,-0.04118642,-0.001755072,0,0,0,1,0.663934426,-0.001755072,1,1.909090909,0.954545455,0.0613
"2144",0,401532621,"Colorado State","Nevada",0.5759,1,1,0.8028,1,1,0.5156,1,-11,47.5,12,2023,1,0,"Mountain West","Mountain West",-485,370,0,0,0.954545455,0.0759,0.829059829,0.212765957,-0.026259829,-0.015565957,0,0,0,1,0.603092784,-0.015565957,1,1.909090909,0.954545455,0.0156
"2145",0,401531375,"Florida Atlantic","Tulane",0.4551,0,0,0.2709,0,0,0.4677,0,9,48.5,12,2023,1,0,"American Athletic","American Athletic",275,-345,1,1.909090909,0.954545455,0.0449,0.266666667,0.775280899,0.004233333,-0.046180899,1,0,0,0,0.644927536,0.004233333,1,1.909090909,0.954545455,0.0323
"2146",0,401532622,"Fresno State","New Mexico",0.5925,1,0,0.9302,1,0,0.5479,1,-24,56.5,12,2023,1,0,"Mountain West","Mountain West",-1800,1000,0,0,0.954545455,0.0925,0.947368421,0.090909091,-0.017168421,-0.021109091,0,0,0,1,5.5,-0.017168421,0,0,0.954545455,0.0479
"2147",0,401531917,"Georgia Southern","Old Dominion",0.5217,1,0,0.7022,1,0,0.4747,0,-7,60.5,12,2023,1,0,"Sun Belt","Sun Belt",-225,185,0,0,0.954545455,0.0217,0.692307692,0.350877193,0.009892308,-0.053077193,1,0,0,0,1.425,0.009892308,1,1.909090909,0.954545455,0.0253
"2148",1,401525557,"Georgia Tech","Syracuse",0.3989,0,1,0.4851,0,0,0.3721,0,-6,53,12,2023,1,0,"ACC","ACC",-225,185,0,0,0.954545455,0.1011,0.692307692,0.350877193,-0.207207692,0.164022807,0,1,0,0,0.722222222,0.164022807,1,1.909090909,0.954545455,0.1279
"2149",0,401525894,"Houston","Oklahoma State",0.4598,0,0,0.348,0,1,0.566,1,7.5,59.5,12,2023,1,0,"Big 12","Big 12",205,-250,1,1.909090909,0.954545455,0.0402,0.327868852,0.714285714,0.020131148,-0.062285714,1,0,0,0,0.7,0.020131148,1,1.909090909,0.954545455,0.066
"2150",0,401520405,"Indiana","Michigan State",0.397,0,0,0.4978,0,0,0.4526,0,-4.5,47,12,2023,1,0,"Big Ten","Big Ten",-180,150,1,1.909090909,0.954545455,0.103,0.642857143,0.4,-0.145057143,0.1022,0,1,1,2.5,1.25,0.1022,1,1.909090909,0.954545455,0.0474
"2151",0,401525895,"Iowa State","Texas",0.5083,1,0,0.3279,0,0,0.5105,1,8,48.5,12,2023,1,0,"Big 12","Big 12",230,-285,0,0,0.954545455,0.0083,0.303030303,0.74025974,0.024869697,-0.06815974,1,0,0,0,0.675438596,0.024869697,0,0,0.954545455,0.0105
"2152",1,401520407,"Jacksonville State","Louisiana Tech",0.6098,1,1,0.765,1,1,0.5406,1,-9,55.5,12,2023,1,0,"Conference USA","Conference USA",-360,285,1,1.909090909,0.954545455,0.1098,0.782608696,0.25974026,-0.017608696,-0.02474026,0,0,0,1,0.638888889,-0.017608696,1,1.909090909,0.954545455,0.0406
"2153",1,401525896,"Kansas","Kansas State",0.5089,1,0,0.2664,0,1,0.5994,1,8,55.5,12,2023,1,0,"Big 12","Big 12",225,-278,1,1.909090909,0.954545455,0.0089,0.307692308,0.735449735,-0.041292308,-0.001849735,0,0,0,1,0.679856115,-0.001849735,1,1.909090909,0.954545455,0.0994
"2154",0,401520408,"Liberty","Massachusetts",0.4878,0,1,0.9105,1,1,0.3741,0,-28,62,12,2023,1,0,"Conference USA","FBS Independents",-2800,1300,1,1.909090909,0.954545455,0.0122,0.965517241,0.071428571,-0.055017241,0.018071429,0,1,0,0,0.517857143,0.018071429,0,0,0.954545455,0.1259
"2155",1,401520410,"Maryland","Michigan",0.5039,1,0,0.0898,0,1,0.4346,0,21,50,12,2023,1,0,"Big Ten","Big Ten",600,-900,1,1.909090909,0.954545455,0.0039,0.142857143,0.9,-0.053057143,0.0102,0,1,1,1.111111111,0.555555556,0.0102,0,0,0.954545455,0.0654
"2156",1,401531431,"Memphis","SMU",0.5023,1,0,0.2462,0,1,0.3427,0,7.5,67.5,12,2023,1,0,"American Athletic","American Athletic",295,-375,1,1.909090909,0.954545455,0.0023,0.253164557,0.789473684,-0.006964557,-0.035673684,0,0,0,1,0.633333333,-0.006964557,0,0,0.954545455,0.1573
"2157",0,401520411,"Middle Tennessee","UTEP",0.4248,0,1,0.609,1,1,0.5635,1,-8,48.5,12,2023,1,0,"Conference USA","Conference USA",-340,270,1,1.909090909,0.954545455,0.0752,0.772727273,0.27027027,-0.163727273,0.12072973,0,1,0,0,0.647058824,0.12072973,1,1.909090909,0.954545455,0.0635
"2158",1,401520412,"Mississippi State","Southern Miss",0.3679,0,1,0.8305,1,1,0.4369,0,-14,46.5,12,2023,1,0,"SEC","Sun Belt",-850,575,0,0,0.954545455,0.1321,0.894736842,0.148148148,-0.064236842,0.021351852,0,1,0,0,0.558823529,0.021351852,0,0,0.954545455,0.0631
"2159",1,401532444,"Northern Illinois","Western Michigan",0.4526,0,1,0.6256,1,0,0.5563,1,-3,55.5,12,2023,1,0,"Mid-American","Mid-American",-198,164,0,0,0.954545455,0.0474,0.66442953,0.378787879,-0.03882953,-0.004387879,0,0,0,1,0.752525253,-0.004387879,0,0,0.954545455,0.0563
"2160",1,401520414,"Northwestern","Purdue",0.5938,1,1,0.6088,1,0,0.4398,0,-1,48.5,12,2023,1,0,"Big Ten","Big Ten",-135,114,1,1.909090909,0.954545455,0.0938,0.574468085,0.46728972,0.034331915,-0.07608972,1,0,1,1.740740741,0.87037037,0.034331915,1,1.909090909,0.954545455,0.0602
"2161",1,401525442,"Notre Dame","Wake Forest",0.5516,1,1,0.9547,1,1,0.4579,0,-25,47.5,12,2023,1,0,"FBS Independents","ACC",-2100,1100,1,1.909090909,0.954545455,0.0516,0.954545455,0.083333333,0.000154545,-0.038033333,1,0,1,1.047619048,0.523809524,0.000154545,0,0,0.954545455,0.0421
"2162",0,401520416,"Ole Miss","UL Monroe",0.5344,1,1,0.9517,1,0,0.467,0,-37,62,12,2023,1,0,"SEC","Sun Belt",-20000,3500,0,0,0.954545455,0.0344,0.995024876,0.027777778,-0.043324876,0.020522222,0,1,0,0,0.5025,0.020522222,1,1.909090909,0.954545455,0.033
"2163",0,401524060,"Oregon State","Washington",0.5032,1,0,0.4552,0,0,0.5428,1,1,64,12,2023,1,0,"Pac-12","Pac-12",-118,-102,0,0,0.954545455,0.0032,0.541284404,0.504950495,-0.086084404,0.039849505,0,1,1,1.980392157,0.990196078,0.039849505,0,0,0.954545455,0.0428
"2164",1,401520417,"Penn State","Rutgers",0.4993,0,1,0.9355,1,0,0.4933,0,-19.5,43.5,12,2023,1,0,"Big Ten","Big Ten",-1100,700,0,0,0.954545455,7e-04,0.916666667,0.125,0.018833333,-0.0605,1,0,1,1.090909091,0.545454545,0.018833333,1,1.909090909,0.954545455,0.0067
"2165",0,401525898,"Texas Tech","UCF",0.5079,1,1,0.5611,1,0,0.5081,1,-3,60,12,2023,1,0,"Big 12","Big 12",-130,110,0,0,0.954545455,0.0079,0.565217391,0.476190476,-0.004117391,-0.037290476,0,0,0,1,0.884615385,-0.004117391,0,0,0.954545455,0.0081
"2166",1,401532452,"Akron","Ohio",0.4212,0,0,0.1394,0,0,0.4664,0,13.5,41.5,13,2023,1,0,"Mid-American","Mid-American",525,-750,0,0,0.954545455,0.0788,0.16,0.882352941,-0.0206,-0.021752941,0,0,0,1,0.566666667,-0.0206,1,1.909090909,0.954545455,0.0336
"2167",1,401531922,"App State","Georgia Southern",0.4549,0,1,0.7085,1,1,0.4309,0,-7.5,62.5,13,2023,1,0,"Sun Belt","Sun Belt",-375,295,0,0,0.954545455,0.0451,0.789473684,0.253164557,-0.080973684,0.038335443,0,1,0,0,0.633333333,0.038335443,0,0,0.954545455,0.0691
"2168",0,401520426,"Arkansas","Missouri",0.3684,0,0,0.1961,0,1,0.468,0,7,53.5,13,2023,1,0,"SEC","SEC",280,-355,1,1.909090909,0.954545455,0.1316,0.263157895,0.78021978,-0.067057895,0.02368022,0,1,1,1.281690141,0.64084507,0.02368022,0,0,0.954545455,0.032
"2169",1,401532454,"Ball State","Miami (OH)",0.4598,0,0,0.3098,0,0,0.5083,1,6.5,34.5,13,2023,1,0,"Mid-American","Mid-American",142,-170,0,0,0.954545455,0.0402,0.41322314,0.62962963,-0.10342314,0.06057037,0,1,1,1.588235294,0.794117647,0.06057037,0,0,0.954545455,0.0083
"2170",1,401525902,"Baylor","West Virginia",0.4759,0,0,0.2852,0,1,0.3988,0,6.5,53.5,13,2023,1,0,"Big 12","Big 12",360,-470,0,0,0.954545455,0.0241,0.217391304,0.824561404,0.067808696,-0.109761404,1,0,0,0,0.606382979,0.067808696,0,0,0.954545455,0.1012
"2171",0,401525560,"Boston College","Miami",0.6444,1,0,0.3572,0,1,0.5376,1,9,50.5,13,2023,1,0,"ACC","ACC",280,-355,0,0,0.954545455,0.1444,0.263157895,0.78021978,0.094042105,-0.13741978,1,0,0,0,0.64084507,0.094042105,1,1.909090909,0.954545455,0.0376
"2172",0,401532449,"Buffalo","Eastern Michigan",0.4451,0,0,0.6112,1,0,0.4846,0,-6.5,37.5,13,2023,1,0,"Mid-American","Mid-American",-230,190,1,1.909090909,0.954545455,0.0549,0.696969697,0.344827586,-0.085769697,0.043972414,0,1,1,2.9,1.45,0.043972414,1,1.909090909,0.954545455,0.0154
"2173",0,401532451,"Central Michigan","Toledo",0.4924,0,0,0.1728,0,0,0.5618,1,12.5,54.5,13,2023,1,0,"Mid-American","Mid-American",270,-340,1,1.909090909,0.954545455,0.0076,0.27027027,0.772727273,-0.09747027,0.054472727,0,1,1,1.294117647,0.647058824,0.054472727,0,0,0.954545455,0.0618
"2174",0,401525903,"Cincinnati","Kansas",0.5237,1,0,0.3645,0,1,0.623,1,6,59.5,13,2023,1,0,"Big 12","Big 12",250,-310,0,0,0.954545455,0.0237,0.285714286,0.756097561,0.078785714,-0.120597561,1,0,0,0,0.661290323,0.078785714,1,1.909090909,0.954545455,0.123
"2175",0,401531923,"Coastal Carolina","James Madison",0.5224,1,0,0.314,0,1,0.5215,1,9.5,50.5,13,2023,1,0,"Sun Belt","Sun Belt",160,-192,0,0,0.954545455,0.0224,0.384615385,0.657534247,-0.070615385,0.028465753,0,1,1,1.520833333,0.760416667,0.028465753,1,1.909090909,0.954545455,0.0215
"2176",1,401525561,"Duke","Pittsburgh",0.4197,0,1,0.7141,1,1,0.5188,1,-6.5,40.5,13,2023,1,0,"ACC","ACC",-185,154,0,0,0.954545455,0.0803,0.649122807,0.393700787,0.064977193,-0.107800787,1,0,1,1.540540541,0.77027027,0.064977193,1,1.909090909,0.954545455,0.0188
"2177",0,401531346,"East Carolina","Tulsa",0.5647,1,0,0.6464,1,1,0.5434,1,-3,44.5,13,2023,1,0,"American Athletic","American Athletic",-142,120,0,0,0.954545455,0.0647,0.58677686,0.454545455,0.05962314,-0.100945455,1,0,0,0,1.1,0.05962314,1,1.909090909,0.954545455,0.0434
"2178",0,401520429,"Florida","Florida State",0.3927,0,0,0.2385,0,0,0.4698,0,6,51,13,2023,1,0,"SEC","ACC",185,-225,1,1.909090909,0.954545455,0.1073,0.350877193,0.692307692,-0.112377193,0.069192308,0,1,1,1.444444444,0.722222222,0.069192308,1,1.909090909,0.954545455,0.0302
"2179",0,401520428,"Florida International","Western Kentucky",0.403,0,0,0.1977,0,1,0.4205,0,10,54.5,13,2023,1,0,"Conference USA","Conference USA",350,-455,1,1.909090909,0.954545455,0.097,0.222222222,0.81981982,-0.024522222,-0.01751982,0,0,0,1,0.60989011,-0.01751982,0,0,0.954545455,0.0795
"2180",0,401520431,"Illinois","Northwestern",0.402,0,0,0.5237,1,1,0.4552,0,-5,46.5,13,2023,1,0,"Big Ten","Big Ten",-192,160,1,1.909090909,0.954545455,0.098,0.657534247,0.384615385,-0.133834247,0.091684615,0,1,1,2.6,1.3,0.091684615,0,0,0.954545455,0.0448
"2181",1,401532453,"Kent State","Northern Illinois",0.4943,0,0,0.089,0,1,0.5235,1,18.5,44.5,13,2023,1,0,"Mid-American","Mid-American",1000,-1800,0,0,0.954545455,0.0057,0.090909091,0.947368421,-0.001909091,-0.036368421,0,0,0,1,0.527777778,-0.001909091,1,1.909090909,0.954545455,0.0235
"2182",1,401520433,"LSU","Texas A&M",0.417,0,1,0.824,1,1,0.4436,0,-10.5,67.5,13,2023,1,0,"SEC","SEC",-440,340,0,0,0.954545455,0.083,0.814814815,0.227272727,0.009185185,-0.051272727,1,0,1,1.227272727,0.613636364,0.009185185,0,0,0.954545455,0.0564
"2183",1,401531926,"Louisiana","UL Monroe",0.4421,0,1,0.8591,1,1,0.4891,0,-12.5,53.5,13,2023,1,0,"Sun Belt","Sun Belt",-455,350,0,0,0.954545455,0.0579,0.81981982,0.222222222,0.03928018,-0.081322222,1,0,1,1.21978022,0.60989011,0.03928018,0,0,0.954545455,0.0109
"2184",0,401520443,"Massachusetts","UConn",0.4559,0,0,0.5485,1,0,0.3984,0,2.5,50.5,13,2023,1,0,"FBS Independents","FBS Independents",-130,110,1,1.909090909,0.954545455,0.0441,0.565217391,0.476190476,-0.016717391,-0.024690476,0,0,0,1,1.05,-0.016717391,1,1.909090909,0.954545455,0.1016
"2185",1,401520434,"Michigan","Ohio State",0.4701,0,1,0.5916,1,1,0.4888,0,-4,47,13,2023,1,0,"Big Ten","Big Ten",-155,130,0,0,0.954545455,0.0299,0.607843137,0.434782609,-0.016243137,-0.026382609,0,0,0,1,0.822580645,-0.016243137,0,0,0.954545455,0.0112
"2186",0,401520436,"Minnesota","Wisconsin",0.2968,0,0,0.369,0,0,0.4715,0,1.5,42,13,2023,1,0,"Big Ten","Big Ten",130,-155,1,1.909090909,0.954545455,0.2032,0.434782609,0.607843137,-0.065782609,0.023156863,0,1,1,1.64516129,0.822580645,0.023156863,1,1.909090909,0.954545455,0.0285
"2187",1,401520424,"Mississippi State","Ole Miss",0.4622,0,0,0.1606,0,0,0.4461,0,11,56,13,2023,1,0,"SEC","SEC",300,-380,0,0,0.954545455,0.0378,0.25,0.791666667,-0.0894,0.047733333,0,1,1,1.263157895,0.631578947,0.047733333,1,1.909090909,0.954545455,0.0539
"2188",1,401525562,"NC State","North Carolina",0.4752,0,1,0.5417,1,1,0.4347,0,2,55,13,2023,1,0,"ACC","ACC",114,-135,0,0,0.954545455,0.0248,0.46728972,0.574468085,0.07441028,-0.116168085,1,0,1,2.14,1.07,0.07441028,0,0,0.954545455,0.0653
"2189",0,401532630,"Nevada","Wyoming",0.4555,0,0,0.1722,0,1,0.5341,1,11,41.5,13,2023,1,0,"Mountain West","Mountain West",320,-410,1,1.909090909,0.954545455,0.0445,0.238095238,0.803921569,-0.065895238,0.023878431,0,1,1,1.243902439,0.62195122,0.023878431,1,1.909090909,0.954545455,0.0341
"2190",1,401532629,"New Mexico","Utah State",0.3997,0,0,0.2116,0,1,0.4352,0,8.5,58.5,13,2023,1,0,"Mountain West","Mountain West",170,-205,0,0,0.954545455,0.1003,0.37037037,0.672131148,-0.15877037,0.116268852,0,1,1,1.487804878,0.743902439,0.116268852,0,0,0.954545455,0.0648
"2191",1,401531386,"North Texas","UAB",0.4928,0,1,0.532,1,1,0.4223,0,-3,72.5,13,2023,1,0,"American Athletic","American Athletic",-135,114,0,0,0.954545455,0.0072,0.574468085,0.46728972,-0.042468085,0.00071028,0,1,0,0,0.87037037,0.00071028,0,0,0.954545455,0.0777
"2192",1,401525900,"Oklahoma","TCU",0.5817,1,1,0.8758,1,1,0.5255,1,-12.5,66.5,13,2023,1,0,"Big 12","Big 12",-425,330,1,1.909090909,0.954545455,0.0817,0.80952381,0.23255814,0.06627619,-0.10835814,1,0,1,1.235294118,0.617647059,0.06627619,1,1.909090909,0.954545455,0.0255
"2193",1,401524063,"Oregon","Oregon State",0.4351,0,1,0.8991,1,0,0.4246,0,-14,61.5,13,2023,1,0,"Pac-12","Pac-12",-600,440,0,0,0.954545455,0.0649,0.857142857,0.185185185,0.041957143,-0.084285185,1,0,1,1.166666667,0.583333333,0.041957143,1,1.909090909,0.954545455,0.0754
"2194",0,401531927,"Southern Miss","Troy",0.5186,1,0,0.1077,0,1,0.4989,0,16.5,48.5,13,2023,1,0,"Sun Belt","Sun Belt",575,-850,0,0,0.954545455,0.0186,0.148148148,0.894736842,-0.040448148,-0.002436842,0,0,0,1,0.558823529,-0.002436842,0,0,0.954545455,0.0011
"2195",1,401525563,"Syracuse","Wake Forest",0.4885,0,1,0.638,1,1,0.5637,1,-3,43.5,13,2023,1,0,"ACC","ACC",-118,-102,0,0,0.954545455,0.0115,0.541284404,0.504950495,0.096715596,-0.142950495,1,0,1,1.847457627,0.923728814,0.096715596,1,1.909090909,0.954545455,0.0637
"2196",0,401520442,"Tennessee","Vanderbilt",0.5011,1,1,0.9167,1,1,0.5,0,-25.5,56.5,13,2023,1,0,"SEC","SEC",-3200,1400,0,0,0.954545455,0.0011,0.96969697,0.066666667,-0.05299697,0.016633333,0,1,0,0,0.515625,0.016633333,0,0,0.954545455,0
"2197",1,401525901,"Texas","Texas Tech",0.4482,0,1,0.7306,1,1,0.4989,0,-13.5,53.5,13,2023,1,0,"Big 12","Big 12",-675,490,0,0,0.954545455,0.0518,0.870967742,0.169491525,-0.140367742,0.099908475,0,1,0,0,0.574074074,0.099908475,0,0,0.954545455,0.0011
"2198",1,401531376,"Tulane","UTSA",0.5096,1,1,0.563,1,0,0.5247,1,-2.5,51.5,13,2023,1,0,"American Athletic","American Athletic",-170,142,1,1.909090909,0.954545455,0.0096,0.62962963,0.41322314,-0.06662963,0.02377686,0,1,0,0,0.794117647,0.02377686,0,0,0.954545455,0.0247
"2199",0,401525564,"Virginia","Virginia Tech",0.4157,0,0,0.3437,0,1,0.4685,0,2.5,52.5,13,2023,1,0,"ACC","ACC",-105,-115,1,1.909090909,0.954545455,0.0843,0.512195122,0.534883721,-0.168495122,0.121416279,0,1,1,1.869565217,0.934782609,0.121416279,0,0,0.954545455,0.0315
"2200",0,401524068,"Washington","Washington State",0.594,1,1,0.9193,1,0,0.561,1,-16,68.5,13,2023,1,0,"Pac-12","Pac-12",-675,490,0,0,0.954545455,0.094,0.870967742,0.169491525,0.048332258,-0.088791525,1,0,1,1.148148148,0.574074074,0.048332258,0,0,0.954545455,0.061
"2201",1,401539476,"Liberty","New Mexico State",0.4206,0,1,0.7789,1,1,0.4323,0,-10.5,54,14,2023,1,0,"Conference USA","Conference USA",-375,295,0,0,0.954545455,0.0794,0.789473684,0.253164557,-0.010573684,-0.032064557,0,0,0,1,0.633333333,-0.010573684,0,0,0.954545455,0.0677
"2202",0,401551755,"Eastern Michigan","South Alabama",0.4881,0,0,0.0951,0,1,0.5683,1,17.5,42.5,20,2023,1,0,"Mid-American","Sun Belt",500,-750,1,1.909090909,0.954545455,0.0119,0.166666667,0.882352941,-0.071566667,0.022547059,0,1,1,1.133333333,0.566666667,0.022547059,1,1.909090909,0.954545455,0.0683
"2203",0,401551767,"Iowa State","Memphis",0.5273,1,0,0.6757,1,1,0.3961,0,-5.5,57.5,20,2023,1,0,"Big 12","American Athletic",-395,310,0,0,0.954545455,0.0273,0.797979798,0.243902439,-0.122279798,0.080397561,0,1,1,4.1,2.05,0.080397561,0,0,0.954545455,0.1039
"2204",0,401643790,"App State","South Alabama",0.4031,0,0,0.6182,1,0,0.3751,0,-8,62.5,4,2024,1,0,"Sun Belt","Sun Belt",-310,250,1,1.909090909,0.954545455,0.0969,0.756097561,0.285714286,-0.137897561,0.096085714,0,1,1,3.5,1.75,0.096085714,1,1.909090909,0.954545455,0.1249
"2205",1,401645328,"Army","Rice",0.5875,1,1,0.8329,1,1,0.5583,1,-7.5,43.5,4,2024,1,0,"American Athletic","American Athletic",-290,235,1,1.909090909,0.954545455,0.0875,0.743589744,0.298507463,0.089310256,-0.131407463,1,0,1,1.344827586,0.672413793,0.089310256,1,1.909090909,0.954545455,0.0583
"2206",1,401636872,"BYU","Kansas State",0.4254,0,1,0.264,0,0,0.4918,0,7.5,49.5,4,2024,1,0,"Big 12","Big 12",220,-270,0,0,0.954545455,0.0746,0.3125,0.72972973,-0.0485,0.00627027,0,1,0,0,1.6,0.00627027,1,1.909090909,0.954545455,0.0082
"2207",0,401628490,"Boston College","Michigan State",0.5361,1,1,0.7063,1,0,0.4687,0,-4.5,45.5,4,2024,1,0,"ACC","Big Ten",-205,170,0,0,0.954545455,0.0361,0.672131148,0.37037037,0.034168852,-0.07667037,1,0,1,1.487804878,0.743902439,0.034168852,1,1.909090909,0.954545455,0.0313
"2208",1,401636873,"Cincinnati","Houston",0.4788,0,1,0.5839,1,0,0.4937,0,-4,47.5,4,2024,1,0,"Big 12","Big 12",-170,142,0,0,0.954545455,0.0212,0.62962963,0.41322314,-0.04572963,0.00287686,0,1,0,0,0.794117647,0.00287686,1,1.909090909,0.954545455,0.0063
"2209",1,401635552,"Clemson","NC State",0.5427,1,1,0.8923,1,1,0.5194,1,-17,44,4,2024,1,0,"ACC","ACC",-800,550,1,1.909090909,0.954545455,0.0427,0.888888889,0.153846154,0.003411111,-0.046146154,1,0,1,1.125,0.5625,0.003411111,1,1.909090909,0.954545455,0.0194
"2210",0,401635558,"Coastal Carolina","Virginia",0.5629,1,0,0.4461,0,1,0.5363,1,3.5,52,4,2024,1,0,"Sun Belt","ACC",145,-175,0,0,0.954545455,0.0629,0.408163265,0.636363636,0.037936735,-0.082463636,1,0,0,0,0.785714286,0.037936735,1,1.909090909,0.954545455,0.0363
"2211",1,401641028,"Colorado State","UTEP",0.4807,0,1,0.8188,1,0,0.4939,0,-8.5,49,4,2024,1,0,"Mountain West","Conference USA",-305,245,0,0,0.954545455,0.0193,0.75308642,0.289855072,0.06571358,-0.108655072,1,0,1,1.327868852,0.663934426,0.06571358,1,1.909090909,0.954545455,0.0061
"2212",1,401641000,"Jacksonville State","Southern Miss",0.5083,1,1,0.8164,1,0,0.4707,0,-6,59,4,2024,1,0,"Conference USA","Sun Belt",-238,195,1,1.909090909,0.954545455,0.0083,0.704142012,0.338983051,0.112257988,-0.155383051,1,0,1,1.420168067,0.710084034,0.112257988,1,1.909090909,0.954545455,0.0293
"2213",1,401628364,"Kentucky","Ohio",0.3671,0,1,0.8317,1,1,0.5119,1,-21.5,42,4,2024,1,0,"SEC","Mid-American",-2100,1100,0,0,0.954545455,0.1329,0.954545455,0.083333333,-0.122845455,0.084966667,0,1,0,0,0.523809524,0.084966667,1,1.909090909,0.954545455,0.0119
"2214",0,401628365,"LSU","UCLA",0.4754,0,1,0.8639,1,0,0.528,1,-21.5,56.5,4,2024,1,0,"SEC","Big Ten",-1800,1000,1,1.909090909,0.954545455,0.0246,0.947368421,0.090909091,-0.083468421,0.045190909,0,1,0,0,0.527777778,0.045190909,0,0,0.954545455,0.028
"2215",0,401643791,"Louisiana","Tulane",0.4522,0,0,0.5613,1,1,0.4766,0,1.5,53,4,2024,1,0,"Sun Belt","American Athletic",-102,-118,1,1.909090909,0.954545455,0.0478,0.504950495,0.541284404,0.056349505,-0.102584404,1,0,0,0,0.923728814,0.056349505,0,0,0.954545455,0.0234
"2216",0,401641008,"Louisiana Tech","Tulsa",0.5321,1,0,0.6426,1,0,0.5113,1,-3,56.5,4,2024,1,0,"Conference USA","American Athletic",-135,114,0,0,0.954545455,0.0321,0.574468085,0.46728972,0.068131915,-0.10988972,1,0,0,0,1.07,0.068131915,0,0,0.954545455,0.0113
"2217",1,401628489,"Michigan","USC",0.4652,0,1,0.3393,0,1,0.4925,0,4,44,4,2024,1,0,"Big Ten","Big Ten",154,-185,0,0,0.954545455,0.0348,0.393700787,0.649122807,-0.054400787,0.011577193,0,1,0,0,1.27,0.011577193,0,0,0.954545455,0.0075
"2218",0,401628368,"Missouri","Vanderbilt",0.4693,0,1,0.8919,1,1,0.5036,1,-17.5,52,4,2024,1,0,"SEC","SEC",-950,625,1,1.909090909,0.954545455,0.0307,0.904761905,0.137931034,-0.012861905,-0.029831034,0,0,0,1,0.552631579,-0.012861905,1,1.909090909,0.954545455,0.0036
"2219",1,401643716,"North Texas","Wyoming",0.3549,0,1,0.7212,1,1,0.4433,0,-7,55,4,2024,1,0,"American Athletic","Mountain West",-250,205,0,0,0.954545455,0.1451,0.714285714,0.327868852,0.006914286,-0.049068852,1,0,1,1.4,0.7,0.006914286,0,0,0.954545455,0.0567
"2220",0,401628369,"Oklahoma","Tennessee",0.5409,1,0,0.3535,0,0,0.452,0,6,57,4,2024,1,0,"SEC","SEC",185,-225,0,0,0.954545455,0.0409,0.350877193,0.692307692,0.002622807,-0.045807692,1,0,0,0,0.722222222,0.002622807,1,1.909090909,0.954545455,0.048
"2221",0,401636876,"Oklahoma State","Utah",0.5786,1,0,0.6189,1,0,0.5118,1,1,53.5,4,2024,1,0,"Big 12","Big 12",-105,-115,0,0,0.954545455,0.0786,0.512195122,0.534883721,0.106704878,-0.153783721,1,0,0,0,0.934782609,0.106704878,0,0,0.954545455,0.0118
"2222",1,401643717,"Oregon State","Purdue",0.5324,1,1,0.5908,1,1,0.5089,1,-1.5,51,4,2024,1,0,"Pac-12","Big Ten",-118,-102,1,1.909090909,0.954545455,0.0324,0.541284404,0.504950495,0.049515596,-0.095750495,1,0,1,1.847457627,0.923728814,0.049515596,1,1.909090909,0.954545455,0.0089
"2223",1,401635557,"SMU","TCU",0.4377,0,1,0.5006,1,1,0.5576,1,1,58.5,4,2024,1,0,"ACC","Big 12",-105,-115,0,0,0.954545455,0.0623,0.512195122,0.534883721,-0.011595122,-0.035483721,0,0,0,1,0.976190476,-0.011595122,1,1.909090909,0.954545455,0.0576
"2224",1,401643715,"Temple","Utah State",0.4577,0,1,0.268,0,1,0.5665,1,6.5,53.5,4,2024,1,0,"American Athletic","Mountain West",195,-238,0,0,0.954545455,0.0423,0.338983051,0.704142012,-0.070983051,0.027857988,0,1,0,0,1.475,0.027857988,1,1.909090909,0.954545455,0.0665
"2225",1,401628371,"Texas","UL Monroe",0.5428,1,1,0.8971,1,0,0.4444,0,-43.5,54.5,4,2024,1,0,"SEC","Sun Belt",NA,NA,1,1.909090909,0.954545455,0.0428,NA,NA,NA,NA,NA,NA,NA,NA,NA,NA,1,1.909090909,0.954545455,0.0556
"2226",1,401628374,"Alabama","Georgia",0.5201,1,1,0.6312,1,1,0.5323,1,2,50,5,2024,1,0,"SEC","SEC",105,-125,1,1.909090909,0.954545455,0.0201,0.487804878,0.555555556,0.143395122,-0.186755556,1,0,1,2.05,1.025,0.143395122,1,1.909090909,0.954545455,0.0323
"2227",0,401628375,"Auburn","Oklahoma",0.4235,0,0,0.2985,0,1,0.424,0,-2,43,5,2024,1,0,"SEC","SEC",-125,105,1,1.909090909,0.954545455,0.0765,0.555555556,0.487804878,-0.257055556,0.213695122,0,1,1,2.05,1.025,0.213695122,0,0,0.954545455,0.076
"2228",0,401636880,"Baylor","BYU",0.5079,1,0,0.5709,1,1,0.4793,0,-3,47,5,2024,1,0,"Big 12","Big 12",-155,130,0,0,0.954545455,0.0079,0.607843137,0.434782609,-0.036943137,-0.005682609,0,0,0,1,1.15,-0.005682609,0,0,0.954545455,0.0207
"2229",1,401643719,"Boise State","Washington State",0.3978,0,1,0.5016,1,1,0.4695,0,-6.5,66,5,2024,1,0,"Mountain West","Pac-12",-238,195,0,0,0.954545455,0.1022,0.704142012,0.338983051,-0.202542012,0.159416949,0,1,0,0,0.710084034,0.159416949,0,0,0.954545455,0.0305
"2230",0,401635560,"Boston College","Western Kentucky",0.4767,0,1,0.6653,1,0,0.4743,0,-7.5,48,5,2024,1,0,"ACC","Conference USA",-285,230,1,1.909090909,0.954545455,0.0233,0.74025974,0.303030303,-0.07495974,0.031669697,0,1,0,0,0.675438596,0.031669697,1,1.909090909,0.954545455,0.0257
"2231",0,401643795,"Bowling Green","Old Dominion",0.5024,1,0,0.7318,1,1,0.4663,0,-11,51.5,5,2024,1,0,"Mid-American","Sun Belt",-395,310,0,0,0.954545455,0.0024,0.797979798,0.243902439,-0.066179798,0.024297561,0,1,1,4.1,2.05,0.024297561,0,0,0.954545455,0.0337
"2232",0,401643721,"Central Michigan","San Diego State",0.4864,0,1,0.5048,1,0,0.5503,1,-2.5,47.5,5,2024,1,0,"Mid-American","Mountain West",-130,110,1,1.909090909,0.954545455,0.0136,0.565217391,0.476190476,-0.060417391,0.019009524,0,1,0,0,0.884615385,0.019009524,0,0,0.954545455,0.0503
"2233",1,401635561,"Clemson","Stanford",0.5632,1,1,0.9086,1,0,0.5156,1,-24,58,5,2024,1,0,"ACC","ACC",-2800,1300,1,1.909090909,0.954545455,0.0632,0.965517241,0.071428571,-0.056917241,0.019971429,0,1,0,0,0.517857143,0.019971429,0,0,0.954545455,0.0156
"2234",1,401635562,"Duke","North Carolina",0.3811,0,1,0.3033,0,0,0.5009,1,1,55.5,5,2024,1,0,"ACC","ACC",-105,-115,0,0,0.954545455,0.1189,0.512195122,0.534883721,-0.208895122,0.161816279,0,1,0,0,0.976190476,0.161816279,0,0,0.954545455,9e-04
"2235",1,401645334,"East Carolina","UTSA",0.4368,0,1,0.5466,1,0,0.5365,1,-2,53.5,5,2024,1,0,"American Athletic","American Athletic",-130,110,0,0,0.954545455,0.0632,0.565217391,0.476190476,-0.018617391,-0.022790476,0,0,0,1,0.884615385,-0.018617391,0,0,0.954545455,0.0365
"2236",0,401636881,"Houston","Iowa State",0.5243,1,0,0.1758,0,0,0.5782,1,16,43,5,2024,1,0,"Big 12","Big 12",525,-750,0,0,0.954545455,0.0243,0.16,0.882352941,0.0158,-0.058152941,1,0,0,0,0.566666667,0.0158,0,0,0.954545455,0.0782
"2237",1,401628496,"Indiana","Maryland",0.5362,1,1,0.8195,1,1,0.426,0,-7.5,50,5,2024,1,0,"Big Ten","Big Ten",-290,235,1,1.909090909,0.954545455,0.0362,0.743589744,0.298507463,0.075910256,-0.118007463,1,0,1,1.344827586,0.672413793,0.075910256,0,0,0.954545455,0.074
"2238",1,401636883,"Kansas State","Oklahoma State",0.6192,1,1,0.7881,1,1,0.565,1,-6,58,5,2024,1,0,"Big 12","Big 12",-230,190,1,1.909090909,0.954545455,0.1192,0.696969697,0.344827586,0.091130303,-0.132927586,1,0,1,1.434782609,0.717391304,0.091130303,1,1.909090909,0.954545455,0.065
"2239",1,401628376,"LSU","South Alabama",0.474,0,1,0.8879,1,0,0.4354,0,-21,64.5,5,2024,1,0,"SEC","Sun Belt",-1450,850,0,0,0.954545455,0.026,0.935483871,0.105263158,-0.047583871,0.006836842,0,1,0,0,0.534482759,0.006836842,1,1.909090909,0.954545455,0.0646
"2240",1,401643794,"Marshall","Western Michigan",0.3906,0,1,0.5967,1,0,0.5086,1,-3.5,53.5,5,2024,1,0,"Sun Belt","Mid-American",-166,140,0,0,0.954545455,0.1094,0.62406015,0.416666667,-0.02736015,-0.013366667,0,0,0,1,0.801204819,-0.013366667,0,0,0.954545455,0.0086
"2241",0,401641025,"Memphis","Middle Tennessee",0.402,0,1,0.9215,1,0,0.4676,0,-27,62,5,2024,1,0,"American Athletic","Conference USA",-4000,1600,1,1.909090909,0.954545455,0.098,0.975609756,0.058823529,-0.054109756,0.019676471,0,1,0,0,0.5125,0.019676471,1,1.909090909,0.954545455,0.0324
"2242",0,401634767,"Miami","Virginia Tech",0.516,1,1,0.9421,1,1,0.5158,1,-17.5,55.5,5,2024,1,0,"ACC","ACC",-900,600,0,0,0.954545455,0.016,0.9,0.142857143,0.0421,-0.084957143,1,0,1,1.111111111,0.555555556,0.0421,1,1.909090909,0.954545455,0.0158
"2243",0,401628497,"Michigan","Minnesota",0.6696,1,1,0.8471,1,1,0.3629,0,-10.5,34.5,5,2024,1,0,"Big Ten","Big Ten",-410,320,0,0,0.954545455,0.1696,0.803921569,0.238095238,0.043178431,-0.085195238,1,0,1,1.243902439,0.62195122,0.043178431,0,0,0.954545455,0.1371
"2244",0,401628498,"Michigan State","Ohio State",0.4373,0,0,0.1078,0,0,0.4824,0,23.5,48.5,5,2024,1,0,"Big Ten","Big Ten",1200,-2400,1,1.909090909,0.954545455,0.0627,0.076923077,0.96,0.030876923,-0.0678,1,0,0,0,0.520833333,0.030876923,1,1.909090909,0.954545455,0.0176
"2245",1,401635564,"NC State","Northern Illinois",0.4829,0,1,0.712,1,0,0.5094,1,-7,46,5,2024,1,0,"ACC","Mid-American",-265,215,0,0,0.954545455,0.0171,0.726027397,0.317460317,-0.014027397,-0.029460317,0,0,0,1,0.688679245,-0.014027397,0,0,0.954545455,0.0094
"2246",1,401645336,"North Texas","Tulsa",0.5446,1,1,0.7182,1,1,0.5452,1,-7,65.5,5,2024,1,0,"American Athletic","American Athletic",-258,210,1,1.909090909,0.954545455,0.0446,0.720670391,0.322580645,-0.002470391,-0.040780645,0,0,0,1,0.69379845,-0.002470391,1,1.909090909,0.954545455,0.0452
"2247",1,401628501,"Rutgers","Washington",0.4396,0,1,0.3753,0,0,0.5383,1,-1.5,44.5,5,2024,1,0,"Big Ten","Big Ten",-120,105,0,0,0.954545455,0.0604,0.545454545,0.487804878,-0.170154545,0.136895122,0,1,0,0,0.916666667,0.136895122,0,0,0.954545455,0.0383
"2248",0,401643796,"Troy","UL Monroe",0.4593,0,0,0.5801,1,0,0.5301,1,-6,46,5,2024,1,0,"Sun Belt","Sun Belt",-218,180,1,1.909090909,0.954545455,0.0407,0.685534591,0.357142857,-0.105434591,0.062757143,0,1,1,2.8,1.4,0.062757143,0,0,0.954545455,0.0301
"2249",1,401628502,"USC","Wisconsin",0.5821,1,1,0.8791,1,1,0.6083,1,-14,50.5,5,2024,1,0,"Big Ten","Big Ten",-575,425,1,1.909090909,0.954545455,0.0821,0.851851852,0.19047619,0.027248148,-0.06957619,1,0,1,1.173913043,0.586956522,0.027248148,1,1.909090909,0.954545455,0.1083
"2250",0,401643722,"Air Force","Navy",0.591,1,0,0.1876,0,1,0.4394,0,10,37,6,2024,1,0,"Mountain West","American Athletic",320,-410,0,0,0.954545455,0.091,0.238095238,0.803921569,-0.050495238,0.008478431,0,1,1,1.243902439,0.62195122,0.008478431,0,0,0.954545455,0.0606
"2251",1,401644740,"Akron","Bowling Green",0.4158,0,0,0.0739,0,0,0.4891,0,17,48.5,6,2024,1,0,"Mid-American","Mid-American",525,-750,0,0,0.954545455,0.0842,0.16,0.882352941,-0.0861,0.043747059,0,1,1,1.133333333,0.566666667,0.043747059,1,1.909090909,0.954545455,0.0109
"2252",0,401636887,"Arizona","Texas Tech",0.4758,0,0,0.4671,0,0,0.5028,1,-6,64,6,2024,1,0,"Big 12","Big 12",-218,180,1,1.909090909,0.954545455,0.0242,0.685534591,0.357142857,-0.218434591,0.175757143,0,1,1,2.8,1.4,0.175757143,0,0,0.954545455,0.0028
"2253",1,401636888,"Arizona State","Kansas",0.623,1,1,0.7948,1,1,0.5295,1,-2.5,50,6,2024,1,0,"Big 12","Big 12",-130,110,1,1.909090909,0.954545455,0.123,0.565217391,0.476190476,0.229582609,-0.270990476,1,0,1,1.769230769,0.884615385,0.229582609,1,1.909090909,0.954545455,0.0295
"2254",1,401628379,"Arkansas","Tennessee",0.5233,1,1,0.1489,0,0,0.3435,0,14,57.5,6,2024,1,0,"SEC","SEC",410,-550,1,1.909090909,0.954545455,0.0233,0.196078431,0.846153846,-0.047178431,0.004946154,0,1,0,0,2.55,0.004946154,1,1.909090909,0.954545455,0.1565
"2255",1,401643800,"Arkansas State","South Alabama",0.5653,1,1,0.5297,1,0,0.3836,0,2.5,62.5,6,2024,1,0,"Sun Belt","Sun Belt",120,-142,1,1.909090909,0.954545455,0.0653,0.454545455,0.58677686,0.075154545,-0.11647686,1,0,1,2.2,1.1,0.075154545,1,1.909090909,0.954545455,0.1164
"2256",1,401644741,"Ball State","Western Michigan",0.4456,0,0,0.195,0,1,0.3353,0,10,57.5,6,2024,1,0,"Mid-American","Mid-American",285,-360,0,0,0.954545455,0.0544,0.25974026,0.782608696,-0.06474026,0.022391304,0,1,1,1.277777778,0.638888889,0.022391304,0,0,0.954545455,0.1647
"2257",1,401643723,"Boise State","Utah State",0.444,0,1,0.9313,1,1,0.435,0,-28,66.5,6,2024,1,0,"Mountain West","Mountain West",-6500,2000,0,0,0.954545455,0.056,0.984848485,0.047619048,-0.053548485,0.021080952,0,1,0,0,0.507692308,0.021080952,0,0,0.954545455,0.065
"2258",1,401635568,"California","Miami",0.5215,1,0,0.2217,0,1,0.5352,1,10,54,6,2024,1,0,"ACC","ACC",300,-380,1,1.909090909,0.954545455,0.0215,0.25,0.791666667,-0.0283,-0.013366667,0,0,0,1,0.631578947,-0.013366667,1,1.909090909,0.954545455,0.0352
"2259",1,401645340,"Charlotte","East Carolina",0.4003,0,1,0.1714,0,1,0.532,1,9.5,47.5,6,2024,1,0,"American Athletic","American Athletic",270,-340,0,0,0.954545455,0.0997,0.27027027,0.772727273,-0.09887027,0.055872727,0,1,0,0,1.85,0.055872727,1,1.909090909,0.954545455,0.032
"2260",1,401643798,"Coastal Carolina","Old Dominion",0.5721,1,1,0.7205,1,1,0.5464,1,-4,51.5,6,2024,1,0,"Sun Belt","Sun Belt",-180,150,1,1.909090909,0.954545455,0.0721,0.642857143,0.4,0.077642857,-0.1205,1,0,1,1.555555556,0.777777778,0.077642857,1,1.909090909,0.954545455,0.0464
"2261",1,401628380,"Florida","UCF",0.5087,1,1,0.6657,1,0,0.4329,0,1,62,6,2024,1,0,"SEC","Big 12",-108,-112,1,1.909090909,0.954545455,0.0087,0.519230769,0.528301887,0.146469231,-0.194001887,1,0,1,1.925925926,0.962962963,0.146469231,1,1.909090909,0.954545455,0.0671
"2262",0,401635571,"Louisville","SMU",0.5155,1,0,0.5411,1,1,0.3504,0,-6.5,55,6,2024,1,0,"ACC","ACC",-265,215,0,0,0.954545455,0.0155,0.726027397,0.317460317,-0.184927397,0.141439683,0,1,1,3.15,1.575,0.141439683,0,0,0.954545455,0.1496
"2263",1,401628507,"Minnesota","USC",0.3715,0,1,0.1539,0,0,0.5184,1,8.5,45.5,6,2024,1,0,"Big Ten","Big Ten",240,-298,0,0,0.954545455,0.1285,0.294117647,0.748743719,-0.140217647,0.097356281,0,1,0,0,1.7,0.097356281,0,0,0.954545455,0.0184
"2264",0,401635638,"NC State","Wake Forest",0.4223,0,0,0.7061,1,1,0.4943,0,-4,52.5,6,2024,1,0,"ACC","ACC",-185,154,1,1.909090909,0.954545455,0.0777,0.649122807,0.393700787,0.056977193,-0.099800787,1,0,0,0,1.27,0.056977193,0,0,0.954545455,0.0057
"2265",1,401628508,"Nebraska","Rutgers",0.5022,1,1,0.7169,1,0,0.5405,1,-5.5,40.5,6,2024,1,0,"Big Ten","Big Ten",-270,220,1,1.909090909,0.954545455,0.0022,0.72972973,0.3125,-0.01282973,-0.0294,0,0,0,1,0.685185185,-0.01282973,0,0,0.954545455,0.0405
"2266",0,401635572,"North Carolina","Pittsburgh",0.4731,0,0,0.3337,0,0,0.3917,0,2.5,63,6,2024,1,0,"ACC","ACC",114,-135,1,1.909090909,0.954545455,0.0269,0.46728972,0.574468085,-0.13358972,0.091831915,0,1,1,1.740740741,0.87037037,0.091831915,1,1.909090909,0.954545455,0.1083
"2267",0,401636890,"Oklahoma State","West Virginia",0.3031,0,0,0.3014,0,0,0.4984,0,-2.5,65,6,2024,1,0,"Big 12","Big 12",-135,114,1,1.909090909,0.954545455,0.1969,0.574468085,0.46728972,-0.273068085,0.23131028,0,1,1,2.14,1.07,0.23131028,1,1.909090909,0.954545455,0.0016
"2268",0,401628510,"Penn State","UCLA",0.5698,1,1,0.957,1,0,0.4407,0,-30,48,6,2024,1,0,"Big Ten","Big Ten",-9000,2500,0,0,0.954545455,0.0698,0.989010989,0.038461538,-0.032010989,0.004538462,0,1,0,0,0.505555556,0.004538462,1,1.909090909,0.954545455,0.0593
"2269",0,401635573,"Stanford","Virginia Tech",0.47,0,0,0.2989,0,0,0.4926,0,9.5,50,6,2024,1,0,"ACC","ACC",275,-345,1,1.909090909,0.954545455,0.03,0.266666667,0.775280899,0.032233333,-0.074180899,1,0,0,0,0.644927536,0.032233333,1,1.909090909,0.954545455,0.0074
"2270",0,401628385,"Alabama","South Carolina",0.5758,1,1,0.5908,1,1,0.4858,0,-21,50,7,2024,1,0,"SEC","SEC",-1800,1000,0,0,0.954545455,0.0758,0.947368421,0.090909091,-0.356568421,0.318290909,0,1,0,0,0.527777778,0.318290909,0,0,0.954545455,0.0142
"2271",1,401636892,"Arizona State","Utah",0.6608,1,1,0.5233,1,0,0.4306,0,6,46.5,7,2024,1,0,"Big 12","Big 12",180,-218,1,1.909090909,0.954545455,0.1608,0.357142857,0.685534591,0.166157143,-0.208834591,1,0,1,2.8,1.4,0.166157143,1,1.909090909,0.954545455,0.0694
"2272",1,401645342,"Army","UAB",0.5593,1,1,0.5904,1,0,0.4514,0,-27,55.5,7,2024,1,0,"American Athletic","American Athletic",-4500,1700,1,1.909090909,0.954545455,0.0593,0.97826087,0.055555556,-0.38786087,0.354044444,0,1,0,0,0.511111111,0.354044444,1,1.909090909,0.954545455,0.0486
"2273",0,401644744,"Bowling Green","Northern Illinois",0.4943,0,0,0.5112,1,0,0.5361,1,-3,46.5,7,2024,1,0,"Mid-American","Mid-American",-155,130,1,1.909090909,0.954545455,0.0057,0.607843137,0.434782609,-0.096643137,0.054017391,0,1,1,2.3,1.15,0.054017391,0,0,0.954545455,0.0361
"2274",1,401644745,"Buffalo","Toledo",0.4081,0,1,0.437,0,1,0.4416,0,10.5,44.5,7,2024,1,0,"Mid-American","Mid-American",310,-395,0,0,0.954545455,0.0919,0.243902439,0.797979798,0.193097561,-0.234979798,1,0,1,4.1,2.05,0.193097561,0,0,0.954545455,0.0584
"2275",1,401644746,"Central Michigan","Ohio",0.3346,0,0,0.4617,0,1,0.393,0,3,50.5,7,2024,1,0,"Mid-American","Mid-American",120,-142,0,0,0.954545455,0.1654,0.454545455,0.58677686,0.007154545,-0.04847686,1,0,0,0,0.852112676,0.007154545,0,0,0.954545455,0.107
"2276",1,401636894,"Colorado","Kansas State",0.5004,1,0,0.4715,0,1,0.5701,1,3.5,55.5,7,2024,1,0,"Big 12","Big 12",130,-155,1,1.909090909,0.954545455,4e-04,0.434782609,0.607843137,0.036717391,-0.079343137,1,0,0,0,0.822580645,0.036717391,1,1.909090909,0.954545455,0.0701
"2277",1,401643729,"Colorado State","San José State",0.5935,1,1,0.5052,1,0,0.4064,0,-2.5,55.5,7,2024,1,0,"Mountain West","Mountain West",-130,110,1,1.909090909,0.954545455,0.0935,0.565217391,0.476190476,-0.060017391,0.018609524,0,1,0,0,0.884615385,0.018609524,1,1.909090909,0.954545455,0.0936
"2278",0,401644685,"Eastern Michigan","Miami (OH)",0.3952,0,0,0.4593,0,1,0.4955,0,3,45.5,7,2024,1,0,"Mid-American","Mid-American",124,-148,1,1.909090909,0.954545455,0.1048,0.446428571,0.596774194,0.012871429,-0.056074194,1,0,0,0,0.837837838,0.012871429,0,0,0.954545455,0.0045
"2279",1,401645343,"Florida Atlantic","North Texas",0.4137,0,0,0.4568,0,1,0.4928,0,5.5,58.5,7,2024,1,0,"American Athletic","American Athletic",170,-205,0,0,0.954545455,0.0863,0.37037037,0.672131148,0.08642963,-0.128931148,1,0,0,0,0.743902439,0.08642963,0,0,0.954545455,0.0072
"2280",0,401643730,"Fresno State","Washington State",0.5865,1,0,0.4811,0,0,0.4465,0,3.5,60.5,7,2024,1,0,"Mountain West","Pac-12",140,-166,0,0,0.954545455,0.0865,0.416666667,0.62406015,0.064433333,-0.10516015,1,0,0,0,0.801204819,0.064433333,1,1.909090909,0.954545455,0.0535
"2281",0,401628386,"Georgia","Mississippi State",0.4644,0,1,0.5905,1,1,0.4511,0,-34,53.5,7,2024,1,0,"SEC","SEC",-10000,3000,1,1.909090909,0.954545455,0.0356,0.99009901,0.032258065,-0.39959901,0.377241935,0,1,0,0,0.505,0.377241935,0,0,0.954545455,0.0489
"2282",1,401643804,"Georgia Southern","Marshall",0.5705,1,1,0.5352,1,0,0.4047,0,-1,58.5,7,2024,1,0,"Sun Belt","Sun Belt",-112,-108,1,1.909090909,0.954545455,0.0705,0.528301887,0.519230769,0.006898113,-0.054430769,1,0,1,1.892857143,0.946428571,0.006898113,1,1.909090909,0.954545455,0.0953
"2283",0,401643805,"Georgia State","Old Dominion",0.3978,0,0,0.5012,1,0,0.4781,0,-3,53,7,2024,1,0,"Sun Belt","Sun Belt",-135,114,1,1.909090909,0.954545455,0.1022,0.574468085,0.46728972,-0.073268085,0.03151028,0,1,1,2.14,1.07,0.03151028,1,1.909090909,0.954545455,0.0219
"2284",0,401628511,"Illinois","Purdue",0.6102,1,1,0.5908,1,1,0.5116,1,-22.5,47.5,7,2024,1,0,"Big Ten","Big Ten",-1800,1000,0,0,0.954545455,0.1102,0.947368421,0.090909091,-0.356568421,0.318290909,0,1,0,0,0.527777778,0.318290909,1,1.909090909,0.954545455,0.0116
"2285",1,401628512,"Iowa","Washington",0.5485,1,1,0.5044,1,1,0.4869,0,-2.5,41.5,7,2024,1,0,"Big Ten","Big Ten",-142,120,1,1.909090909,0.954545455,0.0485,0.58677686,0.454545455,-0.08237686,0.041054545,0,1,0,0,0.852112676,0.041054545,0,0,0.954545455,0.0131
"2286",1,401641002,"Jacksonville State","New Mexico State",0.5701,1,1,0.585,1,1,0.4456,0,-21,58.5,7,2024,1,0,"Conference USA","Conference USA",-1600,900,1,1.909090909,0.954545455,0.0701,0.941176471,0.1,-0.356176471,0.315,0,1,0,0,0.53125,0.315,0,0,0.954545455,0.0544
"2287",0,401628387,"Kentucky","Vanderbilt",0.4224,0,0,0.5596,1,0,0.4211,0,-12.5,44.5,7,2024,1,0,"SEC","SEC",-520,390,1,1.909090909,0.954545455,0.0776,0.838709677,0.204081633,-0.279109677,0.236318367,0,1,1,4.9,2.45,0.236318367,1,1.909090909,0.954545455,0.0789
"2288",1,401628388,"LSU","Ole Miss",0.5485,1,1,0.4976,0,0,0.4843,0,4,64.5,7,2024,1,0,"SEC","SEC",154,-185,1,1.909090909,0.954545455,0.0485,0.393700787,0.649122807,0.103899213,-0.146722807,1,0,1,2.54,1.27,0.103899213,1,1.909090909,0.954545455,0.0157
"2289",1,401641009,"Louisiana Tech","Middle Tennessee",0.5503,1,1,0.5488,1,1,0.5656,1,-5,48,7,2024,1,0,"Conference USA","Conference USA",-218,180,1,1.909090909,0.954545455,0.0503,0.685534591,0.357142857,-0.136734591,0.094057143,0,1,0,0,0.729357798,0.094057143,1,1.909090909,0.954545455,0.0656
"2290",0,401628513,"Maryland","Northwestern",0.3732,0,0,0.5684,1,1,0.4935,0,-11,45,7,2024,1,0,"Big Ten","Big Ten",-425,330,1,1.909090909,0.954545455,0.1268,0.80952381,0.23255814,-0.24112381,0.19904186,0,1,1,4.3,2.15,0.19904186,0,0,0.954545455,0.0065
"2291",0,401628389,"Massachusetts","Missouri",0.3297,0,0,0.4076,0,0,0.4634,0,27,54,7,2024,1,0,"FBS Independents","SEC",1600,-4000,1,1.909090909,0.954545455,0.1703,0.058823529,0.975609756,0.348776471,-0.383209756,1,0,0,0,0.5125,0.348776471,1,1.909090909,0.954545455,0.0366
"2292",0,401635574,"NC State","Syracuse",0.4452,0,0,0.4942,0,0,0.5135,1,1,51.5,7,2024,1,0,"ACC","ACC",-110,-110,1,1.909090909,0.954545455,0.0548,0.523809524,0.523809524,-0.029609524,-0.018009524,0,0,0,1,0.954545455,-0.018009524,0,0,0.954545455,0.0135
"2293",1,401643731,"Nevada","Oregon State",0.5809,1,1,0.5188,1,1,0.5929,1,3,47,7,2024,1,0,"Mountain West","Pac-12",120,-142,1,1.909090909,0.954545455,0.0809,0.454545455,0.58677686,0.064254545,-0.10557686,1,0,1,2.2,1.1,0.064254545,1,1.909090909,0.954545455,0.0929
"2294",1,401628981,"Notre Dame","Stanford",0.5274,1,1,0.5924,1,1,0.5073,1,-22.5,45.5,7,2024,1,0,"FBS Independents","ACC",-2100,1100,1,1.909090909,0.954545455,0.0274,0.954545455,0.083333333,-0.362145455,0.324266667,0,1,0,0,0.523809524,0.324266667,1,1.909090909,0.954545455,0.0073
"2295",1,401645344,"Rice","UTSA",0.3179,0,1,0.4524,0,1,0.4421,0,3.5,51,7,2024,1,0,"American Athletic","American Athletic",150,-180,0,0,0.954545455,0.1821,0.4,0.642857143,0.0524,-0.095257143,1,0,1,2.5,1.25,0.0524,0,0,0.954545455,0.0579
"2296",0,401628517,"Rutgers","Wisconsin",0.579,1,0,0.5283,1,1,0.5729,1,-1.5,43.5,7,2024,1,0,"Big Ten","Big Ten",-125,105,0,0,0.954545455,0.079,0.555555556,0.487804878,-0.027255556,-0.016104878,0,0,0,1,1.025,-0.016104878,1,1.909090909,0.954545455,0.0729
"2297",0,401643734,"Air Force","Colorado State",0.3716,0,0,0.2625,0,0,0.4237,0,6,43.5,8,2024,1,0,"Mountain West","Mountain West",195,-238,1,1.909090909,0.954545455,0.1284,0.338983051,0.704142012,-0.076483051,0.033357988,0,1,1,1.420168067,0.710084034,0.033357988,1,1.909090909,0.954545455,0.0763
"2298",0,401636897,"Arizona","Colorado",0.4672,0,0,0.3653,0,0,0.4728,0,-2.5,57.5,8,2024,1,0,"Big 12","Big 12",-135,114,1,1.909090909,0.954545455,0.0328,0.574468085,0.46728972,-0.209168085,0.16741028,0,1,1,2.14,1.07,0.16741028,1,1.909090909,0.954545455,0.0272
"2299",0,401628392,"Arkansas","LSU",0.5312,1,0,0.486,0,0,0.6103,1,3,57,8,2024,1,0,"SEC","SEC",124,-148,0,0,0.954545455,0.0312,0.446428571,0.596774194,0.039571429,-0.082774194,1,0,0,0,0.837837838,0.039571429,0,0,0.954545455,0.1103
"2300",0,401645346,"Army","East Carolina",0.4098,0,1,0.8882,1,1,0.5183,1,-17.5,54,8,2024,1,0,"American Athletic","American Athletic",-900,600,1,1.909090909,0.954545455,0.0902,0.9,0.142857143,-0.0118,-0.031057143,0,0,0,1,0.555555556,-0.0118,1,1.909090909,0.954545455,0.0183
"2301",0,401636898,"BYU","Oklahoma State",0.5275,1,1,0.7836,1,1,0.5114,1,-8.5,53,8,2024,1,0,"Big 12","Big 12",-325,260,0,0,0.954545455,0.0275,0.764705882,0.277777778,0.018894118,-0.061377778,1,0,1,1.307692308,0.653846154,0.018894118,1,1.909090909,0.954545455,0.0114
"2302",0,401644748,"Bowling Green","Kent State",0.553,1,1,0.8839,1,0,0.4474,0,-24,54.5,8,2024,1,0,"Mid-American","Mid-American",-2400,1200,0,0,0.954545455,0.053,0.96,0.076923077,-0.0761,0.039176923,0,1,0,0,0.520833333,0.039176923,1,1.909090909,0.954545455,0.0526
"2303",0,401644749,"Buffalo","Western Michigan",0.3471,0,0,0.4081,0,1,0.5645,1,1,49.5,8,2024,1,0,"Mid-American","Mid-American",-105,-115,1,1.909090909,0.954545455,0.1529,0.512195122,0.534883721,-0.104095122,0.057016279,0,1,1,1.869565217,0.934782609,0.057016279,1,1.909090909,0.954545455,0.0645
"2304",0,401635587,"California","NC State",0.3905,0,0,0.6305,1,1,0.4339,0,-9.5,46,8,2024,1,0,"ACC","ACC",-355,280,1,1.909090909,0.954545455,0.1095,0.78021978,0.263157895,-0.14971978,0.106342105,0,1,1,3.8,1.9,0.106342105,0,0,0.954545455,0.0661
"2305",0,401635588,"Clemson","Virginia",0.5155,1,1,0.9225,1,1,0.5481,1,-20,57.5,8,2024,1,0,"ACC","ACC",-1350,800,0,0,0.954545455,0.0155,0.931034483,0.111111111,-0.008534483,-0.033611111,0,0,0,1,0.537037037,-0.008534483,1,1.909090909,0.954545455,0.0481
"2306",0,401643811,"Coastal Carolina","Louisiana",0.4953,0,0,0.4834,0,1,0.4391,0,6,57,8,2024,1,0,"Sun Belt","Sun Belt",190,-230,1,1.909090909,0.954545455,0.0047,0.344827586,0.696969697,0.138572414,-0.180369697,1,0,0,0,0.717391304,0.138572414,0,0,0.954545455,0.0609
"2307",1,401634769,"Duke","Florida State",0.3775,0,1,0.3731,0,0,0.5422,1,-2.5,43,8,2024,1,0,"ACC","ACC",-142,120,0,0,0.954545455,0.1225,0.58677686,0.454545455,-0.21367686,0.172354545,0,1,0,0,0.852112676,0.172354545,0,0,0.954545455,0.0422
"2308",1,401628393,"Florida","Kentucky",0.5745,1,1,0.7028,1,1,0.4762,0,2.5,42.5,8,2024,1,0,"SEC","SEC",110,-130,1,1.909090909,0.954545455,0.0745,0.476190476,0.565217391,0.226609524,-0.268017391,1,0,1,2.1,1.05,0.226609524,0,0,0.954545455,0.0238
"2309",1,401643812,"Georgia Southern","James Madison",0.5888,1,1,0.3259,0,0,0.5444,1,9.5,58.5,8,2024,1,0,"Sun Belt","Sun Belt",275,-345,1,1.909090909,0.954545455,0.0888,0.266666667,0.775280899,0.059233333,-0.101180899,1,0,1,3.75,1.875,0.059233333,0,0,0.954545455,0.0444
"2310",1,401628518,"Illinois","Michigan",0.4704,0,1,0.4078,0,0,0.5842,1,6,44,8,2024,1,0,"Big Ten","Big Ten",180,-218,0,0,0.954545455,0.0296,0.357142857,0.685534591,0.050657143,-0.093334591,1,0,1,2.8,1.4,0.050657143,0,0,0.954545455,0.0842
"2311",1,401628519,"Indiana","Nebraska",0.395,0,1,0.6062,1,1,0.4527,0,-6.5,48,8,2024,1,0,"Big Ten","Big Ten",-230,190,0,0,0.954545455,0.105,0.696969697,0.344827586,-0.090769697,0.048972414,0,1,0,0,0.717391304,0.048972414,0,0,0.954545455,0.0473
"2312",0,401636900,"Iowa State","UCF",0.5997,1,1,0.8047,1,1,0.5244,1,-13,49.5,8,2024,1,0,"Big 12","Big 12",-575,425,0,0,0.954545455,0.0997,0.851851852,0.19047619,-0.047151852,0.00482381,0,1,0,0,0.586956522,0.00482381,1,1.909090909,0.954545455,0.0244
"2313",0,401635589,"Louisville","Miami",0.4762,0,0,0.2831,0,1,0.5009,1,4.5,61.5,8,2024,1,0,"ACC","ACC",154,-185,1,1.909090909,0.954545455,0.0238,0.393700787,0.649122807,-0.110600787,0.067777193,0,1,1,1.540540541,0.77027027,0.067777193,1,1.909090909,0.954545455,9e-04
"2314",1,401628521,"Maryland","USC",0.4127,0,1,0.2182,0,1,0.4919,0,6.5,56.5,8,2024,1,0,"Big Ten","Big Ten",195,-238,0,0,0.954545455,0.0873,0.338983051,0.704142012,-0.120783051,0.077657988,0,1,0,0,1.475,0.077657988,0,0,0.954545455,0.0081
"2315",0,401645349,"Memphis","North Texas",0.4935,0,1,0.7947,1,1,0.4906,0,-10.5,67.5,8,2024,1,0,"American Athletic","American Athletic",-395,310,1,1.909090909,0.954545455,0.0065,0.797979798,0.243902439,-0.003279798,-0.038602439,0,0,0,1,0.626582278,-0.003279798,0,0,0.954545455,0.0094
"2316",1,401644686,"Miami (OH)","Ohio",0.443,0,1,0.601,1,1,0.4464,0,-3.5,43.5,8,2024,1,0,"Mid-American","Mid-American",-166,140,0,0,0.954545455,0.057,0.62406015,0.416666667,-0.02306015,-0.017666667,0,0,0,1,0.801204819,-0.017666667,0,0,0.954545455,0.0536
"2317",1,401628394,"Mississippi State","Texas A&M",0.4164,0,0,0.0838,0,1,0.3947,0,21,55.5,8,2024,1,0,"SEC","SEC",750,-1200,0,0,0.954545455,0.0836,0.117647059,0.923076923,-0.033847059,-0.006876923,0,0,0,1,0.541666667,-0.006876923,0,0,0.954545455,0.1053
"2318",0,401644751,"Northern Illinois","Toledo",0.5489,1,0,0.5149,1,0,0.5268,1,-3,42.5,8,2024,1,0,"Mid-American","Mid-American",-155,130,0,0,0.954545455,0.0489,0.607843137,0.434782609,-0.092943137,0.050317391,0,1,1,2.3,1.15,0.050317391,0,0,0.954545455,0.0268
"2319",0,401628396,"Oklahoma","South Carolina",0.4571,0,0,0.5206,1,1,0.6025,1,1,40.5,8,2024,1,0,"SEC","SEC",-105,-115,1,1.909090909,0.954545455,0.0429,0.512195122,0.534883721,0.008404878,-0.055483721,1,0,0,0,0.934782609,0.008404878,1,1.909090909,0.954545455,0.1025
"2320",1,401643813,"Old Dominion","Texas State",0.6521,1,1,0.2791,0,0,0.4467,0,10.5,60,8,2024,1,0,"Sun Belt","Sun Belt",300,-380,1,1.909090909,0.954545455,0.1521,0.25,0.791666667,0.0291,-0.070766667,1,0,1,4,2,0.0291,1,1.909090909,0.954545455,0.0533
"2321",0,401643739,"Oregon State","UNLV",0.4222,0,0,0.2046,0,0,0.4659,0,6.5,61,8,2024,1,0,"Pac-12","Mountain West",195,-238,1,1.909090909,0.954545455,0.0778,0.338983051,0.704142012,-0.134383051,0.091257988,0,1,1,1.420168067,0.710084034,0.091257988,1,1.909090909,0.954545455,0.0341
"2322",0,401628524,"Rutgers","UCLA",0.5575,1,0,0.7711,1,1,0.5926,1,-4.5,42.5,8,2024,1,0,"Big Ten","Big Ten",-190,160,0,0,0.954545455,0.0575,0.655172414,0.384615385,0.115927586,-0.155715385,1,0,0,0,1.3,0.115927586,1,1.909090909,0.954545455,0.0926
"2323",0,401641038,"Sam Houston","Western Kentucky",0.54,1,0,0.5897,1,0,0.473,0,-1.5,55,8,2024,1,0,"Conference USA","Conference USA",-118,-102,0,0,0.954545455,0.04,0.541284404,0.504950495,0.048415596,-0.094650495,1,0,0,0,0.990196078,0.048415596,1,1.909090909,0.954545455,0.027
"2324",0,401643738,"San José State","Wyoming",0.5521,1,1,0.8806,1,0,0.3371,0,-13,53,8,2024,1,0,"Mountain West","Mountain West",-455,350,0,0,0.954545455,0.0521,0.81981982,0.222222222,0.06078018,-0.102822222,1,0,1,1.21978022,0.60989011,0.06078018,1,1.909090909,0.954545455,0.1629
"2325",1,401643809,"South Alabama","Troy",0.5726,1,1,0.8722,1,0,0.5165,1,-10,53,8,2024,1,0,"Sun Belt","Sun Belt",-395,310,1,1.909090909,0.954545455,0.0726,0.797979798,0.243902439,0.074220202,-0.116102439,1,0,1,1.253164557,0.626582278,0.074220202,0,0,0.954545455,0.0165
"2326",0,401645345,"South Florida","UAB",0.532,1,1,0.9153,1,1,0.5493,1,-14,55.5,8,2024,1,0,"American Athletic","American Athletic",-550,410,0,0,0.954545455,0.032,0.846153846,0.196078431,0.069146154,-0.111378431,1,0,1,1.181818182,0.590909091,0.069146154,1,1.909090909,0.954545455,0.0493
"2327",1,401645351,"Temple","Tulsa",0.3496,0,1,0.4674,0,0,0.458,0,-3.5,51.5,8,2024,1,0,"American Athletic","American Athletic",-155,130,0,0,0.954545455,0.1504,0.607843137,0.434782609,-0.140443137,0.097817391,0,1,0,0,0.822580645,0.097817391,1,1.909090909,0.954545455,0.042
"2328",0,401629034,"UConn","Wake Forest",0.4775,0,0,0.6058,1,0,0.5479,1,2.5,55.5,8,2024,1,0,"FBS Independents","ACC",110,-130,1,1.909090909,0.954545455,0.0225,0.476190476,0.565217391,0.129609524,-0.171017391,1,0,0,0,0.884615385,0.129609524,0,0,0.954545455,0.0479
"2329",1,401644752,"Akron","Eastern Michigan",0.4037,0,1,0.3787,0,0,0.5159,1,2.5,50.5,9,2024,1,0,"Mid-American","Mid-American",120,-142,0,0,0.954545455,0.0963,0.454545455,0.58677686,-0.075845455,0.03452314,0,1,0,0,1.1,0.03452314,0,0,0.954545455,0.0159
"2330",1,401628400,"Alabama","Missouri",0.5076,1,1,0.8592,1,0,0.537,1,-16,51.5,9,2024,1,0,"SEC","SEC",-700,490,1,1.909090909,0.954545455,0.0076,0.875,0.169491525,-0.0158,-0.028691525,0,0,0,1,0.571428571,-0.0158,0,0,0.954545455,0.037
"2331",0,401643816,"App State","Georgia State",0.5114,1,1,0.7552,1,0,0.5164,1,-7.5,59,9,2024,1,0,"Sun Belt","Sun Belt",-285,230,0,0,0.954545455,0.0114,0.74025974,0.303030303,0.01494026,-0.058230303,1,0,1,1.350877193,0.675438596,0.01494026,0,0,0.954545455,0.0164
"2332",0,401636905,"Arizona","West Virginia",0.3504,0,0,0.3525,0,1,0.3918,0,-5.5,51.5,9,2024,1,0,"Big 12","Big 12",-218,180,1,1.909090909,0.954545455,0.1496,0.685534591,0.357142857,-0.333034591,0.290357143,0,1,1,2.8,1.4,0.290357143,0,0,0.954545455,0.1082
"2333",0,401643818,"Arkansas State","Troy",0.5609,1,1,0.8263,1,1,0.6062,1,-8.5,50,9,2024,1,0,"Sun Belt","Sun Belt",-355,280,0,0,0.954545455,0.0609,0.78021978,0.263157895,0.04608022,-0.089457895,1,0,1,1.281690141,0.64084507,0.04608022,1,1.909090909,0.954545455,0.1062
"2334",1,401644753,"Ball State","Northern Illinois",0.4113,0,1,0.164,0,1,0.4901,0,13.5,47.5,9,2024,1,0,"Mid-American","Mid-American",400,-535,0,0,0.954545455,0.0887,0.2,0.842519685,-0.036,-0.006519685,0,0,0,1,2.5,-0.006519685,0,0,0.954545455,0.0099
"2335",1,401636906,"Baylor","Oklahoma State",0.5135,1,1,0.7191,1,1,0.4517,0,-7,64.5,9,2024,1,0,"Big 12","Big 12",-265,215,1,1.909090909,0.954545455,0.0135,0.726027397,0.317460317,-0.006927397,-0.036560317,0,0,0,1,0.688679245,-0.006927397,0,0,0.954545455,0.0483
"2336",1,401634771,"Boston College","Louisville",0.5516,1,0,0.3646,0,1,0.4775,0,7,54,9,2024,1,0,"ACC","ACC",200,-245,1,1.909090909,0.954545455,0.0516,0.333333333,0.710144928,0.031266667,-0.074744928,1,0,0,0,0.704081633,0.031266667,0,0,0.954545455,0.0225
"2337",1,401635594,"California","Oregon State",0.5236,1,1,0.8493,1,0,0.5243,1,-13,51,9,2024,1,0,"ACC","Pac-12",-535,400,1,1.909090909,0.954545455,0.0236,0.842519685,0.2,0.006780315,-0.0493,1,0,1,1.186915888,0.593457944,0.006780315,0,0,0.954545455,0.0243
"2338",1,401643741,"Colorado State","New Mexico",0.4265,0,1,0.5463,1,0,0.3403,0,-4,61.5,9,2024,1,0,"Mountain West","Mountain West",-185,154,0,0,0.954545455,0.0735,0.649122807,0.393700787,-0.102822807,0.059999213,0,1,0,0,0.77027027,0.059999213,1,1.909090909,0.954545455,0.1597
"2339",1,401635595,"Duke","SMU",0.4474,0,0,0.1654,0,1,0.4594,0,11.5,49.5,9,2024,1,0,"ACC","ACC",370,-485,0,0,0.954545455,0.0526,0.212765957,0.829059829,-0.047365957,0.005540171,0,1,1,1.206185567,0.603092784,0.005540171,0,0,0.954545455,0.0406
"2340",1,401645352,"East Carolina","Temple",0.6209,1,1,0.8384,1,1,0.5235,1,-8.5,48.5,9,2024,1,0,"American Athletic","American Athletic",-340,270,1,1.909090909,0.954545455,0.1209,0.772727273,0.27027027,0.065672727,-0.10867027,1,0,1,1.294117647,0.647058824,0.065672727,1,1.909090909,0.954545455,0.0235
"2341",1,401643742,"Fresno State","San José State",0.5286,1,1,0.682,1,0,0.4055,0,-6.5,55,9,2024,1,0,"Mountain West","Mountain West",-225,185,1,1.909090909,0.954545455,0.0286,0.692307692,0.350877193,-0.010307692,-0.032877193,0,0,0,1,0.722222222,-0.010307692,1,1.909090909,0.954545455,0.0945
"2342",1,401643743,"Hawai'i","Nevada",0.5073,1,1,0.6595,1,1,0.4279,0,-2.5,42,9,2024,1,0,"Mountain West","Mountain West",-130,110,1,1.909090909,0.954545455,0.0073,0.565217391,0.476190476,0.094282609,-0.135690476,1,0,1,1.769230769,0.884615385,0.094282609,0,0,0.954545455,0.0721
"2343",1,401636908,"Houston","Utah",0.6377,1,1,0.3721,0,0,0.5303,1,5,36.5,9,2024,1,0,"Big 12","Big 12",164,-198,1,1.909090909,0.954545455,0.1377,0.378787879,0.66442953,-0.006687879,-0.03652953,0,0,0,1,1.32,-0.006687879,0,0,0.954545455,0.0303
"2344",1,401628526,"Indiana","Washington",0.4449,0,1,0.6731,1,0,0.5813,1,-5.5,54,9,2024,1,0,"Big Ten","Big Ten",-218,180,0,0,0.954545455,0.0551,0.685534591,0.357142857,-0.012434591,-0.030242857,0,0,0,1,0.729357798,-0.012434591,0,0,0.954545455,0.0813
"2345",1,401628527,"Iowa","Northwestern",0.5376,1,1,0.8868,1,1,0.5311,1,-16.5,38,9,2024,1,0,"Big Ten","Big Ten",-850,575,1,1.909090909,0.954545455,0.0376,0.894736842,0.148148148,-0.007936842,-0.034948148,0,0,0,1,0.558823529,-0.007936842,1,1.909090909,0.954545455,0.0311
"2346",1,401641003,"Jacksonville State","Middle Tennessee",0.5684,1,1,0.9227,1,0,0.6336,1,-20.5,64,9,2024,1,0,"Conference USA","Conference USA",-1100,700,1,1.909090909,0.954545455,0.0684,0.916666667,0.125,0.006033333,-0.0477,1,0,1,1.090909091,0.545454545,0.006033333,0,0,0.954545455,0.1336
"2347",0,401643817,"James Madison","Southern Miss",0.5266,1,1,0.9178,1,0,0.5926,1,-24,54,9,2024,1,0,"Sun Belt","Sun Belt",-2400,1200,0,0,0.954545455,0.0266,0.96,0.076923077,-0.0422,0.005276923,0,1,0,0,0.520833333,0.005276923,0,0,0.954545455,0.0926
"2348",1,401640993,"Kennesaw State","Liberty",0.4299,0,1,0.0758,0,1,0.5796,1,27,48,9,2024,1,0,"Conference USA","Conference USA",1600,-4000,0,0,0.954545455,0.0701,0.058823529,0.975609756,0.016976471,-0.051409756,1,0,1,17,8.5,0.016976471,1,1.909090909,0.954545455,0.0796
"2349",0,401641011,"Louisiana Tech","UTEP",0.5282,1,1,0.8311,1,0,0.4691,0,-6.5,49,9,2024,1,0,"Conference USA","Conference USA",-238,195,0,0,0.954545455,0.0282,0.704142012,0.338983051,0.126957988,-0.170083051,1,0,1,1.420168067,0.710084034,0.126957988,1,1.909090909,0.954545455,0.0309
"2350",1,401628529,"Michigan","Michigan State",0.5446,1,1,0.6877,1,1,0.514,1,-3.5,39,9,2024,1,0,"Big Ten","Big Ten",-155,130,1,1.909090909,0.954545455,0.0446,0.607843137,0.434782609,0.079856863,-0.122482609,1,0,1,1.64516129,0.822580645,0.079856863,1,1.909090909,0.954545455,0.014
"2351",0,401645354,"North Texas","Tulane",0.4149,0,0,0.297,0,1,0.4175,0,7,70.5,9,2024,1,0,"American Athletic","American Athletic",235,-290,1,1.909090909,0.954545455,0.0851,0.298507463,0.743589744,-0.001507463,-0.040589744,0,0,0,1,0.672413793,-0.001507463,0,0,0.954545455,0.0825
"2352",1,401634770,"Pittsburgh","Syracuse",0.4858,0,1,0.7008,1,0,0.454,0,-5,62.5,9,2024,1,0,"ACC","ACC",-198,164,0,0,0.954545455,0.0142,0.66442953,0.378787879,0.03637047,-0.079587879,1,0,1,1.505050505,0.752525253,0.03637047,1,1.909090909,0.954545455,0.046
"2353",1,401643744,"San Diego State","Washington State",0.3838,0,0,0.0615,0,0,0.5294,1,17,57,9,2024,1,0,"Mountain West","Pac-12",525,-750,0,0,0.954545455,0.1162,0.16,0.882352941,-0.0985,0.056147059,0,1,1,1.133333333,0.566666667,0.056147059,0,0,0.954545455,0.0294
"2354",1,401643819,"South Alabama","UL Monroe",0.6148,1,1,0.7903,1,1,0.5108,1,-7,45,9,2024,1,0,"Sun Belt","Sun Belt",-265,215,1,1.909090909,0.954545455,0.1148,0.726027397,0.317460317,0.064272603,-0.107760317,1,0,1,1.377358491,0.688679245,0.064272603,1,1.909090909,0.954545455,0.0108
"2355",1,401635599,"Stanford","Wake Forest",0.45,0,0,0.3414,0,0,0.523,1,3,53,9,2024,1,0,"ACC","ACC",124,-148,0,0,0.954545455,0.05,0.446428571,0.596774194,-0.105028571,0.061825806,0,1,1,1.675675676,0.837837838,0.061825806,0,0,0.954545455,0.023
"2356",0,401636910,"TCU","Texas Tech",0.5136,1,1,0.6332,1,1,0.4069,0,-5,66.5,9,2024,1,0,"Big 12","Big 12",-198,164,0,0,0.954545455,0.0136,0.66442953,0.378787879,-0.03122953,-0.011987879,0,0,0,1,0.752525253,-0.011987879,0,0,0.954545455,0.0931
"2357",1,401645355,"Tulsa","UTSA",0.3989,0,1,0.1695,0,1,0.5292,1,9.5,53,9,2024,1,0,"American Athletic","American Athletic",280,-355,0,0,0.954545455,0.1011,0.263157895,0.78021978,-0.093657895,0.05028022,0,1,0,0,1.9,0.05028022,1,1.909090909,0.954545455,0.0292
"2358",0,401644757,"Akron","Buffalo",0.452,0,0,0.5004,1,1,0.3209,0,-1,49,10,2024,1,0,"Mid-American","Mid-American",-110,-110,1,1.909090909,0.954545455,0.048,0.523809524,0.523809524,-0.023409524,-0.024209524,0,0,0,1,0.954545455,-0.023409524,0,0,0.954545455,0.1791
"2359",1,401643821,"App State","Old Dominion",0.4242,0,1,0.408,0,0,0.4593,0,2.5,58,10,2024,1,0,"Sun Belt","Sun Belt",120,-142,0,0,0.954545455,0.0758,0.454545455,0.58677686,-0.046545455,0.00522314,0,1,0,0,1.1,0.00522314,1,1.909090909,0.954545455,0.0407
"2360",0,401628406,"Arkansas","Ole Miss",0.6115,1,0,0.5929,1,1,0.4611,0,8,54,10,2024,1,0,"SEC","SEC",260,-325,0,0,0.954545455,0.1115,0.277777778,0.764705882,0.315122222,-0.357605882,1,0,0,0,0.653846154,0.315122222,0,0,0.954545455,0.0389
"2361",0,401628407,"Auburn","Vanderbilt",0.4883,0,0,0.6151,1,0,0.498,0,-7.5,48,10,2024,1,0,"SEC","SEC",-278,225,1,1.909090909,0.954545455,0.0117,0.735449735,0.307692308,-0.120349735,0.077207692,0,1,1,3.25,1.625,0.077207692,1,1.909090909,0.954545455,0.002
"2362",1,401636912,"Baylor","TCU",0.4802,0,1,0.6039,1,1,0.4197,0,-2.5,64,10,2024,1,0,"Big 12","Big 12",-135,114,0,0,0.954545455,0.0198,0.574468085,0.46728972,0.029431915,-0.07118972,1,0,1,1.740740741,0.87037037,0.029431915,0,0,0.954545455,0.0803
"2363",1,401643747,"Boise State","San Diego State",0.5533,1,1,0.9333,1,1,0.6012,1,-24.5,55.5,10,2024,1,0,"Mountain West","Mountain West",-3200,1400,1,1.909090909,0.954545455,0.0533,0.96969697,0.066666667,-0.03639697,3.33e-05,0,1,0,0,0.515625,3.33e-05,1,1.909090909,0.954545455,0.1012
"2364",0,401645356,"Charlotte","Tulane",0.3807,0,0,0.1177,0,0,0.6067,1,14.5,55.5,10,2024,1,0,"American Athletic","American Athletic",470,-650,1,1.909090909,0.954545455,0.1193,0.175438596,0.866666667,-0.057738596,0.015633333,0,1,1,1.153846154,0.576923077,0.015633333,0,0,0.954545455,0.1067
"2365",0,401635600,"Clemson","Louisville",0.5732,1,0,0.8816,1,0,0.5035,1,-11,62.5,10,2024,1,0,"ACC","ACC",-410,320,0,0,0.954545455,0.0732,0.803921569,0.238095238,0.077678431,-0.119695238,1,0,0,0,2.1,0.077678431,0,0,0.954545455,0.0035
"2366",1,401644758,"Eastern Michigan","Toledo",0.4587,0,0,0.1527,0,1,0.529,1,10,54.5,10,2024,1,0,"Mid-American","Mid-American",285,-360,0,0,0.954545455,0.0413,0.25974026,0.782608696,-0.10704026,0.064691304,0,1,1,1.277777778,0.638888889,0.064691304,1,1.909090909,0.954545455,0.029
"2367",0,401645357,"Florida Atlantic","South Florida",0.4144,0,0,0.217,0,1,0.5108,1,1.5,48,10,2024,1,0,"American Athletic","American Athletic",100,-120,1,1.909090909,0.954545455,0.0856,0.5,0.545454545,-0.283,0.237545455,0,1,1,1.833333333,0.916666667,0.237545455,1,1.909090909,0.954545455,0.0108
"2368",0,401635602,"Florida State","North Carolina",0.578,1,0,0.4472,0,0,0.4389,0,2.5,50.5,10,2024,1,0,"ACC","ACC",120,-142,0,0,0.954545455,0.078,0.454545455,0.58677686,-0.007345455,-0.03397686,0,0,0,1,0.852112676,-0.007345455,1,1.909090909,0.954545455,0.0611
"2369",0,401643749,"Fresno State","Hawai'i",0.3956,0,0,0.7104,1,0,0.504,1,-12,45.5,10,2024,1,0,"Mountain West","Mountain West",-455,350,1,1.909090909,0.954545455,0.1044,0.81981982,0.222222222,-0.10941982,0.067377778,0,1,1,4.5,2.25,0.067377778,0,0,0.954545455,0.004
"2370",1,401636913,"Houston","Kansas State",0.4582,0,1,0.1474,0,0,0.5415,1,12.5,46.5,10,2024,1,0,"Big 12","Big 12",370,-560,0,0,0.954545455,0.0418,0.212765957,0.848484848,-0.065365957,0.004115152,0,1,0,0,2.35,0.004115152,0,0,0.954545455,0.0415
"2371",0,401628533,"Illinois","Minnesota",0.5839,1,0,0.6459,1,0,0.4689,0,2.5,47,10,2024,1,0,"Big Ten","Big Ten",120,-142,0,0,0.954545455,0.0839,0.454545455,0.58677686,0.191354545,-0.23267686,1,0,0,0,0.852112676,0.191354545,1,1.909090909,0.954545455,0.0311
"2372",1,401628535,"Iowa","Wisconsin",0.6168,1,1,0.7537,1,1,0.5108,1,-2.5,40,10,2024,1,0,"Big Ten","Big Ten",-135,114,1,1.909090909,0.954545455,0.1168,0.574468085,0.46728972,0.179231915,-0.22098972,1,0,1,1.740740741,0.87037037,0.179231915,1,1.909090909,0.954545455,0.0108
"2373",0,401636914,"Iowa State","Texas Tech",0.5556,1,0,0.7778,1,0,0.5465,1,-13.5,55,10,2024,1,0,"Big 12","Big 12",-520,390,0,0,0.954545455,0.0556,0.838709677,0.204081633,-0.060909677,0.018118367,0,1,1,4.9,2.45,0.018118367,0,0,0.954545455,0.0465
"2374",0,401643822,"Marshall","UL Monroe",0.5147,1,1,0.7686,1,1,0.5981,1,-10.5,48,10,2024,1,0,"Sun Belt","Sun Belt",-395,310,0,0,0.954545455,0.0147,0.797979798,0.243902439,-0.029379798,-0.012502439,0,0,0,1,0.626582278,-0.012502439,1,1.909090909,0.954545455,0.0981
"2375",0,401628536,"Michigan","Oregon",0.4951,0,0,0.1134,0,1,0.6194,1,14.5,45.5,10,2024,1,0,"Big Ten","Big Ten",500,-810,1,1.909090909,0.954545455,0.0049,0.166666667,0.89010989,-0.053266667,-0.00350989,0,0,0,1,0.561728395,-0.00350989,1,1.909090909,0.954545455,0.1194
"2376",1,401635516,"NC State","Stanford",0.5699,1,1,0.8146,1,1,0.4232,0,-10,46.5,10,2024,1,0,"ACC","ACC",-375,295,1,1.909090909,0.954545455,0.0699,0.789473684,0.253164557,0.025126316,-0.067764557,1,0,1,1.266666667,0.633333333,0.025126316,0,0,0.954545455,0.0768
"2377",0,401628537,"Nebraska","UCLA",0.5863,1,0,0.809,1,1,0.4467,0,-7.5,38.5,10,2024,1,0,"Big Ten","Big Ten",-305,245,0,0,0.954545455,0.0863,0.75308642,0.289855072,0.05591358,-0.098855072,1,0,0,0,1.725,0.05591358,0,0,0.954545455,0.0533
"2378",0,401643750,"New Mexico","Wyoming",0.5897,1,0,0.8334,1,1,0.3729,0,-7.5,60.5,10,2024,1,0,"Mountain West","Mountain West",-285,230,0,0,0.954545455,0.0897,0.74025974,0.303030303,0.09314026,-0.136430303,1,0,0,0,1.65,0.09314026,0,0,0.954545455,0.1271
"2379",1,401628411,"South Carolina","Texas A&M",0.5311,1,1,0.4239,0,1,0.5332,1,3,43.5,10,2024,1,0,"SEC","SEC",130,-155,1,1.909090909,0.954545455,0.0311,0.434782609,0.607843137,-0.010882609,-0.031743137,0,0,0,1,1.15,-0.010882609,1,1.909090909,0.954545455,0.0332
"2380",1,401635604,"Syracuse","Virginia Tech",0.6067,1,1,0.5439,1,1,0.4715,0,3.5,54,10,2024,1,0,"ACC","ACC",150,-180,1,1.909090909,0.954545455,0.1067,0.4,0.642857143,0.1439,-0.186757143,1,0,1,2.5,1.25,0.1439,0,0,0.954545455,0.0285
"2381",1,401643751,"Air Force","Fresno State",0.535,1,1,0.1978,0,1,0.452,0,10,40.5,11,2024,1,0,"Mountain West","Mountain West",285,-360,1,1.909090909,0.954545455,0.035,0.25974026,0.782608696,-0.06194026,0.019591304,0,1,0,0,1.925,0.019591304,0,0,0.954545455,0.048
"2382",1,401636917,"Arizona State","UCF",0.5897,1,1,0.705,1,1,0.5505,1,-2.5,55.5,11,2024,1,0,"Big 12","Big 12",-135,114,1,1.909090909,0.954545455,0.0897,0.574468085,0.46728972,0.130531915,-0.17228972,1,0,1,1.740740741,0.87037037,0.130531915,1,1.909090909,0.954545455,0.0505
"2383",1,401644688,"Ball State","Miami (OH)",0.4796,0,0,0.15,0,0,0.3846,0,13,48,11,2024,1,0,"Mid-American","Mid-American",370,-485,0,0,0.954545455,0.0204,0.212765957,0.829059829,-0.062765957,0.020940171,0,1,1,1.206185567,0.603092784,0.020940171,1,1.909090909,0.954545455,0.1154
"2384",0,401643752,"Boise State","Nevada",0.5442,1,1,0.9297,1,0,0.4318,0,-23.5,61.5,11,2024,1,0,"Mountain West","Mountain West",-2400,1200,0,0,0.954545455,0.0442,0.96,0.076923077,-0.0303,-0.006623077,0,0,0,1,0.520833333,-0.006623077,1,1.909090909,0.954545455,0.0682
"2385",1,401635606,"Boston College","Syracuse",0.5741,1,1,0.4333,0,1,0.5506,1,-3,52,11,2024,1,0,"ACC","ACC",-148,124,1,1.909090909,0.954545455,0.0741,0.596774194,0.446428571,-0.163474194,0.120271429,0,1,0,0,0.837837838,0.120271429,1,1.909090909,0.954545455,0.0506
"2386",0,401636918,"Cincinnati","West Virginia",0.3913,0,0,0.3631,0,1,0.5273,1,-5.5,54.5,11,2024,1,0,"Big 12","Big 12",-205,170,1,1.909090909,0.954545455,0.1087,0.672131148,0.37037037,-0.309031148,0.26652963,0,1,1,2.7,1.35,0.26652963,1,1.909090909,0.954545455,0.0273
"2387",1,401645361,"East Carolina","Florida Atlantic",0.6439,1,1,0.8713,1,1,0.4621,0,-7.5,58.5,11,2024,1,0,"American Athletic","American Athletic",-298,240,1,1.909090909,0.954545455,0.1439,0.748743719,0.294117647,0.122556281,-0.165417647,1,0,1,1.33557047,0.667785235,0.122556281,0,0,0.954545455,0.0379
"2388",1,401635609,"Georgia Tech","Miami",0.4654,0,1,0.2742,0,0,0.5153,1,9.5,65,11,2024,1,0,"ACC","ACC",260,-325,0,0,0.954545455,0.0346,0.277777778,0.764705882,-0.003577778,-0.038905882,0,0,0,1,1.8,-0.003577778,0,0,0.954545455,0.0153
"2389",1,401643753,"Hawai'i","UNLV",0.5609,1,0,0.2968,0,1,0.4726,0,13.5,50.5,11,2024,1,0,"Mountain West","Mountain West",380,-500,1,1.909090909,0.954545455,0.0609,0.208333333,0.833333333,0.088466667,-0.130133333,1,0,0,0,0.6,0.088466667,0,0,0.954545455,0.0274
"2390",0,401628541,"Indiana","Michigan",0.4166,0,1,0.88,1,0,0.5951,1,-14.5,47.5,11,2024,1,0,"Big Ten","Big Ten",-650,470,1,1.909090909,0.954545455,0.0834,0.866666667,0.175438596,0.013333333,-0.055438596,1,0,1,1.153846154,0.576923077,0.013333333,0,0,0.954545455,0.0951
"2391",0,401644761,"Kent State","Ohio",0.4815,0,0,0.1448,0,0,0.4229,0,20.5,53,11,2024,1,0,"Mid-American","Mid-American",800,-1350,1,1.909090909,0.954545455,0.0185,0.111111111,0.931034483,0.033688889,-0.075834483,1,0,0,0,0.537037037,0.033688889,1,1.909090909,0.954545455,0.0771
"2392",1,401645362,"Memphis","Rice",0.5404,1,1,0.787,1,0,0.6599,1,-7,50.5,11,2024,1,0,"American Athletic","American Athletic",-285,230,1,1.909090909,0.954545455,0.0404,0.74025974,0.303030303,0.04674026,-0.090030303,1,0,1,1.350877193,0.675438596,0.04674026,0,0,0.954545455,0.1599
"2393",1,401628415,"Missouri","Oklahoma",0.4818,0,1,0.4194,0,1,0.4982,0,3.5,42,11,2024,1,0,"SEC","SEC",140,-166,0,0,0.954545455,0.0182,0.416666667,0.62406015,0.002733333,-0.04346015,1,0,1,2.4,1.2,0.002733333,0,0,0.954545455,0.0018
"2394",1,401641036,"New Mexico State","Western Kentucky",0.3983,0,0,0.0995,0,1,0.3709,0,18,53.5,11,2024,1,0,"Conference USA","Conference USA",650,-1000,0,0,0.954545455,0.1017,0.133333333,0.909090909,-0.033833333,-0.008590909,0,0,0,1,0.55,-0.008590909,0,0,0.954545455,0.1291
"2395",1,401628545,"Ohio State","Purdue",0.5271,1,1,0.9372,1,0,0.496,0,-37.5,55,11,2024,1,0,"Big Ten","Big Ten",NA,NA,1,1.909090909,0.954545455,0.0271,NA,NA,NA,NA,NA,NA,NA,NA,NA,NA,1,1.909090909,0.954545455,0.004
"2396",0,401643755,"Oregon State","San José State",0.3581,0,0,0.3352,0,0,0.5245,1,-3,58.5,11,2024,1,0,"Pac-12","Mountain West",-148,124,1,1.909090909,0.954545455,0.1419,0.596774194,0.446428571,-0.261574194,0.218371429,0,1,1,2.24,1.12,0.218371429,0,0,0.954545455,0.0245
"2397",1,401628546,"Penn State","Washington",0.5511,1,1,0.8636,1,0,0.5718,1,-13.5,47.5,11,2024,1,0,"Big Ten","Big Ten",-600,440,1,1.909090909,0.954545455,0.0511,0.857142857,0.185185185,0.006457143,-0.048785185,1,0,1,1.166666667,0.583333333,0.006457143,0,0,0.954545455,0.0718
"2398",0,401635610,"Pittsburgh","Virginia",0.5877,1,0,0.8145,1,0,0.5118,1,-7.5,57.5,11,2024,1,0,"ACC","ACC",-290,235,0,0,0.954545455,0.0877,0.743589744,0.298507463,0.070910256,-0.113007463,1,0,0,0,1.675,0.070910256,0,0,0.954545455,0.0118
"2399",0,401629037,"UAB","UConn",0.3579,0,0,0.1975,0,0,0.5787,1,7.5,54,11,2024,1,0,"American Athletic","FBS Independents",230,-285,1,1.909090909,0.954545455,0.1421,0.303030303,0.74025974,-0.105530303,0.06224026,0,1,1,1.350877193,0.675438596,0.06224026,0,0,0.954545455,0.0787
"2400",1,401643757,"Air Force","Oregon State",0.6189,1,1,0.4792,0,0,0.4519,0,3,44.5,12,2024,1,0,"Mountain West","Pac-12",120,-142,1,1.909090909,0.954545455,0.1189,0.454545455,0.58677686,0.024654545,-0.06597686,1,0,1,2.2,1.1,0.024654545,1,1.909090909,0.954545455,0.0481
"2401",1,401636923,"Arizona","Houston",0.5598,1,1,0.5408,1,0,0.5027,1,-1,46.5,12,2024,1,0,"Big 12","Big 12",-115,-105,1,1.909090909,0.954545455,0.0598,0.534883721,0.512195122,0.005916279,-0.052995122,1,0,1,1.869565217,0.934782609,0.005916279,0,0,0.954545455,0.0027
"2402",1,401628419,"Arkansas","Texas",0.5772,1,0,0.3113,0,0,0.4967,0,13,57.5,12,2024,1,0,"SEC","SEC",455,-625,1,1.909090909,0.954545455,0.0772,0.18018018,0.862068966,0.13111982,-0.173368966,1,0,0,0,0.58,0.13111982,1,1.909090909,0.954545455,0.0033
"2403",1,401628426,"Auburn","UL Monroe",0.5951,1,1,0.7732,1,1,0.5028,1,-24.5,46,12,2024,1,0,"SEC","Sun Belt",-3200,1400,1,1.909090909,0.954545455,0.0951,0.96969697,0.066666667,-0.19649697,0.160133333,0,1,0,0,0.515625,0.160133333,1,1.909090909,0.954545455,0.0028
"2404",0,401636924,"BYU","Kansas",0.6583,1,0,0.6241,1,0,0.3823,0,-3,55.5,12,2024,1,0,"Big 12","Big 12",-142,120,0,0,0.954545455,0.1583,0.58677686,0.454545455,0.03732314,-0.078645455,1,0,0,0,1.1,0.03732314,1,1.909090909,0.954545455,0.1177
"2405",1,401644764,"Bowling Green","Western Michigan",0.4562,0,1,0.6696,1,0,0.4761,0,-9.5,57.5,12,2024,1,0,"Mid-American","Mid-American",-345,275,0,0,0.954545455,0.0438,0.775280899,0.266666667,-0.105680899,0.063733333,0,1,0,0,0.644927536,0.063733333,1,1.909090909,0.954545455,0.0239
"2406",0,401635581,"California","Syracuse",0.4891,0,0,0.6936,1,0,0.4844,0,-10.5,58,12,2024,1,0,"ACC","ACC",-360,285,1,1.909090909,0.954545455,0.0109,0.782608696,0.25974026,-0.089008696,0.04665974,0,1,1,3.85,1.925,0.04665974,1,1.909090909,0.954545455,0.0156
"2407",0,401645368,"Charlotte","South Florida",0.3175,0,0,0.4453,0,1,0.65,1,-1.5,53.5,12,2024,1,0,"American Athletic","American Athletic",-120,100,1,1.909090909,0.954545455,0.1825,0.545454545,0.5,-0.100154545,0.0547,0,1,1,2,1,0.0547,1,1.909090909,0.954545455,0.15
"2408",1,401636925,"Colorado","Utah",0.6064,1,1,0.6811,1,1,0.5832,1,-13.5,43,12,2024,1,0,"Big 12","Big 12",-575,425,1,1.909090909,0.954545455,0.1064,0.851851852,0.19047619,-0.170751852,0.12842381,0,1,0,0,0.586956522,0.12842381,1,1.909090909,0.954545455,0.0832
"2409",1,401643759,"Colorado State","Wyoming",0.6469,1,1,0.6831,1,0,0.3606,0,-8.5,47.5,12,2024,1,0,"Mountain West","Mountain West",-325,260,1,1.909090909,0.954545455,0.1469,0.764705882,0.277777778,-0.081605882,0.039122222,0,1,0,0,0.653846154,0.039122222,1,1.909090909,0.954545455,0.1394
"2410",1,401628420,"Florida","LSU",0.5372,1,1,0.4007,0,0,0.5615,1,3,57,12,2024,1,0,"SEC","SEC",130,-155,1,1.909090909,0.954545455,0.0372,0.434782609,0.607843137,-0.034082609,-0.008543137,0,0,0,1,1.15,-0.008543137,0,0,0.954545455,0.0615
"2411",1,401628421,"Georgia","Tennessee",0.4563,0,1,0.5806,1,1,0.4889,0,-8.5,47,12,2024,1,0,"SEC","SEC",-305,245,0,0,0.954545455,0.0437,0.75308642,0.289855072,-0.17248642,0.129544928,0,1,0,0,0.663934426,0.129544928,0,0,0.954545455,0.0111
"2412",0,401643830,"Georgia Southern","Troy",0.6446,1,0,0.6815,1,0,0.6115,1,-7,54,12,2024,1,0,"Sun Belt","Sun Belt",-278,230,0,0,0.954545455,0.1446,0.735449735,0.303030303,-0.053949735,0.015469697,0,1,1,3.3,1.65,0.015469697,0,0,0.954545455,0.1115
"2413",1,401628547,"Illinois","Michigan State",0.4864,0,1,0.605,1,1,0.4538,0,-2,47.5,12,2024,1,0,"Big Ten","Big Ten",-122,102,0,0,0.954545455,0.0136,0.54954955,0.495049505,0.05545045,-0.100049505,1,0,1,1.819672131,0.909836066,0.05545045,0,0,0.954545455,0.0462
"2414",1,401641022,"Kennesaw State","Sam Houston",0.3947,0,0,0.215,0,0,0.6062,1,21,42.5,12,2024,1,0,"Conference USA","Conference USA",850,-1450,0,0,0.954545455,0.1053,0.105263158,0.935483871,0.109736842,-0.150483871,1,0,0,0,0.534482759,0.109736842,0,0,0.954545455,0.1062
"2415",0,401643834,"Louisiana","South Alabama",0.4022,0,0,0.5594,1,0,0.512,1,-6.5,60,12,2024,1,0,"Sun Belt","Sun Belt",-230,190,1,1.909090909,0.954545455,0.0978,0.696969697,0.344827586,-0.137569697,0.095772414,0,1,1,2.9,1.45,0.095772414,0,0,0.954545455,0.012
"2416",0,401628548,"Maryland","Rutgers",0.4244,0,0,0.5741,1,0,0.48,0,-4.5,54.5,12,2024,1,0,"Big Ten","Big Ten",-170,145,1,1.909090909,0.954545455,0.0756,0.62962963,0.408163265,-0.05552963,0.017736735,0,1,1,2.45,1.225,0.017736735,1,1.909090909,0.954545455,0.02
"2417",1,401645367,"Memphis","UAB",0.5661,1,1,0.7802,1,1,0.5396,1,-16,62,12,2024,1,0,"American Athletic","American Athletic",-750,525,1,1.909090909,0.954545455,0.0661,0.882352941,0.16,-0.102152941,0.0598,0,1,0,0,0.566666667,0.0598,1,1.909090909,0.954545455,0.0396
"2418",0,401645370,"Navy","Tulane",0.5152,1,0,0.3406,0,0,0.4676,0,7.5,49,12,2024,1,0,"American Athletic","American Athletic",230,-285,0,0,0.954545455,0.0152,0.303030303,0.74025974,0.037569697,-0.08085974,1,0,0,0,0.675438596,0.037569697,1,1.909090909,0.954545455,0.0324
"2419",1,401643761,"New Mexico","Washington State",0.5029,1,1,0.3086,0,1,0.357,0,10.5,72.5,12,2024,1,0,"Mountain West","Pac-12",310,-395,1,1.909090909,0.954545455,0.0029,0.243902439,0.797979798,0.064697561,-0.106579798,1,0,1,4.1,2.05,0.064697561,0,0,0.954545455,0.143
"2420",0,401635583,"North Carolina","Wake Forest",0.497,0,1,0.7023,1,0,0.3889,0,-10.5,64.5,12,2024,1,0,"ACC","ACC",-410,320,1,1.909090909,0.954545455,0.003,0.803921569,0.238095238,-0.101621569,0.059604762,0,1,0,0,0.62195122,0.059604762,1,1.909090909,0.954545455,0.1111
"2421",1,401628985,"Notre Dame","Virginia",0.5577,1,1,0.8112,1,0,0.5475,1,-20.5,51,12,2024,1,0,"FBS Independents","ACC",-1800,1000,1,1.909090909,0.954545455,0.0577,0.947368421,0.090909091,-0.136168421,0.097890909,0,1,0,0,0.527777778,0.097890909,0,0,0.954545455,0.0475
"2422",1,401643836,"App State","James Madison",0.5378,1,1,0.294,0,0,0.5401,1,7.5,57.5,13,2024,1,0,"Sun Belt","Sun Belt",215,-265,1,1.909090909,0.954545455,0.0378,0.317460317,0.726027397,-0.023460317,-0.020027397,0,0,0,1,1.575,-0.020027397,0,0,0.954545455,0.0401
"2423",1,401636930,"Arizona State","BYU",0.5036,1,1,0.7103,1,1,0.4738,0,-3.5,49,13,2024,1,0,"Big 12","Big 12",-170,142,1,1.909090909,0.954545455,0.0036,0.62962963,0.41322314,0.08067037,-0.12352314,1,0,1,1.588235294,0.794117647,0.08067037,0,0,0.954545455,0.0262
"2424",0,401628427,"Arkansas","Louisiana Tech",0.5308,1,1,0.8617,1,1,0.4848,0,-23.5,48.5,13,2024,1,0,"SEC","Conference USA",-1800,1000,0,0,0.954545455,0.0308,0.947368421,0.090909091,-0.085668421,0.047390909,0,1,0,0,0.527777778,0.047390909,0,0,0.954545455,0.0152
"2425",1,401643839,"Arkansas State","UL Monroe",0.5704,1,1,0.7418,1,0,0.5207,1,-3,51.5,13,2024,1,0,"Sun Belt","Sun Belt",-148,124,1,1.909090909,0.954545455,0.0704,0.596774194,0.446428571,0.145025806,-0.188228571,1,0,1,1.675675676,0.837837838,0.145025806,0,0,0.954545455,0.0207
"2426",1,401628428,"Auburn","Texas A&M",0.4283,0,1,0.4472,0,1,0.5445,1,2.5,47,13,2024,1,0,"SEC","SEC",114,-135,0,0,0.954545455,0.0717,0.46728972,0.574468085,-0.02008972,-0.021668085,0,0,0,1,1.07,-0.02008972,1,1.909090909,0.954545455,0.0445
"2427",0,401644774,"Ball State","Bowling Green",0.4347,0,0,0.1621,0,0,0.4735,0,12.5,54.5,13,2024,1,0,"Mid-American","Mid-American",350,-455,1,1.909090909,0.954545455,0.0653,0.222222222,0.81981982,-0.060122222,0.01808018,0,1,1,1.21978022,0.60989011,0.01808018,1,1.909090909,0.954545455,0.0265
"2428",1,401635612,"Boston College","North Carolina",0.5447,1,1,0.3765,0,1,0.3812,0,2,50.5,13,2024,1,0,"ACC","ACC",105,-125,1,1.909090909,0.954545455,0.0447,0.487804878,0.555555556,-0.111304878,0.067944444,0,1,0,0,1.025,0.067944444,0,0,0.954545455,0.1188
"2429",0,401635613,"California","Stanford",0.5833,1,1,0.9129,1,0,0.3551,0,-15,53.5,13,2024,1,0,"ACC","ACC",-600,440,0,0,0.954545455,0.0833,0.857142857,0.185185185,0.055757143,-0.098085185,1,0,1,1.166666667,0.583333333,0.055757143,1,1.909090909,0.954545455,0.1449
"2430",1,401644770,"Central Michigan","Western Michigan",0.4056,0,1,0.2823,0,0,0.4333,0,6,56,13,2024,1,0,"Mid-American","Mid-American",180,-218,0,0,0.954545455,0.0944,0.357142857,0.685534591,-0.074842857,0.032165409,0,1,0,0,1.4,0.032165409,1,1.909090909,0.954545455,0.0667
"2431",0,401643837,"Coastal Carolina","Georgia Southern",0.4428,0,0,0.4874,0,0,0.5502,1,-2,59.5,13,2024,1,0,"Sun Belt","Sun Belt",-125,105,1,1.909090909,0.954545455,0.0572,0.555555556,0.487804878,-0.068155556,0.024795122,0,1,1,2.05,1.025,0.024795122,0,0,0.954545455,0.0502
"2432",1,401635615,"Duke","Virginia Tech",0.4688,0,1,0.5815,1,1,0.4516,0,2.5,45.5,13,2024,1,0,"ACC","ACC",114,-135,0,0,0.954545455,0.0312,0.46728972,0.574468085,0.11421028,-0.155968085,1,0,1,2.14,1.07,0.11421028,0,0,0.954545455,0.0484
"2433",1,401628429,"Florida","Ole Miss",0.5033,1,1,0.2442,0,0,0.4746,0,13,57.5,13,2024,1,0,"SEC","SEC",380,-470,1,1.909090909,0.954545455,0.0033,0.208333333,0.824561404,0.035866667,-0.068761404,1,0,1,4.8,2.4,0.035866667,1,1.909090909,0.954545455,0.0254
"2434",0,401628430,"Georgia","Massachusetts",0.4657,0,1,0.9327,1,1,0.5489,1,-42.5,55.5,13,2024,1,0,"SEC","FBS Independents",NA,NA,1,1.909090909,0.954545455,0.0343,NA,NA,NA,NA,NA,NA,NA,NA,NA,NA,1,1.909090909,0.954545455,0.0489
"2435",0,401634772,"Georgia Tech","NC State",0.5107,1,1,0.7751,1,1,0.4911,0,-7.5,51.5,13,2024,1,0,"ACC","ACC",-298,240,0,0,0.954545455,0.0107,0.748743719,0.294117647,0.026356281,-0.069217647,1,0,1,1.33557047,0.667785235,0.026356281,0,0,0.954545455,0.0089
"2436",1,401641005,"Jacksonville State","Sam Houston",0.4169,0,1,0.5373,1,0,0.5369,1,-5.5,57.5,13,2024,1,0,"Conference USA","Conference USA",-198,164,0,0,0.954545455,0.0831,0.66442953,0.378787879,-0.12712953,0.083912121,0,1,0,0,0.752525253,0.083912121,0,0,0.954545455,0.0369
"2437",0,401628431,"LSU","Vanderbilt",0.4116,0,1,0.7223,1,0,0.59,1,-10,53,13,2024,1,0,"SEC","SEC",-375,295,1,1.909090909,0.954545455,0.0884,0.789473684,0.253164557,-0.067173684,0.024535443,0,1,0,0,0.633333333,0.024535443,0,0,0.954545455,0.09
"2438",1,401640996,"Liberty","Western Kentucky",0.4422,0,1,0.4192,0,1,0.5529,1,-1,56.5,13,2024,1,0,"Conference USA","Conference USA",-112,-108,0,0,0.954545455,0.0578,0.528301887,0.519230769,-0.109101887,0.061569231,0,1,0,0,0.946428571,0.061569231,1,1.909090909,0.954545455,0.0529
"2439",1,401643840,"Louisiana","Troy",0.5619,1,1,0.7799,1,1,0.5019,1,-7.5,51.5,13,2024,1,0,"Sun Belt","Sun Belt",-285,230,1,1.909090909,0.954545455,0.0619,0.74025974,0.303030303,0.03964026,-0.082930303,1,0,1,1.350877193,0.675438596,0.03964026,1,1.909090909,0.954545455,0.0019
"2440",1,401635617,"Louisville","Pittsburgh",0.4939,0,1,0.5777,1,0,0.4348,0,-7,57,13,2024,1,0,"ACC","ACC",-278,225,0,0,0.954545455,0.0061,0.735449735,0.307692308,-0.157749735,0.114607692,0,1,0,0,0.679856115,0.114607692,1,1.909090909,0.954545455,0.0652
"2441",1,401635618,"Miami","Wake Forest",0.6123,1,1,0.9402,1,0,0.4907,0,-23.5,67,13,2024,1,0,"ACC","ACC",-2400,1200,1,1.909090909,0.954545455,0.1123,0.96,0.076923077,-0.0198,-0.017123077,0,0,0,1,0.520833333,-0.017123077,1,1.909090909,0.954545455,0.0093
"2442",1,401644690,"Miami (OH)","Northern Illinois",0.602,1,1,0.6163,1,0,0.4687,0,-1.5,43,13,2024,1,0,"Mid-American","Mid-American",-122,102,1,1.909090909,0.954545455,0.102,0.54954955,0.495049505,0.06675045,-0.111349505,1,0,1,1.819672131,0.909836066,0.06675045,1,1.909090909,0.954545455,0.0313
"2443",1,401628557,"Michigan","Northwestern",0.5499,1,1,0.8183,1,1,0.3914,0,-10.5,35.5,13,2024,1,0,"Big Ten","Big Ten",-425,330,1,1.909090909,0.954545455,0.0499,0.80952381,0.23255814,0.00877619,-0.05085814,1,0,1,1.235294118,0.617647059,0.00877619,0,0,0.954545455,0.1086
"2444",0,401628558,"Michigan State","Purdue",0.4603,0,1,0.8331,1,0,0.5021,1,-14,49,13,2024,1,0,"Big Ten","Big Ten",-600,440,1,1.909090909,0.954545455,0.0397,0.857142857,0.185185185,-0.024042857,-0.018285185,0,0,0,1,0.583333333,-0.018285185,0,0,0.954545455,0.0021
"2445",0,401641027,"Middle Tennessee","New Mexico State",0.4551,0,0,0.5712,1,1,0.5257,1,-3.5,54,13,2024,1,0,"Conference USA","Conference USA",-162,136,1,1.909090909,0.954545455,0.0449,0.618320611,0.423728814,-0.047120611,0.005071186,0,1,1,2.36,1.18,0.005071186,1,1.909090909,0.954545455,0.0257
"2446",1,401628559,"Minnesota","Penn State",0.4675,0,0,0.1451,0,1,0.5338,1,11,45,13,2024,1,0,"Big Ten","Big Ten",330,-425,0,0,0.954545455,0.0325,0.23255814,0.80952381,-0.08745814,0.04537619,0,1,1,1.235294118,0.617647059,0.04537619,1,1.909090909,0.954545455,0.0338
"2447",0,401628432,"Mississippi State","Missouri",0.4892,0,0,0.2008,0,1,0.4478,0,9.5,58,13,2024,1,0,"SEC","SEC",280,-355,1,1.909090909,0.954545455,0.0108,0.263157895,0.78021978,-0.062357895,0.01898022,0,1,1,1.281690141,0.64084507,0.01898022,0,0,0.954545455,0.0522
"2448",1,401628560,"Nebraska","Wisconsin",0.628,1,1,0.6695,1,1,0.527,1,-1.5,40.5,13,2024,1,0,"Big Ten","Big Ten",-118,-102,1,1.909090909,0.954545455,0.128,0.541284404,0.504950495,0.128215596,-0.174450495,1,0,1,1.847457627,0.923728814,0.128215596,1,1.909090909,0.954545455,0.027
"2449",0,401636934,"Oklahoma State","Texas Tech",0.558,1,0,0.3405,0,1,0.5237,1,5,63.5,13,2024,1,0,"Big 12","Big 12",150,-180,0,0,0.954545455,0.058,0.4,0.642857143,-0.0595,0.016642857,0,1,1,1.555555556,0.777777778,0.016642857,1,1.909090909,0.954545455,0.0237
"2450",1,401628572,"Oregon State","Washington State",0.5592,1,1,0.2628,0,1,0.5671,1,11,57,13,2024,1,0,"Pac-12","Pac-12",340,-440,1,1.909090909,0.954545455,0.0592,0.227272727,0.814814815,0.035527273,-0.077614815,1,0,1,4.4,2.2,0.035527273,1,1.909090909,0.954545455,0.0671
"2451",0,401643767,"San José State","UNLV",0.548,1,0,0.3599,0,0,0.4802,0,7.5,59.5,13,2024,1,0,"Mountain West","Mountain West",245,-305,0,0,0.954545455,0.048,0.289855072,0.75308642,0.070044928,-0.11298642,1,0,0,0,0.663934426,0.070044928,1,1.909090909,0.954545455,0.0198
"2452",1,401645375,"South Florida","Tulsa",0.5605,1,1,0.9188,1,1,0.4344,0,-17.5,60,13,2024,1,0,"American Athletic","American Athletic",-850,575,1,1.909090909,0.954545455,0.0605,0.894736842,0.148148148,0.024063158,-0.066948148,1,0,1,1.117647059,0.558823529,0.024063158,0,0,0.954545455,0.0656
"2453",0,401635518,"Syracuse","UConn",0.429,0,1,0.7087,1,1,0.5263,1,-10,53,13,2024,1,0,"ACC","FBS Independents",-345,275,1,1.909090909,0.954545455,0.071,0.775280899,0.266666667,-0.066580899,0.024633333,0,1,0,0,0.644927536,0.024633333,1,1.909090909,0.954545455,0.0263
"2454",1,401628435,"Tennessee","UTEP",0.5161,1,1,0.933,1,1,0.5045,1,-41.5,54,13,2024,1,0,"SEC","Conference USA",NA,NA,1,1.909090909,0.954545455,0.0161,NA,NA,NA,NA,NA,NA,NA,NA,NA,NA,1,1.909090909,0.954545455,0.0045
"2455",0,401628561,"UCLA","USC",0.5181,1,0,0.2571,0,0,0.5013,1,5,53,13,2024,1,0,"Big Ten","Big Ten",150,-180,0,0,0.954545455,0.0181,0.4,0.642857143,-0.1429,0.100042857,0,1,1,1.555555556,0.777777778,0.100042857,0,0,0.954545455,0.0013
"2456",1,401644775,"Akron","Toledo",0.4338,0,1,0.2112,0,0,0.5303,1,9,49.5,14,2024,1,0,"Mid-American","Mid-American",260,-325,0,0,0.954545455,0.0662,0.277777778,0.764705882,-0.066577778,0.024094118,0,1,0,0,1.8,0.024094118,0,0,0.954545455,0.0303
"2457",1,401628437,"Alabama","Auburn",0.5458,1,1,0.8671,1,0,0.5355,1,-11,51,14,2024,1,0,"SEC","SEC",-410,320,1,1.909090909,0.954545455,0.0458,0.803921569,0.238095238,0.063178431,-0.105195238,1,0,1,1.243902439,0.62195122,0.063178431,0,0,0.954545455,0.0355
"2458",0,401636940,"Arizona","Arizona State",0.3662,0,0,0.1492,0,1,0.4789,0,7.5,54,14,2024,1,0,"Big 12","Big 12",215,-265,1,1.909090909,0.954545455,0.1338,0.317460317,0.726027397,-0.168260317,0.124772603,0,1,1,1.377358491,0.688679245,0.124772603,0,0,0.954545455,0.0211
"2459",0,401643847,"Arkansas State","Old Dominion",0.6242,1,0,0.5928,1,1,0.4796,0,5.5,59,14,2024,1,0,"Sun Belt","Sun Belt",170,-205,0,0,0.954545455,0.1242,0.37037037,0.672131148,0.22242963,-0.264931148,1,0,0,0,0.743902439,0.22242963,0,0,0.954545455,0.0204
"2460",0,401645378,"Army","UTSA",0.3964,0,1,0.5644,1,0,0.6142,1,-6,53,14,2024,1,0,"American Athletic","American Athletic",-230,190,1,1.909090909,0.954545455,0.1036,0.696969697,0.344827586,-0.132569697,0.090772414,0,1,0,0,0.717391304,0.090772414,0,0,0.954545455,0.1142
"2461",0,401636942,"BYU","Houston",0.5401,1,1,0.7604,1,1,0.6312,1,-12.5,40.5,14,2024,1,0,"Big 12","Big 12",-470,360,0,0,0.954545455,0.0401,0.824561404,0.217391304,-0.064161404,0.022208696,0,1,0,0,0.606382979,0.022208696,1,1.909090909,0.954545455,0.1312
"2462",1,401636941,"Baylor","Kansas",0.5647,1,1,0.649,1,0,0.3643,0,1.5,62,14,2024,1,0,"Big 12","Big 12",100,-120,1,1.909090909,0.954545455,0.0647,0.5,0.545454545,0.149,-0.194454545,1,0,1,2,1,0.149,1,1.909090909,0.954545455,0.1357
"2463",0,401643769,"Boise State","Oregon State",0.5913,1,1,0.931,1,0,0.3796,0,-17.5,58,14,2024,1,0,"Mountain West","Pac-12",-900,600,0,0,0.954545455,0.0913,0.9,0.142857143,0.031,-0.073857143,1,0,1,1.111111111,0.555555556,0.031,1,1.909090909,0.954545455,0.1204
"2464",1,401635620,"Boston College","Pittsburgh",0.4973,0,1,0.5204,1,1,0.4894,0,-3.5,50.5,14,2024,1,0,"ACC","ACC",-166,140,0,0,0.954545455,0.0027,0.62406015,0.416666667,-0.10366015,0.062933333,0,1,0,0,0.801204819,0.062933333,0,0,0.954545455,0.0106
"2465",0,401644691,"Bowling Green","Miami (OH)",0.444,0,0,0.4617,0,1,0.4801,0,-3,38.5,14,2024,1,0,"Mid-American","Mid-American",-142,120,1,1.909090909,0.954545455,0.056,0.58677686,0.454545455,-0.12507686,0.083754545,0,1,1,2.2,1.1,0.083754545,0,0,0.954545455,0.0199
"2466",1,401644776,"Buffalo","Kent State",0.3496,0,1,0.8396,1,0,0.5525,1,-23.5,51,14,2024,1,0,"Mid-American","Mid-American",-1600,900,0,0,0.954545455,0.1504,0.941176471,0.1,-0.101576471,0.0604,0,1,0,0,0.53125,0.0604,0,0,0.954545455,0.0525
"2467",1,401645377,"Charlotte","UAB",0.4185,0,1,0.4136,0,0,0.6295,1,1,60,14,2024,1,0,"American Athletic","American Athletic",-108,-112,0,0,0.954545455,0.0815,0.519230769,0.528301887,-0.105630769,0.058098113,0,1,0,0,0.962962963,0.058098113,0,0,0.954545455,0.1295
"2468",0,401636943,"Cincinnati","TCU",0.4582,0,0,0.3277,0,0,0.4595,0,2.5,58.5,14,2024,1,0,"Big 12","Big 12",114,-135,1,1.909090909,0.954545455,0.0418,0.46728972,0.574468085,-0.13958972,0.097831915,0,1,1,1.740740741,0.87037037,0.097831915,1,1.909090909,0.954545455,0.0405
"2469",0,401628444,"Clemson","South Carolina",0.4548,0,0,0.5621,1,0,0.3891,0,-3,49.5,14,2024,1,0,"ACC","SEC",-142,120,1,1.909090909,0.954545455,0.0452,0.58677686,0.454545455,-0.02467686,-0.016645455,0,0,0,1,1.1,-0.016645455,1,1.909090909,0.954545455,0.1109
"2470",1,401636938,"Colorado","Oklahoma State",0.6092,1,1,0.863,1,0,0.507,1,-15,67,14,2024,1,0,"Big 12","Big 12",-700,500,1,1.909090909,0.954545455,0.1092,0.875,0.166666667,-0.012,-0.029666667,0,0,0,1,0.571428571,-0.012,0,0,0.954545455,0.007
"2471",1,401643770,"Colorado State","Utah State",0.5468,1,1,0.7417,1,1,0.4194,0,-5,57,14,2024,1,0,"Mountain West","Mountain West",-192,160,1,1.909090909,0.954545455,0.0468,0.657534247,0.384615385,0.084165753,-0.126315385,1,0,1,1.520833333,0.760416667,0.084165753,0,0,0.954545455,0.0806
"2472",0,401645379,"East Carolina","Navy",0.6088,1,0,0.598,1,0,0.5232,1,-3,54.5,14,2024,1,0,"American Athletic","American Athletic",-162,136,0,0,0.954545455,0.1088,0.618320611,0.423728814,-0.020320611,-0.021728814,0,0,0,1,1.18,-0.020320611,0,0,0.954545455,0.0232
"2473",0,401628439,"Georgia","Georgia Tech",0.433,0,1,0.8276,1,1,0.5609,1,-17,49,14,2024,1,0,"SEC","ACC",-850,575,1,1.909090909,0.954545455,0.067,0.894736842,0.148148148,-0.067136842,0.024251852,0,1,0,0,0.558823529,0.024251852,1,1.909090909,0.954545455,0.0609
"2474",1,401643771,"Hawai'i","New Mexico",0.419,0,1,0.3215,0,1,0.4845,0,6.5,59.5,14,2024,1,0,"Mountain West","Mountain West",185,-225,0,0,0.954545455,0.081,0.350877193,0.692307692,-0.029377193,-0.013807692,0,0,0,1,1.425,-0.013807692,0,0,0.954545455,0.0155
"2475",1,401628564,"Indiana","Purdue",0.5719,1,1,0.9367,1,1,0.5982,1,-28.5,56.5,14,2024,1,0,"Big Ten","Big Ten",-10000,3000,1,1.909090909,0.954545455,0.0719,0.99009901,0.032258065,-0.05339901,0.031041935,0,1,0,0,0.505,0.031041935,1,1.909090909,0.954545455,0.0982
"2476",1,401628562,"Iowa","Nebraska",0.523,1,1,0.6856,1,0,0.5188,1,-3,41.5,14,2024,1,0,"Big Ten","Big Ten",-135,114,1,1.909090909,0.954545455,0.023,0.574468085,0.46728972,0.111131915,-0.15288972,1,0,1,1.740740741,0.87037037,0.111131915,0,0,0.954545455,0.0188
"2477",1,401636944,"Iowa State","Kansas State",0.5136,1,1,0.5542,1,0,0.5862,1,-2,51.5,14,2024,1,0,"Big 12","Big 12",-122,102,1,1.909090909,0.954545455,0.0136,0.54954955,0.495049505,0.00465045,-0.049249505,1,0,1,1.819672131,0.909836066,0.00465045,0,0,0.954545455,0.0862
"2478",0,401643846,"James Madison","Marshall",0.5405,1,0,0.688,1,1,0.5364,1,-4,52,14,2024,1,0,"Sun Belt","Sun Belt",-170,142,0,0,0.954545455,0.0405,0.62962963,0.41322314,0.05837037,-0.10122314,1,0,0,0,1.21,0.05837037,1,1.909090909,0.954545455,0.0364
"2479",0,401628440,"Kentucky","Louisville",0.5024,1,0,0.3046,0,1,0.534,1,4.5,50,14,2024,1,0,"SEC","ACC",164,-198,0,0,0.954545455,0.0024,0.378787879,0.66442953,-0.074187879,0.03097047,0,1,1,1.505050505,0.752525253,0.03097047,1,1.909090909,0.954545455,0.034
"2480",1,401628441,"LSU","Oklahoma",0.4838,0,1,0.6255,1,1,0.4851,0,-6,48,14,2024,1,0,"SEC","SEC",-225,185,0,0,0.954545455,0.0162,0.692307692,0.350877193,-0.066807692,0.023622807,0,1,0,0,0.722222222,0.023622807,0,0,0.954545455,0.0149
"2481",1,401629038,"Massachusetts","UConn",0.4186,0,0,0.1959,0,1,0.4838,0,8,50,14,2024,1,0,"FBS Independents","FBS Independents",250,-310,0,0,0.954545455,0.0814,0.285714286,0.756097561,-0.089814286,0.048002439,0,1,1,1.322580645,0.661290323,0.048002439,0,0,0.954545455,0.0162
"2482",0,401628567,"Michigan State","Rutgers",0.4709,0,0,0.4051,0,1,0.5001,1,-1.5,46.5,14,2024,1,0,"Big Ten","Big Ten",-125,105,1,1.909090909,0.954545455,0.0291,0.555555556,0.487804878,-0.150455556,0.107095122,0,1,1,2.05,1.025,0.107095122,1,1.909090909,0.954545455,1e-04
"2483",0,401641031,"New Mexico State","UTEP",0.4166,0,0,0.7203,1,1,0.5033,1,-3.5,51.5,14,2024,1,0,"Conference USA","Conference USA",-162,136,1,1.909090909,0.954545455,0.0834,0.618320611,0.423728814,0.101979389,-0.144028814,1,0,0,0,1.18,0.101979389,1,1.909090909,0.954545455,0.0033
"2484",1,401628569,"Oregon","Washington",0.4781,0,1,0.9203,1,1,0.6582,1,-17,50.5,14,2024,1,0,"Big Ten","Big Ten",-850,575,0,0,0.954545455,0.0219,0.894736842,0.148148148,0.025563158,-0.068448148,1,0,1,1.117647059,0.558823529,0.025563158,1,1.909090909,0.954545455,0.1582
"2485",1,401645382,"Rice","South Florida",0.4401,0,1,0.2627,0,1,0.6334,1,5.5,54,14,2024,1,0,"American Athletic","American Athletic",164,-198,0,0,0.954545455,0.0599,0.378787879,0.66442953,-0.116087879,0.07287047,0,1,0,0,1.32,0.07287047,1,1.909090909,0.954545455,0.1334
"2486",1,401635625,"San José State","Stanford",0.6472,1,1,0.7912,1,1,0.4587,0,-2.5,54.5,14,2024,1,0,"Mountain West","ACC",-130,110,1,1.909090909,0.954545455,0.1472,0.565217391,0.476190476,0.225982609,-0.267390476,1,0,1,1.769230769,0.884615385,0.225982609,0,0,0.954545455,0.0413
"2487",0,401643843,"South Alabama","Texas State",0.4662,0,0,0.5624,1,1,0.5517,1,2.5,61,14,2024,1,0,"Sun Belt","Sun Belt",105,-125,1,1.909090909,0.954545455,0.0338,0.487804878,0.555555556,0.074595122,-0.117955556,1,0,0,0,0.9,0.074595122,1,1.909090909,0.954545455,0.0517
"2488",1,401636945,"Texas Tech","West Virginia",0.4713,0,1,0.5678,1,1,0.3685,0,-2.5,62.5,14,2024,1,0,"Big 12","Big 12",-135,114,0,0,0.954545455,0.0287,0.574468085,0.46728972,-0.006668085,-0.03508972,0,0,0,1,0.87037037,-0.006668085,0,0,0.954545455,0.1315
"2489",0,401636939,"UCF","Utah",0.5293,1,0,0.8171,1,0,0.5324,1,-10,46.5,14,2024,1,0,"Big 12","Big 12",-375,295,0,0,0.954545455,0.0293,0.789473684,0.253164557,0.027626316,-0.070264557,1,0,0,0,1.975,0.027626316,0,0,0.954545455,0.0324
"2490",0,401643773,"Washington State","Wyoming",0.444,0,0,0.9254,1,0,0.4662,0,-18.5,55,14,2024,1,0,"Pac-12","Mountain West",-850,575,1,1.909090909,0.954545455,0.056,0.894736842,0.148148148,0.030663158,-0.073548148,1,0,0,0,3.375,0.030663158,1,1.909090909,0.954545455,0.0338
"2491",1,401673462,"Army","Tulane",0.5223,1,1,0.373,0,1,0.5789,1,5,46.5,15,2024,1,0,"American Athletic","American Athletic",185,-225,1,1.909090909,0.954545455,0.0223,0.350877193,0.692307692,0.022122807,-0.065307692,1,0,1,2.85,1.425,0.022122807,1,1.909090909,0.954545455,0.0789
"2492",1,401673468,"Boise State","UNLV",0.5485,1,1,0.7323,1,0,0.4839,0,-4,57.5,15,2024,1,0,"Mountain West","Mountain West",-192,160,1,1.909090909,0.954545455,0.0485,0.657534247,0.384615385,0.074765753,-0.116915385,1,0,1,1.520833333,0.760416667,0.074765753,1,1.909090909,0.954545455,0.0161
"2493",1,401673466,"Jacksonville State","Western Kentucky",0.5466,1,1,0.6373,1,1,0.5892,1,-4.5,58.5,15,2024,1,0,"Conference USA","Conference USA",-185,154,1,1.909090909,0.954545455,0.0466,0.649122807,0.393700787,-0.011822807,-0.031000787,0,0,0,1,0.77027027,-0.011822807,1,1.909090909,0.954545455,0.0892
"2494",0,401673470,"Louisiana","Marshall",0.4767,0,0,0.6863,1,0,0.4743,0,-5,58,15,2024,1,0,"Sun Belt","Sun Belt",-205,170,1,1.909090909,0.954545455,0.0233,0.672131148,0.37037037,0.014168852,-0.05667037,1,0,0,0,1.35,0.014168852,1,1.909090909,0.954545455,0.0257
"2495",1,401677177,"Ohio State","Tennessee",0.442,0,1,0.6678,1,1,0.6024,1,-7.5,47,20,2024,1,0,"Big Ten","SEC",-290,235,0,0,0.954545455,0.058,0.743589744,0.298507463,-0.075789744,0.033692537,0,1,0,0,0.672413793,0.033692537,1,1.909090909,0.954545455,0.1024
"2496",1,401677178,"Penn State","SMU",0.5044,1,1,0.6948,1,0,0.5373,1,-9,52.5,20,2024,1,0,"Big Ten","ACC",-325,260,1,1.909090909,0.954545455,0.0044,0.764705882,0.277777778,-0.069905882,0.027422222,0,1,0,0,0.653846154,0.027422222,0,0,0.954545455,0.0373
"2497",0,401756896,"Baylor","Arizona State",0.3733,0,0,0.5471,1,0,0.5172,1,-3,60.5,4,2025,1,0,"Big 12","Big 12",-142,120,1,1.909090909,0.954545455,0.1267,0.58677686,0.454545455,-0.03967686,-0.001645455,0,0,0,1,1.1,-0.001645455,0,0,0.954545455,0.0172
"2498",1,401752708,"Memphis","Arkansas",0.5116,1,1,0.3199,0,1,0.6177,1,7,59.5,4,2025,1,0,"American Athletic","SEC",220,-270,1,1.909090909,0.954545455,0.0116,0.3125,0.72972973,0.0074,-0.04962973,1,0,1,3.2,1.6,0.0074,1,1.909090909,0.954545455,0.1177
"2499",1,401757261,"Kennesaw State","Arkansas State",0.5568,1,1,0.4138,0,0,0.4654,0,4.5,57.5,4,2025,1,0,"Conference USA","Sun Belt",160,-192,1,1.909090909,0.954545455,0.0568,0.384615385,0.657534247,0.029184615,-0.071334247,1,0,1,2.6,1.3,0.029184615,1,1.909090909,0.954545455,0.0346
"2500",1,401752714,"Oklahoma","Auburn",0.4219,0,1,0.6837,1,0,0.6198,1,-6.5,47.5,4,2025,1,0,"SEC","SEC",-245,200,0,0,0.954545455,0.0781,0.710144928,0.333333333,-0.026444928,-0.017033333,0,0,0,1,0.704081633,-0.017033333,0,0,0.954545455,0.1198
"2501",0,401756898,"East Carolina","BYU",0.4012,0,0,0.3949,0,0,0.5054,1,6.5,49.5,4,2025,1,0,"American Athletic","Big 12",200,-245,1,1.909090909,0.954545455,0.0988,0.333333333,0.710144928,0.061566667,-0.105044928,1,0,0,0,0.704081633,0.061566667,0,0,0.954545455,0.0054
"2502",0,401757169,"UConn","Ball State",0.4831,0,1,0.9202,1,1,0.6114,1,-21,53.5,4,2025,1,0,"FBS Independents","Mid-American",-1800,1000,1,1.909090909,0.954545455,0.0169,0.947368421,0.090909091,-0.027168421,-0.011109091,0,0,0,1,0.527777778,-0.011109091,1,1.909090909,0.954545455,0.1114
"2503",0,401754642,"Louisville","Bowling Green",0.5049,1,1,0.8856,1,1,0.5205,1,-26.5,50.5,4,2025,1,0,"ACC","Mid-American",-4000,1600,0,0,0.954545455,0.0049,0.975609756,0.058823529,-0.090009756,0.055576471,0,1,0,0,0.5125,0.055576471,1,1.909090909,0.954545455,0.0205
"2504",1,401754540,"San Diego State","California",0.4929,0,1,0.1682,0,0,0.6954,1,14,47.5,4,2025,1,0,"Mountain West","ACC",425,-575,0,0,0.954545455,0.0071,0.19047619,0.851851852,-0.02227619,-0.020051852,0,0,0,1,2.625,-0.020051852,0,0,0.954545455,0.1954
"2505",0,401761611,"South Alabama","Coastal Carolina",0.3915,0,0,0.8433,1,1,0.6083,1,-14.5,51.5,4,2025,1,0,"Sun Belt","Sun Belt",-675,490,1,1.909090909,0.954545455,0.1085,0.870967742,0.169491525,-0.027667742,-0.012791525,0,0,0,1,2.95,-0.012791525,1,1.909090909,0.954545455,0.1083
"2506",0,401757259,"Florida International","Delaware",0.42,0,0,0.695,1,0,0.4924,0,-4,54.5,4,2025,1,0,"Conference USA","Conference USA",-180,150,1,1.909090909,0.954545455,0.08,0.642857143,0.4,0.052142857,-0.095,1,0,0,0,1.25,0.052142857,1,1.909090909,0.954545455,0.0076
"2507",1,401752709,"Miami","Florida",0.4561,0,1,0.7256,1,0,0.554,1,-8.5,51.5,4,2025,1,0,"ACC","SEC",-340,270,0,0,0.954545455,0.0439,0.772727273,0.27027027,-0.047127273,0.00412973,0,1,0,0,0.647058824,0.00412973,0,0,0.954545455,0.054
"2508",1,401760374,"Hawai'i","Fresno State",0.5246,1,0,0.428,0,0,0.4207,0,2.5,47.5,4,2025,1,0,"Mountain West","Mountain West",110,-130,1,1.909090909,0.954545455,0.0246,0.476190476,0.565217391,-0.048190476,0.006782609,0,1,1,1.769230769,0.884615385,0.006782609,1,1.909090909,0.954545455,0.0793
"2509",1,401752716,"Vanderbilt","Georgia State",0.533,1,1,0.9125,1,1,0.5982,1,-27.5,53.5,4,2025,1,0,"SEC","Sun Belt",-4500,1700,1,1.909090909,0.954545455,0.033,0.97826087,0.055555556,-0.06576087,0.031944444,0,1,0,0,0.511111111,0.031944444,1,1.909090909,0.954545455,0.0982
"2510",1,401752843,"Indiana","Illinois",0.5403,1,1,0.6937,1,1,0.3694,0,-7,51.5,4,2025,1,0,"Big Ten","Big Ten",-265,215,1,1.909090909,0.954545455,0.0403,0.726027397,0.317460317,-0.032327397,-0.011160317,0,0,0,1,0.688679245,-0.011160317,0,0,0.954545455,0.1306
"2511",0,401752844,"Rutgers","Iowa",0.5514,1,0,0.5074,1,1,0.5346,1,2.5,46.5,4,2025,1,0,"Big Ten","Big Ten",110,-130,0,0,0.954545455,0.0514,0.476190476,0.565217391,0.031209524,-0.072617391,1,0,0,0,0.884615385,0.031209524,1,1.909090909,0.954545455,0.0346
"2512",0,401757262,"Liberty","James Madison",0.4706,0,0,0.321,0,0,0.6418,1,7.5,46.5,4,2025,1,0,"Conference USA","Sun Belt",240,-298,1,1.909090909,0.954545455,0.0294,0.294117647,0.748743719,0.026882353,-0.069743719,1,0,0,0,0.667785235,0.026882353,0,0,0.954545455,0.1418
"2513",0,401757264,"Middle Tennessee","Marshall",0.5425,1,0,0.4833,0,1,0.5094,1,2.5,46.5,4,2025,1,0,"Conference USA","Sun Belt",114,-135,0,0,0.954545455,0.0425,0.46728972,0.574468085,0.01601028,-0.057768085,1,0,0,0,0.87037037,0.01601028,1,1.909090909,0.954545455,0.0094
"2514",0,401752845,"Wisconsin","Maryland",0.4273,0,0,0.7418,1,0,0.611,1,-10.5,44.5,4,2025,1,0,"Big Ten","Big Ten",-410,320,1,1.909090909,0.954545455,0.0727,0.803921569,0.238095238,-0.062121569,0.020104762,0,1,1,4.2,2.1,0.020104762,0,0,0.954545455,0.111
"2515",0,401752846,"Nebraska","Michigan",0.487,0,0,0.4821,0,1,0.4842,0,1.5,47.5,4,2025,1,0,"Big Ten","Big Ten",-102,-118,1,1.909090909,0.954545455,0.013,0.504950495,0.541284404,-0.022850495,-0.023384404,0,0,0,1,0.923728814,-0.022850495,0,0,0.954545455,0.0158
"2516",0,401752847,"USC","Michigan State",0.5069,1,1,0.8857,1,1,0.4829,0,-18.5,55.5,4,2025,1,0,"Big Ten","Big Ten",-950,625,0,0,0.954545455,0.0069,0.904761905,0.137931034,-0.019061905,-0.023631034,0,0,0,1,0.552631579,-0.019061905,0,0,0.954545455,0.0171
"2517",1,401757268,"Western Kentucky","Nevada",0.4539,0,1,0.7789,1,0,0.6564,1,-8.5,54.5,4,2025,1,0,"Conference USA","Mountain West",-325,260,0,0,0.954545455,0.0461,0.764705882,0.277777778,0.014194118,-0.056677778,1,0,1,1.307692308,0.653846154,0.014194118,0,0,0.954545455,0.1564
"2518",1,401754640,"UCF","North Carolina",0.4244,0,1,0.7466,1,0,0.5292,1,-7,46.5,4,2025,1,0,"Big 12","ACC",-245,200,0,0,0.954545455,0.0756,0.710144928,0.333333333,0.036455072,-0.079933333,1,0,1,1.408163265,0.704081633,0.036455072,0,0,0.954545455,0.0292
"2519",1,401754636,"TCU","SMU",0.4434,0,1,0.6606,1,0,0.4888,0,-6.5,63.5,4,2025,1,0,"Big 12","ACC",-238,195,0,0,0.954545455,0.0566,0.704142012,0.338983051,-0.043542012,0.000416949,0,1,0,0,0.710084034,0.000416949,1,1.909090909,0.954545455,0.0112
"2520",1,401752723,"Texas","Sam Houston",0.3668,0,1,0.8505,1,1,0.4851,0,-39.5,51.5,4,2025,1,0,"SEC","Conference USA",NA,NA,0,0,0.954545455,0.1332,NA,NA,NA,NA,NA,NA,NA,NA,NA,NA,0,0,0.954545455,0.0149
"2521",1,401754539,"Virginia","Stanford",0.3969,0,1,0.8529,1,1,0.546,1,-16.5,48.5,4,2025,1,0,"ACC","ACC",-750,525,0,0,0.954545455,0.1031,0.882352941,0.16,-0.029452941,-0.0129,0,0,0,1,0.566666667,-0.0129,1,1.909090909,0.954545455,0.046
"2522",0,401756901,"Utah","Texas Tech",0.4502,0,0,0.5726,1,0,0.6404,1,-3.5,58.5,4,2025,1,0,"Big 12","Big 12",-175,145,1,1.909090909,0.954545455,0.0498,0.636363636,0.408163265,-0.063763636,0.019236735,0,1,1,2.45,1.225,0.019236735,0,0,0.954545455,0.1404
"2523",1,401762820,"Western Michigan","Toledo",0.5787,1,1,0.3017,0,0,0.505,1,13.5,48.5,4,2025,1,0,"Mid-American","Mid-American",380,-500,1,1.909090909,0.954545455,0.0787,0.208333333,0.833333333,0.093366667,-0.135033333,1,0,1,4.8,2.4,0.093366667,0,0,0.954545455,0.005
"2524",0,401757267,"UTEP","UL Monroe",0.4714,0,0,0.7034,1,1,0.5822,1,-5.5,47.5,4,2025,1,0,"Conference USA","Sun Belt",-218,180,1,1.909090909,0.954545455,0.0286,0.685534591,0.357142857,0.017865409,-0.060542857,1,0,0,0,1.4,0.017865409,1,1.909090909,0.954545455,0.0822
"2525",0,401752842,"Washington State","Washington",0.5719,1,0,0.1009,0,1,0.533,1,21,51.5,4,2025,1,0,"Pac-12","Big Ten",900,-1600,0,0,0.954545455,0.0719,0.1,0.941176471,9e-04,-0.042076471,1,0,0,0,0.53125,9e-04,1,1.909090909,0.954545455,0.033
"2526",1,401762824,"Toledo","Akron",0.4272,0,1,0.8768,1,0,0.5544,1,-21.5,50.5,5,2025,1,0,"Mid-American","Mid-American",-2100,1100,0,0,0.954545455,0.0728,0.954545455,0.083333333,-0.077745455,0.039866667,0,1,0,0,0.523809524,0.039866667,0,0,0.954545455,0.0544
"2527",0,401752718,"Georgia","Alabama",0.4646,0,0,0.6477,1,0,0.6083,1,-2.5,53.5,5,2025,1,0,"SEC","SEC",-142,120,1,1.909090909,0.954545455,0.0354,0.58677686,0.454545455,0.06092314,-0.102245455,1,0,0,0,1.1,0.06092314,0,0,0.954545455,0.1083
"2528",1,401760379,"Boise State","App State",0.5457,1,1,0.8129,1,1,0.4951,0,-16.5,59.5,5,2025,1,0,"Mountain West","Sun Belt",-900,600,1,1.909090909,0.954545455,0.0457,0.9,0.142857143,-0.0871,0.044242857,0,1,0,0,0.555555556,0.044242857,0,0,0.954545455,0.0049
"2529",1,401756904,"Iowa State","Arizona",0.6305,1,1,0.769,1,1,0.3871,0,-4,48.5,5,2025,1,0,"Big 12","Big 12",-180,150,1,1.909090909,0.954545455,0.1305,0.642857143,0.4,0.126142857,-0.169,1,0,1,1.555555556,0.777777778,0.126142857,0,0,0.954545455,0.1129
"2530",1,401761616,"UL Monroe","Arkansas State",0.5157,1,1,0.5431,1,0,0.5833,1,-1.5,55.5,5,2025,1,0,"Sun Belt","Sun Belt",-115,-105,1,1.909090909,0.954545455,0.0157,0.534883721,0.512195122,0.008216279,-0.055295122,1,0,1,1.869565217,0.934782609,0.008216279,0,0,0.954545455,0.0833
"2531",1,401762471,"East Carolina","Army",0.5841,1,1,0.6583,1,0,0.4612,0,-3.5,52.5,5,2025,1,0,"American Athletic","American Athletic",-175,145,1,1.909090909,0.954545455,0.0841,0.636363636,0.408163265,0.021936364,-0.066463265,1,0,1,1.571428571,0.785714286,0.021936364,1,1.909090909,0.954545455,0.0388
"2532",0,401752724,"Texas A&M","Auburn",0.4595,0,1,0.6728,1,0,0.5249,1,-6.5,51.5,5,2025,1,0,"SEC","SEC",-238,195,1,1.909090909,0.954545455,0.0405,0.704142012,0.338983051,-0.031342012,-0.011783051,0,0,0,1,0.710084034,-0.011783051,0,0,0.954545455,0.0249
"2533",1,401756903,"Colorado","BYU",0.5491,1,0,0.3052,0,0,0.4833,0,6.5,48.5,5,2025,1,0,"Big 12","Big 12",205,-250,1,1.909090909,0.954545455,0.0491,0.327868852,0.714285714,-0.022668852,-0.019485714,0,0,0,1,0.7,-0.019485714,1,1.909090909,0.954545455,0.0167
"2534",1,401756907,"Oklahoma State","Baylor",0.565,1,0,0.1476,0,1,0.5902,1,21,58.5,5,2025,1,0,"Big 12","Big 12",850,-1450,1,1.909090909,0.954545455,0.065,0.105263158,0.935483871,0.042336842,-0.083083871,1,0,0,0,0.534482759,0.042336842,1,1.909090909,0.954545455,0.0902
"2535",1,401762825,"Ohio","Bowling Green",0.429,0,1,0.751,1,1,0.5154,1,-7.5,49.5,5,2025,1,0,"Mid-American","Mid-American",-325,260,0,0,0.954545455,0.071,0.764705882,0.277777778,-0.013705882,-0.028777778,0,0,0,1,0.653846154,-0.013705882,1,1.909090909,0.954545455,0.0154
"2536",0,401756905,"Kansas","Cincinnati",0.4534,0,0,0.7424,1,1,0.6212,1,-5.5,55.5,5,2025,1,0,"Big 12","Big 12",-218,180,1,1.909090909,0.954545455,0.0466,0.685534591,0.357142857,0.056865409,-0.099542857,1,0,0,0,1.4,0.056865409,1,1.909090909,0.954545455,0.1212
"2537",0,401754545,"Syracuse","Duke",0.441,0,0,0.421,0,0,0.4832,0,4,59.5,5,2025,1,0,"ACC","ACC",160,-192,1,1.909090909,0.954545455,0.059,0.384615385,0.657534247,0.036384615,-0.078534247,1,0,0,0,0.760416667,0.036384615,1,1.909090909,0.954545455,0.0168
"2538",1,401754543,"Virginia","Florida State",0.5253,1,1,0.4057,0,1,0.4236,0,7,59.5,5,2025,1,0,"ACC","ACC",220,-270,1,1.909090909,0.954545455,0.0253,0.3125,0.72972973,0.0932,-0.13542973,1,0,1,3.2,1.6,0.0932,0,0,0.954545455,0.0764
"2539",1,401761614,"James Madison","Georgia Southern",0.4176,0,1,0.8329,1,0,0.5582,1,-14.5,54.5,5,2025,1,0,"Sun Belt","Sun Belt",-675,490,0,0,0.954545455,0.0824,0.870967742,0.169491525,-0.038067742,-0.002391525,0,0,0,1,0.574074074,-0.002391525,0,0,0.954545455,0.0582
"2540",1,401754546,"Wake Forest","Georgia Tech",0.6,1,0,0.2922,0,1,0.5466,1,13.5,53.5,5,2025,1,0,"ACC","ACC",410,-550,1,1.909090909,0.954545455,0.1,0.196078431,0.846153846,0.096121569,-0.138353846,1,0,0,0,0.590909091,0.096121569,1,1.909090909,0.954545455,0.0466
"2541",1,401752939,"Oregon State","Houston",0.408,0,0,0.2031,0,1,0.4896,0,11.5,48.5,5,2025,1,0,"Pac-12","Big 12",360,-470,0,0,0.954545455,0.092,0.217391304,0.824561404,-0.014291304,-0.027661404,0,0,0,1,0.606382979,-0.014291304,0,0,0.954545455,0.0104
"2542",1,401752853,"Iowa","Indiana",0.4894,0,0,0.2475,0,0,0.5192,1,9.5,47.5,5,2025,1,0,"Big Ten","Big Ten",270,-340,0,0,0.954545455,0.0106,0.27027027,0.772727273,-0.02277027,-0.020227273,0,0,0,1,0.647058824,-0.020227273,0,0,0.954545455,0.0192
"2543",1,401757269,"Southern Miss","Jacksonville State",0.5537,1,1,0.6339,1,1,0.5715,1,-4.5,55.5,5,2025,1,0,"Sun Belt","Conference USA",-192,160,1,1.909090909,0.954545455,0.0537,0.657534247,0.384615385,-0.023634247,-0.018515385,0,0,0,1,0.760416667,-0.018515385,1,1.909090909,0.954545455,0.0715
"2544",1,401752722,"South Carolina","Kentucky",0.3999,0,1,0.6558,1,1,0.5604,1,-5.5,46.5,5,2025,1,0,"SEC","SEC",-218,180,0,0,0.954545455,0.1001,0.685534591,0.357142857,-0.029734591,-0.012942857,0,0,0,1,0.729357798,-0.012942857,1,1.909090909,0.954545455,0.0604
"2545",1,401752719,"Ole Miss","LSU",0.5241,1,1,0.598,1,0,0.4489,0,-2.5,57.5,5,2025,1,0,"SEC","SEC",-142,120,1,1.909090909,0.954545455,0.0241,0.58677686,0.454545455,0.01122314,-0.052545455,1,0,1,1.704225352,0.852112676,0.01122314,1,1.909090909,0.954545455,0.0511
"2546",0,401757271,"Old Dominion","Liberty",0.4814,0,1,0.7937,1,0,0.4798,0,-14.5,53.5,5,2025,1,0,"Sun Belt","Conference USA",-675,490,1,1.909090909,0.954545455,0.0186,0.870967742,0.169491525,-0.077267742,0.036808475,0,1,0,0,0.574074074,0.036808475,1,1.909090909,0.954545455,0.0202
"2547",0,401757272,"UTEP","Louisiana Tech",0.522,1,0,0.3472,0,0,0.6067,1,3.5,48.5,5,2025,1,0,"Conference USA","Conference USA",154,-185,0,0,0.954545455,0.022,0.393700787,0.649122807,-0.046500787,0.003677193,0,1,1,1.540540541,0.77027027,0.003677193,0,0,0.954545455,0.1067
"2548",0,401754547,"Pittsburgh","Louisville",0.5216,1,0,0.4829,0,1,0.5259,1,3,53.5,5,2025,1,0,"ACC","ACC",130,-155,0,0,0.954545455,0.0216,0.434782609,0.607843137,0.048117391,-0.090743137,1,0,0,0,0.822580645,0.048117391,1,1.909090909,0.954545455,0.0259
"2549",0,401752721,"Missouri","Massachusetts",0.4027,0,1,0.9199,1,0,0.4829,0,-44.5,57.5,5,2025,1,0,"SEC","Mid-American",NA,NA,1,1.909090909,0.954545455,0.0973,NA,NA,NA,NA,NA,NA,NA,NA,NA,NA,1,1.909090909,0.954545455,0.0171
"2550",0,401752852,"Washington","Ohio State",0.5682,1,0,0.3533,0,0,0.7439,1,9.5,52.5,5,2025,1,0,"Big Ten","Big Ten",295,-375,0,0,0.954545455,0.0682,0.253164557,0.789473684,0.100135443,-0.142773684,1,0,0,0,0.633333333,0.100135443,0,0,0.954545455,0.2439
"2551",0,401752854,"Penn State","Oregon",0.5449,1,0,0.692,1,1,0.4257,0,-3.5,53.5,5,2025,1,0,"Big Ten","Big Ten",-180,150,0,0,0.954545455,0.0449,0.642857143,0.4,0.049142857,-0.092,1,0,0,0,1.25,0.049142857,0,0,0.954545455,0.0743
"2552",0,401754549,"Stanford","San José State",0.4221,0,1,0.6033,1,1,0.5969,1,-3,49.5,5,2025,1,0,"ACC","Mountain West",-148,124,1,1.909090909,0.954545455,0.0779,0.596774194,0.446428571,0.006525806,-0.049728571,1,0,1,1.675675676,0.837837838,0.006525806,1,1.909090909,0.954545455,0.0969
"2553",0,401762474,"Tulsa","Tulane",0.6152,1,0,0.252,0,0,0.6563,1,14.5,52.5,5,2025,1,0,"American Athletic","American Athletic",500,-700,0,0,0.954545455,0.1152,0.166666667,0.875,0.085333333,-0.127,1,0,0,0,0.571428571,0.085333333,0,0,0.954545455,0.1563
"2554",0,401756908,"West Virginia","Utah",0.589,1,0,0.3655,0,1,0.6273,1,13.5,46.5,5,2025,1,0,"Big 12","Big 12",400,-535,0,0,0.954545455,0.089,0.2,0.842519685,0.1655,-0.208019685,1,0,0,0,0.593457944,0.1655,1,1.909090909,0.954545455,0.1273
"2555",0,401752725,"Vanderbilt","Utah State",0.5056,1,1,0.8971,1,1,0.4107,0,-23.5,57.5,5,2025,1,0,"SEC","Mountain West",-2100,1100,0,0,0.954545455,0.0056,0.954545455,0.083333333,-0.057445455,0.019566667,0,1,0,0,0.523809524,0.019566667,0,0,0.954545455,0.0893
"2556",0,401760381,"Navy","Air Force",0.4296,0,1,0.7568,1,1,0.4531,0,-13.5,50.5,6,2025,1,0,"American Athletic","Mountain West",-520,390,1,1.909090909,0.954545455,0.0704,0.838709677,0.204081633,-0.081909677,0.039118367,0,1,0,0,0.596153846,0.039118367,0,0,0.954545455,0.0469
"2557",0,401762476,"UAB","Army",0.4562,0,0,0.2845,0,0,0.5263,1,6.5,55.5,6,2025,1,0,"American Athletic","American Athletic",195,-238,1,1.909090909,0.954545455,0.0438,0.338983051,0.704142012,-0.054483051,0.011357988,0,1,1,1.420168067,0.710084034,0.011357988,0,0,0.954545455,0.0263
"2558",0,401757165,"Notre Dame","Boise State",0.5242,1,1,0.9026,1,0,0.4074,0,-21.5,63.5,6,2025,1,0,"FBS Independents","Mountain West",-1600,900,0,0,0.954545455,0.0242,0.941176471,0.1,-0.038576471,-0.0026,0,0,0,1,0.53125,-0.0026,1,1.909090909,0.954545455,0.0926
"2559",1,401754550,"Pittsburgh","Boston College",0.4565,0,1,0.6989,1,1,0.601,1,-7,54.5,6,2025,1,0,"ACC","ACC",-250,205,0,0,0.954545455,0.0435,0.714285714,0.327868852,-0.015385714,-0.026768852,0,0,0,1,0.7,-0.015385714,1,1.909090909,0.954545455,0.101
"2560",1,401762475,"South Florida","Charlotte",0.434,0,1,0.8857,1,1,0.5294,1,-27.5,54.5,6,2025,1,0,"American Athletic","American Athletic",-5000,1800,0,0,0.954545455,0.066,0.980392157,0.052631579,-0.094692157,0.061668421,0,1,0,0,0.51,0.061668421,1,1.909090909,0.954545455,0.0294
"2561",0,401754552,"North Carolina","Clemson",0.5484,1,0,0.1436,0,1,0.5094,1,15.5,47.5,6,2025,1,0,"ACC","ACC",470,-650,0,0,0.954545455,0.0484,0.175438596,0.866666667,-0.031838596,-0.010266667,0,0,0,1,0.576923077,-0.010266667,1,1.909090909,0.954545455,0.0094
"2562",1,401761619,"Old Dominion","Coastal Carolina",0.5454,1,1,0.8974,1,1,0.5597,1,-18.5,53.5,6,2025,1,0,"Sun Belt","Sun Belt",-1000,650,1,1.909090909,0.954545455,0.0454,0.909090909,0.133333333,-0.011690909,-0.030733333,0,0,0,1,0.55,-0.011690909,1,1.909090909,0.954545455,0.0597
"2563",1,401756914,"TCU","Colorado",0.4383,0,1,0.7889,1,0,0.5386,1,-13.5,57.5,6,2025,1,0,"Big 12","Big 12",-550,410,0,0,0.954545455,0.0617,0.846153846,0.196078431,-0.057253846,0.015021569,0,1,0,0,0.590909091,0.015021569,0,0,0.954545455,0.0386
"2564",1,401760382,"San Diego State","Colorado State",0.516,1,1,0.7569,1,1,0.6568,1,-4.5,40.5,6,2025,1,0,"Mountain West","Mountain West",-192,160,1,1.909090909,0.954545455,0.016,0.657534247,0.384615385,0.099365753,-0.141515385,1,0,1,1.520833333,0.760416667,0.099365753,1,1.909090909,0.954545455,0.1568
"2565",0,401762477,"Rice","Florida Atlantic",0.5261,1,0,0.5527,1,0,0.5286,1,-4.5,54.5,6,2025,1,0,"American Athletic","American Athletic",-198,164,0,0,0.954545455,0.0261,0.66442953,0.378787879,-0.11172953,0.068512121,0,1,1,2.64,1.32,0.068512121,0,0,0.954545455,0.0286
"2566",1,401757171,"UConn","Florida International",0.4549,0,1,0.745,1,1,0.5344,1,-7,52.5,6,2025,1,0,"FBS Independents","Conference USA",-270,220,0,0,0.954545455,0.0451,0.72972973,0.3125,0.01527027,-0.0575,1,0,1,1.37037037,0.685185185,0.01527027,1,1.909090909,0.954545455,0.0344
"2567",0,401752861,"Purdue","Illinois",0.5098,1,0,0.3415,0,1,0.6018,1,7,54.5,6,2025,1,0,"Big Ten","Big Ten",250,-310,0,0,0.954545455,0.0098,0.285714286,0.756097561,0.055785714,-0.097597561,1,0,0,0,0.661290323,0.055785714,1,1.909090909,0.954545455,0.1018
"2568",0,401756915,"UCF","Kansas",0.2857,0,0,0.2183,0,0,0.6135,1,4,53.5,6,2025,1,0,"Big 12","Big 12",160,-192,1,1.909090909,0.954545455,0.2143,0.384615385,0.657534247,-0.166315385,0.124165753,0,1,1,1.520833333,0.760416667,0.124165753,0,0,0.954545455,0.1135
"2569",0,401752729,"Oklahoma","Kent State",0.3388,0,1,0.8917,1,0,0.5393,1,-46.5,53.5,6,2025,1,0,"SEC","Mid-American",NA,NA,1,1.909090909,0.954545455,0.1612,NA,NA,NA,NA,NA,NA,NA,NA,NA,NA,0,0,0.954545455,0.0393
"2570",0,401762873,"Northern Illinois","Miami (OH)",0.4867,0,0,0.2884,0,1,0.4658,0,4.5,38.5,6,2025,1,0,"Mid-American","Mid-American",160,-192,1,1.909090909,0.954545455,0.0133,0.384615385,0.657534247,-0.096215385,0.054065753,0,1,1,1.520833333,0.760416667,0.054065753,0,0,0.954545455,0.0342
"2571",0,401752860,"Nebraska","Michigan State",0.4627,0,1,0.745,1,1,0.5103,1,-12.5,48.5,6,2025,1,0,"Big Ten","Big Ten",-485,370,1,1.909090909,0.954545455,0.0373,0.829059829,0.212765957,-0.084059829,0.042234043,0,1,0,0,0.603092784,0.042234043,1,1.909090909,0.954545455,0.0103
"2572",1,401752859,"Ohio State","Minnesota",0.4212,0,1,0.9067,1,1,0.4126,0,-23.5,42.5,6,2025,1,0,"Big Ten","Big Ten",-2800,1300,0,0,0.954545455,0.0788,0.965517241,0.071428571,-0.058817241,0.021871429,0,1,0,0,0.517857143,0.021871429,0,0,0.954545455,0.0874
"2573",1,401752730,"Texas A&M","Mississippi State",0.4209,0,1,0.8878,1,0,0.4561,0,-17.5,57.5,6,2025,1,0,"SEC","SEC",-900,600,0,0,0.954545455,0.0791,0.9,0.142857143,-0.0122,-0.030657143,0,0,0,1,0.555555556,-0.0122,1,1.909090909,0.954545455,0.0439
"2574",1,401760384,"San José State","New Mexico",0.5894,1,1,0.6356,1,1,0.4186,0,-1.5,58.5,6,2025,1,0,"Mountain West","Mountain West",-120,100,1,1.909090909,0.954545455,0.0894,0.545454545,0.5,0.090145455,-0.1356,1,0,1,1.833333333,0.916666667,0.090145455,0,0,0.954545455,0.0814
"2575",1,401752855,"UCLA","Penn State",0.6664,1,1,0.1074,0,1,0.4672,0,24.5,48.5,6,2025,1,0,"Big Ten","Big Ten",1200,-2400,1,1.909090909,0.954545455,0.1664,0.076923077,0.96,0.030476923,-0.0674,1,0,1,13,6.5,0.030476923,0,0,0.954545455,0.0328
"2576",1,401761621,"Troy","South Alabama",0.459,0,1,0.4523,0,1,0.5413,1,2.5,46.5,6,2025,1,0,"Sun Belt","Sun Belt",105,-125,0,0,0.954545455,0.041,0.487804878,0.555555556,-0.035504878,-0.007855556,0,0,0,1,1.025,-0.007855556,1,1.909090909,0.954545455,0.0413
"2577",0,401760385,"Wyoming","UNLV",0.454,0,0,0.3633,0,0,0.527,1,4.5,50.5,6,2025,1,0,"Mountain West","Mountain West",164,-198,1,1.909090909,0.954545455,0.046,0.378787879,0.66442953,-0.015487879,-0.02772953,0,0,0,1,0.752525253,-0.015487879,0,0,0.954545455,0.027
"2578",0,401760372,"Air Force","Boise State",0.5904,1,0,0.2102,0,1,0.5926,1,10.5,51.5,4,2025,1,0,"Mountain West","Mountain West",300,-380,0,0,0.954545455,0.0904,0.25,0.791666667,-0.0398,-0.001866667,0,0,0,1,0.631578947,-0.001866667,1,1.909090909,0.954545455,0.0926
"2579",0,401762469,"Army","North Texas",0.5173,1,0,0.4465,0,1,0.5282,1,2.5,50.5,4,2025,1,0,"American Athletic","American Athletic",120,-142,0,0,0.954545455,0.0173,0.454545455,0.58677686,-0.008045455,-0.03327686,0,0,0,1,0.852112676,-0.008045455,1,1.909090909,0.954545455,0.0282
"2580",0,401761613,"Buffalo","Troy",0.5069,1,0,0.6561,1,0,0.567,1,-5.5,43.5,4,2025,1,0,"Mid-American","Sun Belt",-225,185,0,0,0.954545455,0.0069,0.692307692,0.350877193,-0.036207692,-0.006977193,0,0,0,1,1.425,-0.006977193,0,0,0.954545455,0.067
"2581",0,401762468,"Charlotte","Rice",0.5229,1,0,0.4284,0,1,0.6845,1,1.5,42.5,4,2025,1,0,"American Athletic","American Athletic",102,-122,0,0,0.954545455,0.0229,0.495049505,0.54954955,-0.066649505,0.02205045,0,1,1,1.819672131,0.909836066,0.02205045,1,1.909090909,0.954545455,0.1845
"2582",0,401754537,"Clemson","Syracuse",0.5749,1,0,0.9061,1,1,0.5545,1,-17.5,53.5,4,2025,1,0,"ACC","ACC",-850,575,0,0,0.954545455,0.0749,0.894736842,0.148148148,0.011363158,-0.054248148,1,0,0,0,3.375,0.011363158,1,1.909090909,0.954545455,0.0545
"2583",1,401756897,"Colorado","Wyoming",0.3524,0,1,0.6641,1,1,0.7112,1,-12.5,45.5,4,2025,1,0,"Big 12","Mountain West",-470,360,0,0,0.954545455,0.1476,0.824561404,0.217391304,-0.160461404,0.118508696,0,1,0,0,0.606382979,0.118508696,1,1.909090909,0.954545455,0.2112
"2584",1,401760373,"Colorado State","UTSA",0.4669,0,0,0.4224,0,0,0.4259,0,4.5,58.5,4,2025,1,0,"Mountain West","American Athletic",180,-218,0,0,0.954545455,0.0331,0.357142857,0.685534591,0.065257143,-0.107934591,1,0,0,0,0.729357798,0.065257143,1,1.909090909,0.954545455,0.0741
"2585",1,401754538,"Duke","NC State",0.5133,1,1,0.5233,1,1,0.4832,0,-3,57.5,4,2025,1,0,"ACC","ACC",-155,130,1,1.909090909,0.954545455,0.0133,0.607843137,0.434782609,-0.084543137,0.041917391,0,1,0,0,0.822580645,0.041917391,0,0,0.954545455,0.0168
"2586",1,401761610,"Eastern Michigan","Louisiana",0.6337,1,1,0.5989,1,1,0.5727,1,2.5,51.5,4,2025,1,0,"Mid-American","Sun Belt",114,-135,1,1.909090909,0.954545455,0.1337,0.46728972,0.574468085,0.13161028,-0.173368085,1,0,1,2.14,1.07,0.13161028,1,1.909090909,0.954545455,0.0727
"2587",1,401754541,"Florida State","Kent State",0.4542,0,1,0.8807,1,1,0.3103,0,-44.5,56.5,4,2025,1,0,"ACC","Mid-American",NA,NA,0,0,0.954545455,0.0458,NA,NA,NA,NA,NA,NA,NA,NA,NA,NA,0,0,0.954545455,0.1897
"2588",0,401754542,"Georgia Tech","Temple",0.546,1,1,0.9124,1,1,0.5864,1,-24.5,52.5,4,2025,1,0,"ACC","American Athletic",-2400,1200,0,0,0.954545455,0.046,0.96,0.076923077,-0.0476,0.010676923,0,1,0,0,0.520833333,0.010676923,1,1.909090909,0.954545455,0.0864
"2589",1,401756899,"Kansas","West Virginia",0.4792,0,1,0.8023,1,0,0.7051,1,-12.5,54.5,4,2025,1,0,"Big 12","Big 12",-455,350,0,0,0.954545455,0.0208,0.81981982,0.222222222,-0.01751982,-0.024522222,0,0,0,1,0.60989011,-0.01751982,0,0,0.954545455,0.2051
"2590",1,401757263,"Louisiana Tech","Southern Miss",0.4908,0,1,0.6179,1,0,0.5436,1,-3,51.5,4,2025,1,0,"Conference USA","Sun Belt",-155,130,0,0,0.954545455,0.0092,0.607843137,0.434782609,0.010056863,-0.052682609,1,0,1,1.64516129,0.822580645,0.010056863,0,0,0.954545455,0.0436
"2591",0,401760376,"Miami (OH)","UNLV",0.3021,0,0,0.3743,0,1,0.6495,1,2.5,49.5,4,2025,1,0,"Mid-American","Mountain West",110,-130,1,1.909090909,0.954545455,0.1979,0.476190476,0.565217391,-0.101890476,0.060482609,0,1,1,1.769230769,0.884615385,0.060482609,1,1.909090909,0.954545455,0.1495
"2592",1,401752712,"Mississippi State","Northern Illinois",0.3109,0,1,0.8492,1,0,0.6068,1,-23.5,48.5,4,2025,1,0,"SEC","Mid-American",-2400,1200,0,0,0.954545455,0.1891,0.96,0.076923077,-0.1108,0.073876923,0,1,0,0,0.520833333,0.073876923,0,0,0.954545455,0.1068
"2593",0,401752713,"Missouri","South Carolina",0.4672,0,1,0.7587,1,1,0.5274,1,-10,48.5,4,2025,1,0,"SEC","SEC",-355,280,1,1.909090909,0.954545455,0.0328,0.78021978,0.263157895,-0.02151978,-0.021857895,0,0,0,1,0.64084507,-0.02151978,1,1.909090909,0.954545455,0.0274
"2594",1,401752848,"Notre Dame","Purdue",0.5515,1,1,0.8673,1,1,0.6264,1,-24.5,51.5,4,2025,1,0,"FBS Independents","Big Ten",-2400,1200,1,1.909090909,0.954545455,0.0515,0.96,0.076923077,-0.0927,0.055776923,0,1,0,0,0.520833333,0.055776923,1,1.909090909,0.954545455,0.1264
"2595",0,401756900,"Oklahoma State","Tulsa",0.3861,0,0,0.6855,1,0,0.7197,1,-10,54.5,4,2025,1,0,"Big 12","American Athletic",-375,295,1,1.909090909,0.954545455,0.1139,0.789473684,0.253164557,-0.103973684,0.061335443,0,1,1,3.95,1.975,0.061335443,0,0,0.954545455,0.2197
"2596",1,401752711,"Ole Miss","Tulane",0.4902,0,1,0.8034,1,0,0.6747,1,-12.5,61.5,4,2025,1,0,"SEC","American Athletic",-440,340,0,0,0.954545455,0.0098,0.814814815,0.227272727,-0.011414815,-0.030672727,0,0,0,1,0.613636364,-0.011414815,0,0,0.954545455,0.1747
"2597",1,401752841,"Oregon","Oregon State",0.475,0,1,0.9204,1,0,0.4355,0,-33.5,58.5,4,2025,1,0,"Big Ten","Pac-12",NA,NA,0,0,0.954545455,0.025,NA,NA,NA,NA,NA,NA,NA,NA,NA,NA,1,1.909090909,0.954545455,0.0645
"2598",0,401752715,"Tennessee","UAB",0.5199,1,1,0.9374,1,1,0.6529,1,-39.5,69.5,4,2025,1,0,"SEC","American Athletic",NA,NA,0,0,0.954545455,0.0199,NA,NA,NA,NA,NA,NA,NA,NA,NA,NA,1,1.909090909,0.954545455,0.1529
"2599",0,401760378,"Air Force","Hawai'i",0.3017,0,0,0.3508,0,1,0.2687,0,-7,52.5,5,2025,1,0,"Mountain West","Mountain West",-278,225,1,1.909090909,0.954545455,0.1983,0.735449735,0.307692308,-0.384649735,0.341507692,0,1,1,3.25,1.625,0.341507692,0,0,0.954545455,0.2313
"2600",1,401756902,"Arizona State","TCU",0.5168,1,1,0.6185,1,0,0.5564,1,-3,54.5,5,2025,1,0,"Big 12","Big 12",-148,124,1,1,0.954545455,0.0168,0.596774194,0.446428571,0.021725806,-0.064928571,1,0,1,1.675675676,0.837837838,0.021725806,0,0,0.954545455,0.0564
"2601",0,401752717,"Arkansas","Notre Dame",0.3708,0,0,0.3366,0,1,0.6029,1,5.5,64.5,5,2025,1,0,"SEC","FBS Independents",180,-218,1,1.909090909,0.954545455,0.1292,0.357142857,0.685534591,-0.020542857,-0.022134591,0,0,0,1,0.729357798,-0.020542857,1,1.909090909,0.954545455,0.1029
"2602",0,401754544,"Boston College","California",0.519,1,0,0.6695,1,0,0.5457,1,-6,54.5,5,2025,1,0,"ACC","ACC",-230,190,0,0,0.954545455,0.019,0.696969697,0.344827586,-0.027469697,-0.014327586,0,0,0,1,1.45,-0.014327586,0,0,0.954545455,0.0457
"2603",1,401757170,"Buffalo","UConn",0.4998,0,0,0.4686,0,0,0.4287,0,3,51.5,5,2025,1,0,"Mid-American","FBS Independents",130,-155,0,1,0.954545455,2e-04,0.434782609,0.607843137,0.033817391,-0.076443137,1,0,0,0,0.822580645,0.033817391,1,1.909090909,0.954545455,0.0713
"2604",1,401762826,"Central Michigan","Eastern Michigan",0.349,0,1,0.5372,1,0,0.5452,1,-3,55.5,5,2025,1,0,"Mid-American","Mid-American",-162,136,0,0,0.954545455,0.151,0.618320611,0.423728814,-0.081120611,0.039071186,0,1,0,0,0.808641975,0.039071186,0,0,0.954545455,0.0452
"2605",0,401752950,"Colorado State","Washington State",0.4914,0,0,0.6642,1,0,0.3978,0,-4.5,48.5,5,2025,1,0,"Mountain West","Pac-12",-205,170,1,1.909090909,0.954545455,0.0086,0.672131148,0.37037037,-0.007931148,-0.03457037,0,0,0,1,1.35,-0.007931148,1,1.909090909,0.954545455,0.1022
"2606",0,401762472,"Florida Atlantic","Memphis",0.507,1,0,0.1962,0,1,0.5622,1,14,62.5,5,2025,1,0,"American Athletic","American Athletic",425,-575,0,0,0.954545455,0.007,0.19047619,0.851851852,0.00572381,-0.048051852,1,0,0,0,0.586956522,0.00572381,1,1.909090909,0.954545455,0.0622
"2607",1,401752850,"Illinois","USC",0.5474,1,1,0.3321,0,1,0.5448,1,6.5,62.5,5,2025,1,0,"Big Ten","Big Ten",205,-250,1,1.909090909,0.954545455,0.0474,0.327868852,0.714285714,0.004231148,-0.046385714,1,0,1,3.05,1.525,0.004231148,1,1.909090909,0.954545455,0.0448
"2608",1,401756906,"Kansas State","UCF",0.5605,1,1,0.6849,1,1,0.625,1,-6,48.5,5,2025,1,0,"Big 12","Big 12",-225,185,1,1.909090909,0.954545455,0.0605,0.692307692,0.350877193,-0.007407692,-0.035777193,0,0,0,1,0.722222222,-0.007407692,1,1.909090909,0.954545455,0.125
"2609",1,401757270,"Kennesaw State","Middle Tennessee",0.353,0,1,0.7082,1,0,0.5183,1,-7,54.5,5,2025,1,0,"Conference USA","Conference USA",-250,205,0,0,0.954545455,0.147,0.714285714,0.327868852,-0.006085714,-0.036068852,0,0,0,1,0.7,-0.006085714,0,0,0.954545455,0.0183
"2610",1,401761615,"Louisiana","Marshall",0.331,0,1,0.4685,0,1,0.5612,1,2.5,47.5,5,2025,1,0,"Sun Belt","Sun Belt",110,-130,0,0,0.954545455,0.169,0.476190476,0.565217391,-0.007690476,-0.033717391,0,0,0,1,1.05,-0.007690476,1,1.909090909,0.954545455,0.0612
"2611",0,401752849,"Minnesota","Rutgers",0.5099,1,1,0.5699,1,1,0.5467,1,-3.5,51.5,5,2025,1,0,"Big Ten","Big Ten",-175,145,0,0,0.954545455,0.0099,0.636363636,0.408163265,-0.066463636,0.021936735,0,1,0,0,0.785714286,0.021936735,1,1.909090909,0.954545455,0.0467
"2612",1,401752720,"Mississippi State","Tennessee",0.4939,0,0,0.2654,0,1,0.548,1,7.5,63.5,5,2025,1,0,"SEC","SEC",235,-290,0,0,0.954545455,0.0061,0.298507463,0.743589744,-0.033107463,-0.008989744,0,0,0,1,0.672413793,-0.008989744,1,1.909090909,0.954545455,0.048
"2613",0,401757273,"Missouri State","Western Kentucky",0.5885,1,0,0.3095,0,0,0.5142,1,3.5,59.5,5,2025,1,0,"Conference USA","Conference USA",145,-175,0,0,0.954545455,0.0885,0.408163265,0.636363636,-0.098663265,0.054136364,0,1,1,1.571428571,0.785714286,0.054136364,0,0,0.954545455,0.0142
"2614",0,401754548,"NC State","Virginia Tech",0.4299,0,0,0.7243,1,0,0.3854,0,-10,57.5,5,2025,1,0,"ACC","ACC",-360,285,1,1.909090909,0.954545455,0.0701,0.782608696,0.25974026,-0.058308696,0.01595974,0,1,1,3.85,1.925,0.01595974,1,1.909090909,0.954545455,0.1146
"2615",0,401762473,"Navy","Rice",0.492,0,1,0.8602,1,0,0.5953,1,-14,45.5,5,2025,1,0,"American Athletic","American Athletic",-600,440,1,1.909090909,0.954545455,0.008,0.857142857,0.185185185,0.003057143,-0.045385185,1,0,1,1.166666667,0.583333333,0.003057143,0,0,0.954545455,0.0953
"2616",1,401757274,"New Mexico","New Mexico State",0.3781,0,1,0.7995,1,1,0.5179,1,-16.5,53.5,5,2025,1,0,"Mountain West","Conference USA",-750,525,0,0,0.954545455,0.1219,0.882352941,0.16,-0.082852941,0.0405,0,1,0,0,0.566666667,0.0405,1,1.909090909,0.954545455,0.0179
"2617",1,401761617,"North Texas","South Alabama",0.4891,0,1,0.8439,1,0,0.5067,1,-13.5,63.5,5,2025,1,0,"American Athletic","Sun Belt",-500,380,0,0,0.954545455,0.0109,0.833333333,0.208333333,0.010566667,-0.052233333,1,0,1,1.2,0.6,0.010566667,0,0,0.954545455,0.0067
"2618",0,401760380,"Northern Illinois","San Diego State",0.4736,0,0,0.4266,0,0,0.542,1,1.5,41.5,5,2025,1,0,"Mid-American","Mountain West",105,-125,1,1.909090909,0.954545455,0.0264,0.487804878,0.555555556,-0.061204878,0.017844444,0,1,1,1.8,0.9,0.017844444,0,0,0.954545455,0.042
"2619",0,401752851,"Northwestern","UCLA",0.5096,1,1,0.5862,1,0,0.4424,0,-6,45.5,5,2025,1,0,"Big Ten","Big Ten",-218,180,0,0,0.954545455,0.0096,0.685534591,0.357142857,-0.099334591,0.056657143,0,1,0,0,0.729357798,0.056657143,1,1.909090909,0.954545455,0.0576
"2620",1,401762829,"Akron","Central Michigan",0.4915,0,1,0.363,0,1,0.4671,0,7,47.5,6,2025,1,0,"Mid-American","Mid-American",220,-270,0,0,0.954545455,0.0085,0.3125,0.72972973,0.0505,-0.09272973,1,0,1,3.2,1.6,0.0505,0,0,0.954545455,0.0329
"2621",1,401752726,"Alabama","Vanderbilt",0.4631,0,1,0.7216,1,0,0.4635,0,-13.5,57.5,6,2025,1,0,"SEC","SEC",-535,400,0,0,0.954545455,0.0369,0.842519685,0.2,-0.120919685,0.0784,0,1,0,0,0.593457944,0.0784,1,1.909090909,0.954545455,0.0365
"2622",1,401752940,"App State","Oregon State",0.4852,0,1,0.4896,0,0,0.5303,1,-1.5,53.5,6,2025,1,0,"Sun Belt","Pac-12",-122,102,0,0,0.954545455,0.0148,0.54954955,0.495049505,-0.05994955,0.015350495,0,1,0,0,0.909836066,0.015350495,0,0,0.954545455,0.0303
"2623",1,401756910,"Arizona","Oklahoma State",0.5139,1,1,0.8988,1,0,0.5304,1,-21.5,56.5,6,2025,1,0,"Big 12","Big 12",-1600,900,1,1.909090909,0.954545455,0.0139,0.941176471,0.1,-0.042376471,0.0012,0,1,0,0,0.53125,0.0012,0,0,0.954545455,0.0304
"2624",1,401761620,"Arkansas State","Texas State",0.4932,0,1,0.2052,0,0,0.5814,1,14,63.5,6,2025,1,0,"Sun Belt","Sun Belt",425,-575,0,0,0.954545455,0.0068,0.19047619,0.851851852,0.01472381,-0.057051852,1,0,1,5.25,2.625,0.01472381,0,0,0.954545455,0.0814
"2625",0,401756909,"BYU","West Virginia",0.3568,0,1,0.8978,1,1,0.4631,0,-19.5,46.5,6,2025,1,0,"Big 12","Big 12",-1450,850,1,1.909090909,0.954545455,0.1432,0.935483871,0.105263158,-0.037683871,-0.003063158,0,0,0,1,0.534482759,-0.003063158,0,0,0.954545455,0.0369
"2626",1,401762830,"Ball State","Ohio",0.4517,0,1,0.1253,0,0,0.4961,0,14,52.5,6,2025,1,0,"Mid-American","Mid-American",440,-600,0,0,0.954545455,0.0483,0.185185185,0.857142857,-0.059885185,0.017557143,0,1,0,0,2.7,0.017557143,1,1.909090909,0.954545455,0.0039
"2627",0,401756911,"Baylor","Kansas State",0.4262,0,1,0.4236,0,1,0.5175,1,-4.5,59.5,6,2025,1,0,"Big 12","Big 12",-192,160,1,1.909090909,0.954545455,0.0738,0.657534247,0.384615385,-0.233934247,0.191784615,0,1,0,0,0.760416667,0.191784615,1,1.909090909,0.954545455,0.0175
"2628",0,401762831,"Buffalo","Eastern Michigan",0.4435,0,1,0.6513,1,1,0.5801,1,-9.5,53.5,6,2025,1,0,"Mid-American","Mid-American",-325,260,1,1.909090909,0.954545455,0.0565,0.764705882,0.277777778,-0.113405882,0.070922222,0,1,0,0,0.653846154,0.070922222,1,1.909090909,0.954545455,0.0801
"2629",0,401754551,"California","Duke",0.4116,0,0,0.3537,0,1,0.5185,1,3.5,54.5,6,2025,1,0,"ACC","ACC",145,-175,1,1.909090909,0.954545455,0.0884,0.408163265,0.636363636,-0.054463265,0.009936364,0,1,1,1.571428571,0.785714286,0.009936364,1,1.909090909,0.954545455,0.0185
"2630",1,401756912,"Cincinnati","Iowa State",0.5957,1,1,0.3524,0,1,0.4268,0,-1.5,55.5,6,2025,1,0,"Big 12","Big 12",-125,105,1,1.909090909,0.954545455,0.0957,0.555555556,0.487804878,-0.203155556,0.159795122,0,1,0,0,0.9,0.159795122,0,0,0.954545455,0.0732
"2631",0,401757276,"Delaware","Western Kentucky",0.4824,0,0,0.3922,0,0,0.4834,0,-2.5,62.5,6,2025,1,0,"Conference USA","Conference USA",-142,120,1,1.909090909,0.954545455,0.0176,0.58677686,0.454545455,-0.19457686,0.153254545,0,1,1,2.2,1.1,0.153254545,1,1.909090909,0.954545455,0.0166
"2632",1,401752727,"Florida","Texas",0.4457,0,1,0.3399,0,1,0.4867,0,4.5,42.5,6,2025,1,0,"SEC","SEC",170,-205,0,0,0.954545455,0.0543,0.37037037,0.672131148,-0.03047037,-0.012031148,0,0,0,1,1.35,-0.012031148,0,0,0.954545455,0.0133
"2633",0,401754553,"Florida State","Miami",0.513,1,0,0.3876,0,0,0.5391,1,3.5,54.5,6,2025,1,0,"ACC","ACC",142,-170,0,0,0.954545455,0.013,0.41322314,0.62962963,-0.02562314,-0.01722963,0,0,0,1,0.794117647,-0.01722963,0,0,0.954545455,0.0391
"2634",0,401760383,"Fresno State","Nevada",0.577,1,1,0.8637,1,0,0.4798,0,-12.5,45.5,6,2025,1,0,"Mountain West","Mountain West",-520,390,0,0,0.954545455,0.077,0.838709677,0.204081633,0.024990323,-0.067781633,1,0,1,1.192307692,0.596153846,0.024990323,1,1.909090909,0.954545455,0.0202
"2635",1,401752728,"Georgia","Kentucky",0.4309,0,1,0.9208,1,1,0.4567,0,-19.5,48.5,6,2025,1,0,"SEC","SEC",-1450,850,0,0,0.954545455,0.0691,0.935483871,0.105263158,-0.014683871,-0.026063158,0,0,0,1,0.534482759,-0.014683871,0,0,0.954545455,0.0433
"2636",1,401761618,"Georgia State","James Madison",0.4999,0,0,0.1013,0,0,0.5035,1,19.5,52.5,6,2025,1,0,"Sun Belt","Sun Belt",800,-1350,0,0,0.954545455,1e-04,0.111111111,0.931034483,-0.009811111,-0.032334483,0,0,0,1,0.537037037,-0.009811111,0,0,0.954545455,0.0035
"2637",0,401756913,"Houston","Texas Tech",0.5668,1,0,0.2358,0,0,0.3896,0,13.5,51.5,6,2025,1,0,"Big 12","Big 12",390,-520,0,0,0.954545455,0.0668,0.204081633,0.838709677,0.031718367,-0.074509677,1,0,0,0,0.596153846,0.031718367,1,1.909090909,0.954545455,0.1104
"2638",0,401754554,"Louisville","Virginia",0.496,0,0,0.628,1,0,0.4235,0,-6.5,59.5,6,2025,1,0,"ACC","ACC",-250,205,1,1.909090909,0.954545455,0.004,0.714285714,0.327868852,-0.086285714,0.044131148,0,1,1,3.05,1.525,0.044131148,1,1.909090909,0.954545455,0.0765
"2639",1,401752857,"Maryland","Washington",0.5135,1,0,0.4082,0,0,0.5883,1,5.5,52.5,6,2025,1,0,"Big Ten","Big Ten",185,-225,1,1.909090909,0.954545455,0.0135,0.350877193,0.692307692,0.057322807,-0.100507692,1,0,0,0,0.722222222,0.057322807,0,0,0.954545455,0.0883
"2640",0,401762832,"Massachusetts","Western Michigan",0.5124,1,0,0.2435,0,0,0.532,1,12.5,46.5,6,2025,1,0,"Mid-American","Mid-American",360,-470,0,0,0.954545455,0.0124,0.217391304,0.824561404,0.026108696,-0.068061404,1,0,0,0,0.606382979,0.026108696,0,0,0.954545455,0.032
"2641",1,401762478,"Memphis","Tulsa",0.4901,0,1,0.8338,1,0,0.5858,1,-21,54.5,6,2025,1,0,"American Athletic","American Athletic",-1650,950,0,0,0.954545455,0.0099,0.942857143,0.095238095,-0.109057143,0.070961905,0,1,0,0,0.53030303,0.070961905,0,0,0.954545455,0.0858
"2642",0,401752856,"Michigan","Wisconsin",0.5118,1,1,0.9155,1,0,0.5674,1,-17.5,42.5,6,2025,1,0,"Big Ten","Big Ten",-800,550,0,0,0.954545455,0.0118,0.888888889,0.153846154,0.026611111,-0.069346154,1,0,1,1.125,0.5625,0.026611111,0,0,0.954545455,0.0674
"2643",1,401757275,"New Mexico State","Sam Houston",0.5395,1,1,0.5946,1,0,0.5445,1,2.5,52.5,6,2025,1,0,"Conference USA","Conference USA",110,-130,1,1.909090909,0.954545455,0.0395,0.476190476,0.565217391,0.118409524,-0.159817391,1,0,1,2.1,1.05,0.118409524,0,0,0.954545455,0.0445
"2644",1,401752858,"Northwestern","UL Monroe",0.451,0,1,0.7767,1,1,0.5609,1,-12.5,43.5,6,2025,1,0,"Big Ten","Sun Belt",-440,340,0,0,0.954545455,0.049,0.814814815,0.227272727,-0.038114815,-0.003972727,0,0,0,1,0.613636364,-0.003972727,1,1.909090909,0.954545455,0.0609
"2645",0,401754555,"SMU","Syracuse",0.4609,0,1,0.8782,1,0,0.6171,1,-17.5,56.5,6,2025,1,0,"ACC","ACC",-750,525,1,1.909090909,0.954545455,0.0391,0.882352941,0.16,-0.004152941,-0.0382,0,0,0,1,0.566666667,-0.004152941,0,0,0.954545455,0.1171
"2646",1,401762479,"Temple","UTSA",0.4037,0,1,0.3022,0,0,0.5167,1,6.5,58.5,6,2025,1,0,"American Athletic","American Athletic",205,-250,0,0,0.954545455,0.0963,0.327868852,0.714285714,-0.025668852,-0.016485714,0,0,0,1,1.525,-0.016485714,0,0,0.954545455,0.0167
"2647",0,401754556,"Virginia Tech","Wake Forest",0.4783,0,0,0.4857,0,1,0.5508,1,-4.5,51.5,6,2025,1,0,"ACC","ACC",-198,164,1,1.909090909,0.954545455,0.0217,0.66442953,0.378787879,-0.17872953,0.135512121,0,1,1,2.64,1.32,0.135512121,1,1.909090909,0.954545455,0.0508
"2648",0,401760386,"UNLV","Air Force",0.5323,1,1,0.8321,1,1,0.3604,0,-7,65.5,7,2025,1,0,"Mountain West","Mountain West",-250,205,0,0,0.954545455,0.0323,0.714285714,0.327868852,0.117814286,-0.159968852,1,0,1,1.4,0.7,0.117814286,0,0,0.954545455,0.1396
"2649",0,401752734,"Missouri","Alabama",0.4769,0,0,0.4369,0,1,0.5202,1,3,50.5,7,2025,1,0,"SEC","SEC",130,-155,1,1,0.954545455,0.0231,0.434782609,0.607843137,0.002117391,-0.044743137,1,0,0,0,0.822580645,0.002117391,1,1.909090909,0.954545455,0.0202
"2650",0,401761624,"Georgia State","App State",0.3832,0,0,0.3988,0,1,0.5412,1,3,55.5,7,2025,1,0,"Sun Belt","Sun Belt",130,-155,1,1.909090909,0.954545455,0.1168,0.434782609,0.607843137,-0.035982609,-0.006643137,0,0,0,1,0.822580645,-0.006643137,1,1.909090909,0.954545455,0.0412
"2651",1,401756922,"Utah","Arizona State",0.4962,0,1,0.7792,1,1,0.5046,1,-9.5,44.5,7,2025,1,0,"Big 12","Big 12",-355,280,0,0,0.954545455,0.0038,0.78021978,0.263157895,-0.00101978,-0.042357895,0,0,0,1,0.64084507,-0.00101978,1,1.909090909,0.954545455,0.0046
"2652",0,401752735,"Tennessee","Arkansas",0.5169,1,1,0.8069,1,0,0.4679,0,-10,68.5,7,2025,1,0,"SEC","SEC",-425,330,0,0,0.954545455,0.0169,0.80952381,0.23255814,-0.00262381,-0.03945814,0,0,0,1,0.617647059,-0.00262381,1,1.909090909,0.954545455,0.0321
"2653",1,401762834,"Western Michigan","Ball State",0.5597,1,1,0.8005,1,0,0.4657,0,-9.5,43.5,7,2025,1,0,"Mid-American","Mid-American",-340,270,1,1.909090909,0.954545455,0.0597,0.772727273,0.27027027,0.027772727,-0.07077027,1,0,1,1.294117647,0.647058824,0.027772727,1,1.909090909,0.954545455,0.0343
"2654",0,401762480,"Tulane","East Carolina",0.4731,0,1,0.6242,1,0,0.5538,1,-7,53.5,7,2025,1,0,"American Athletic","American Athletic",-270,220,1,1,0.954545455,0.0269,0.72972973,0.3125,-0.10552973,0.0633,0,1,0,0,0.685185185,0.0633,0,0,0.954545455,0.0538
"2655",1,401752737,"Texas A&M","Florida",0.4903,0,1,0.722,1,1,0.5175,1,-7,47.5,7,2025,1,0,"SEC","SEC",-258,210,0,0,0.954545455,0.0097,0.720670391,0.322580645,0.001329609,-0.044580645,1,0,1,1.387596899,0.69379845,0.001329609,1,1.909090909,0.954545455,0.0175
"2656",0,401756920,"Oklahoma State","Houston",0.5239,1,0,0.163,0,1,0.5009,1,14.5,47.5,7,2025,1,0,"Big 12","Big 12",470,-650,0,0,0.954545455,0.0239,0.175438596,0.866666667,-0.012438596,-0.029666667,0,0,0,1,0.576923077,-0.012438596,1,1.909090909,0.954545455,9e-04
"2657",0,401752870,"Oregon","Indiana",0.5093,1,0,0.6647,1,0,0.496,0,-7,51.5,7,2025,1,0,"Big Ten","Big Ten",-278,225,0,0,0.954545455,0.0093,0.735449735,0.307692308,-0.070749735,0.027607692,0,1,1,3.25,1.625,0.027607692,1,1.909090909,0.954545455,0.004
"2658",0,401752869,"Wisconsin","Iowa",0.5255,1,0,0.4947,0,0,0.5417,1,5.5,37.5,7,2025,1,0,"Big Ten","Big Ten",190,-230,0,0,0.954545455,0.0255,0.344827586,0.696969697,0.149872414,-0.191669697,1,0,0,0,0.717391304,0.149872414,0,0,0.954545455,0.0417
"2659",1,401757279,"Sam Houston","Jacksonville State",0.71,1,0,0.631,1,1,0.4855,0,7,53.5,7,2025,0,1,"Conference USA","Conference USA",225,-278,1,1.909090909,0.954545455,0.21,0.307692308,0.735449735,0.323307692,-0.366449735,1,0,0,0,0.679856115,0.323307692,0,0,0.954545455,0.0145
"2660",1,401756921,"Texas Tech","Kansas",0.3941,0,1,0.6868,1,1,0.5232,1,-13.5,58.5,7,2025,1,0,"Big 12","Big 12",-600,440,0,0,0.954545455,0.1059,0.857142857,0.185185185,-0.170342857,0.128014815,0,1,0,0,0.583333333,0.128014815,1,1.909090909,0.954545455,0.0232
"2661",0,401757277,"UTEP","Liberty",0.5316,1,0,0.4521,0,0,0.6086,1,1.5,46.5,7,2025,1,0,"Conference USA","Conference USA",105,-125,0,0,0.954545455,0.0316,0.487804878,0.555555556,-0.035704878,-0.007655556,0,0,0,1,0.9,-0.007655556,0,0,0.954545455,0.1086
"2662",1,401752868,"USC","Michigan",0.5101,1,1,0.68,1,0,0.5214,1,-3,58.5,7,2025,1,0,"Big Ten","Big Ten",-166,140,1,1.909090909,0.954545455,0.0101,0.62406015,0.416666667,0.05593985,-0.096666667,1,0,1,1.602409639,0.801204819,0.05593985,0,0,0.954545455,0.0214
"2663",1,401754562,"Notre Dame","NC State",0.5516,1,1,0.9031,1,0,0.3348,0,-23.5,59.5,7,2025,1,0,"FBS Independents","ACC",-2800,1300,1,1.909090909,0.954545455,0.0516,0.965517241,0.071428571,-0.062417241,0.025471429,0,1,0,0,0.517857143,0.025471429,1,1.909090909,0.954545455,0.1652
"2664",1,401762484,"Temple","Navy",0.3987,0,0,0.1957,0,1,0.5459,1,10,52.5,7,2025,1,0,"American Athletic","American Athletic",280,-355,0,0,0.954545455,0.1013,0.263157895,0.78021978,-0.067457895,0.02408022,0,1,1,1.281690141,0.64084507,0.02408022,1,1.909090909,0.954545455,0.0459
"2665",0,401752866,"Penn State","Northwestern",0.4833,0,0,0.9217,1,0,0.4958,0,-20.5,46.5,7,2025,1,0,"Big Ten","Big Ten",-1350,800,1,1.909090909,0.954545455,0.0167,0.931034483,0.111111111,-0.009334483,-0.032811111,0,0,0,1,4.5,-0.009334483,1,1.909090909,0.954545455,0.0042
"2666",1,401752736,"Texas","Oklahoma",0.5813,1,1,0.5916,1,0,0.4635,0,-2.5,44.5,7,2025,0,1,"SEC","SEC",-142,120,1,1.909090909,0.954545455,0.0813,0.58677686,0.454545455,0.00482314,-0.046145455,1,0,1,1.704225352,0.852112676,0.00482314,1,1.909090909,0.954545455,0.0365
"2667",1,401762485,"UTSA","Rice",0.5674,1,1,0.6496,1,1,0.498,0,-8.5,48.5,7,2025,1,0,"American Athletic","American Athletic",-340,270,1,1.909090909,0.954545455,0.0674,0.772727273,0.27027027,-0.123127273,0.08012973,0,1,0,0,0.647058824,0.08012973,0,0,0.954545455,0.002
"2668",1,401752862,"Washington","Rutgers",0.4265,0,1,0.796,1,0,0.5048,1,-9.5,62.5,7,2025,1,0,"Big Ten","Big Ten",-360,285,0,0,0.954545455,0.0735,0.782608696,0.25974026,0.013391304,-0.05574026,1,0,1,1.277777778,0.638888889,0.013391304,0,0,0.954545455,0.0048
"2669",1,401760391,"Wyoming","San José State",0.4862,0,1,0.6089,1,1,0.4862,0,1.5,50.5,7,2025,1,0,"Mountain West","Mountain West",102,-122,0,0,0.954545455,0.0138,0.495049505,0.54954955,0.113850495,-0.15844955,1,0,1,2.02,1.01,0.113850495,0,0,0.954545455,0.0138
"2670",0,401762833,"Akron","Miami (OH)",0.4535,0,0,0.2944,0,0,0.439,0,11.5,47.5,7,2025,1,0,"Mid-American","Mid-American",350,-455,1,1.909090909,0.954545455,0.0465,0.222222222,0.81981982,0.072177778,-0.11421982,1,0,0,0,0.60989011,0.072177778,1,1.909090909,0.954545455,0.061
"2671",0,401756916,"Arizona","BYU",0.4629,0,0,0.3863,0,1,0.4802,0,2.5,46.5,7,2025,1,0,"Big 12","Big 12",120,-142,1,1.909090909,0.954545455,0.0371,0.454545455,0.58677686,-0.068245455,0.02692314,0,1,1,1.704225352,0.852112676,0.02692314,0,0,0.954545455,0.0198
"2672",0,401762483,"Army","Charlotte",0.5105,1,1,0.9065,1,0,0.4717,0,-17.5,45.5,7,2025,1,0,"American Athletic","American Athletic",-850,575,0,0,0.954545455,0.0105,0.894736842,0.148148148,0.011763158,-0.054648148,1,0,1,1.117647059,0.558823529,0.011763158,1,1.909090909,0.954545455,0.0283
"2673",0,401752731,"Auburn","Georgia",0.459,0,0,0.2898,0,0,0.4906,0,4.5,46.5,7,2025,1,0,"SEC","SEC",180,-218,1,1.909090909,0.954545455,0.041,0.357142857,0.685534591,-0.067342857,0.024665409,0,1,1,1.458715596,0.729357798,0.024665409,1,1.909090909,0.954545455,0.0094
"2674",1,401760387,"Boise State","New Mexico",0.4443,0,1,0.834,1,1,0.4749,0,-14.5,58.5,7,2025,1,0,"Mountain West","Mountain West",-650,470,0,0,0.954545455,0.0557,0.866666667,0.175438596,-0.032666667,-0.009438596,0,0,0,1,0.576923077,-0.009438596,0,0,0.954545455,0.0251
"2675",0,401754558,"Boston College","Clemson",0.5451,1,0,0.1387,0,0,0.494,0,14,54.5,7,2025,1,0,"ACC","ACC",455,-625,0,0,0.954545455,0.0451,0.18018018,0.862068966,-0.04148018,-0.000768966,0,0,0,1,0.58,-0.000768966,1,1.909090909,0.954545455,0.006
"2676",1,401762835,"Bowling Green","Toledo",0.5588,1,1,0.2435,0,1,0.5717,1,10.5,45.5,7,2025,1,0,"Mid-American","Mid-American",320,-410,1,1.909090909,0.954545455,0.0588,0.238095238,0.803921569,0.005404762,-0.047421569,1,0,1,4.2,2.1,0.005404762,1,1.909090909,0.954545455,0.0717
"2677",0,401756917,"Cincinnati","UCF",0.504,1,1,0.8368,1,0,0.5097,1,-10,55.5,7,2025,1,0,"Big 12","Big 12",-395,310,0,0,0.954545455,0.004,0.797979798,0.243902439,0.038820202,-0.080702439,1,0,1,1.253164557,0.626582278,0.038820202,0,0,0.954545455,0.0097
"2678",1,401761623,"Coastal Carolina","UL Monroe",0.5322,1,1,0.4572,0,0,0.5826,1,3,46.5,7,2025,1,0,"Sun Belt","Sun Belt",124,-148,1,1.909090909,0.954545455,0.0322,0.446428571,0.596774194,0.010771429,-0.053974194,1,0,1,2.24,1.12,0.010771429,0,0,0.954545455,0.0826
"2679",1,401756918,"Colorado","Iowa State",0.517,1,1,0.3479,0,0,0.5046,1,3,52.5,7,2025,1,0,"Big 12","Big 12",124,-148,1,1.909090909,0.954545455,0.017,0.446428571,0.596774194,-0.098528571,0.055325806,0,1,0,0,1.12,0.055325806,0,0,0.954545455,0.0046
"2680",1,401760388,"Colorado State","Fresno State",0.5713,1,1,0.2852,0,1,0.5113,1,5.5,47.5,7,2025,1,0,"Mountain West","Mountain West",170,-205,1,1.909090909,0.954545455,0.0713,0.37037037,0.672131148,-0.08517037,0.042668852,0,1,0,0,1.35,0.042668852,1,1.909090909,0.954545455,0.0113
"2681",1,401762836,"Eastern Michigan","Northern Illinois",0.5753,1,1,0.5673,1,0,0.6207,1,1.5,48.5,7,2025,1,0,"Mid-American","Mid-American",-102,-118,1,1.909090909,0.954545455,0.0753,0.504950495,0.541284404,0.062349505,-0.108584404,1,0,1,1.980392157,0.990196078,0.062349505,0,0,0.954545455,0.1207
"2682",1,401762482,"Florida Atlantic","UAB",0.5161,1,1,0.7842,1,1,0.5503,1,-4.5,66.5,7,2025,1,0,"American Athletic","American Athletic",-205,170,1,1.909090909,0.954545455,0.0161,0.672131148,0.37037037,0.112068852,-0.15457037,1,0,1,1.487804878,0.743902439,0.112068852,1,1.909090909,0.954545455,0.0503
"2683",0,401754559,"Florida State","Pittsburgh",0.4243,0,0,0.7337,1,1,0.5289,1,-10.5,56.5,7,2025,1,0,"ACC","ACC",-410,320,1,1.909090909,0.954545455,0.0757,0.803921569,0.238095238,-0.070221569,0.028204762,0,1,1,4.2,2.1,0.028204762,1,1.909090909,0.954545455,0.0289
"2684",1,401761622,"Georgia Southern","Southern Miss",0.4586,0,0,0.3903,0,1,0.4361,0,3,59.5,7,2025,1,0,"Sun Belt","Sun Belt",120,-142,0,1,0.954545455,0.0414,0.454545455,0.58677686,-0.064245455,0.02292314,0,1,1,1.704225352,0.852112676,0.02292314,0,0,0.954545455,0.0639
"2685",1,401754560,"Georgia Tech","Virginia Tech",0.448,0,1,0.841,1,0,0.4981,0,-14,55.5,7,2025,1,0,"ACC","ACC",-600,440,0,0,0.954545455,0.052,0.857142857,0.185185185,-0.016142857,-0.026185185,0,0,0,1,0.583333333,-0.016142857,1,1.909090909,0.954545455,0.0019
"2686",1,401760389,"Hawai'i","Utah State",0.7665,1,1,0.7435,1,1,0.4993,0,1.5,57.5,7,2025,1,0,"Mountain West","Mountain West",-102,-118,1,1.909090909,0.954545455,0.2665,0.504950495,0.541284404,0.238549505,-0.284784404,1,0,1,1.980392157,0.990196078,0.238549505,0,0,0.954545455,7e-04
"2687",0,401752865,"Illinois","Ohio State",0.5122,1,0,0.1627,0,0,0.4512,0,14.5,51.5,7,2025,1,0,"Big Ten","Big Ten",525,-750,0,0,0.954545455,0.0122,0.16,0.882352941,0.0027,-0.045052941,1,0,0,0,0.566666667,0.0027,1,1.909090909,0.954545455,0.0488
"2688",0,401761625,"James Madison","Louisiana",0.4453,0,1,0.8952,1,0,0.5195,1,-18.5,44.5,7,2025,1,0,"Sun Belt","Sun Belt",-1050,675,1,1.909090909,0.954545455,0.0547,0.913043478,0.129032258,-0.017843478,-0.024232258,0,0,0,1,0.547619048,-0.017843478,0,0,0.954545455,0.0195
"2689",1,401756919,"Kansas State","TCU",0.557,1,1,0.6193,1,1,0.4989,0,3,54.5,7,2025,1,0,"Big 12","Big 12",124,-148,1,1.909090909,0.954545455,0.057,0.446428571,0.596774194,0.172871429,-0.216074194,1,0,1,2.24,1.12,0.172871429,0,0,0.954545455,0.0011
"2690",1,401757280,"Kennesaw State","Louisiana Tech",0.4788,0,1,0.3728,0,0,0.4659,0,4.5,46.5,7,2025,1,0,"Conference USA","Conference USA",170,-205,0,0,0.954545455,0.0212,0.37037037,0.672131148,0.00242963,-0.044931148,1,0,1,2.7,1.35,0.00242963,1,1.909090909,0.954545455,0.0341
"2691",1,401762837,"Kent State","Massachusetts",0.3577,0,1,0.5308,1,0,0.483,0,-1.5,49.5,7,2025,1,0,"Mid-American","Mid-American",-115,-105,0,0,0.954545455,0.1423,0.534883721,0.512195122,-0.004083721,-0.042995122,0,0,0,1,0.934782609,-0.004083721,1,1.909090909,0.954545455,0.017
"2692",1,401752732,"LSU","South Carolina",0.4298,0,1,0.735,1,0,0.5037,1,-8.5,44.5,7,2025,1,0,"SEC","SEC",-325,260,0,0,0.954545455,0.0702,0.764705882,0.277777778,-0.029705882,-0.012777778,0,0,0,1,0.653846154,-0.012777778,0,0,0.954545455,0.0037
"2693",1,401761626,"Marshall","Old Dominion",0.5688,1,1,0.215,0,1,0.3631,0,14.5,57.5,7,2025,1,0,"Sun Belt","Sun Belt",440,-600,1,1.909090909,0.954545455,0.0688,0.185185185,0.857142857,0.029814815,-0.072142857,1,0,1,5.4,2.7,0.029814815,0,0,0.954545455,0.1369
"2694",1,401752867,"Maryland","Nebraska",0.6041,1,0,0.4359,0,1,0.4919,0,7,47.5,7,2025,1,0,"Big Ten","Big Ten",225,-278,1,1.909090909,0.954545455,0.1041,0.307692308,0.735449735,0.128207692,-0.171349735,1,0,0,0,0.679856115,0.128207692,0,0,0.954545455,0.0081
"2695",0,401752863,"Michigan State","UCLA",0.4833,0,0,0.7266,1,0,0.4881,0,-7,51.5,7,2025,1,0,"Big Ten","Big Ten",-270,220,1,1.909090909,0.954545455,0.0167,0.72972973,0.3125,-0.00312973,-0.0391,0,0,0,1,1.6,-0.00312973,1,1.909090909,0.954545455,0.0119
"2696",1,401757278,"Middle Tennessee","Missouri State",0.6132,1,0,0.5322,1,0,0.5469,1,3,51.5,7,2025,1,0,"Conference USA","Conference USA",130,-155,1,1.909090909,0.954545455,0.1132,0.434782609,0.607843137,0.097417391,-0.140043137,1,0,0,0,0.822580645,0.097417391,0,0,0.954545455,0.0469
"2697",0,401752864,"Minnesota","Purdue",0.4588,0,1,0.7667,1,0,0.573,1,-7.5,49.5,7,2025,1,0,"Big Ten","Big Ten",-298,240,1,1.909090909,0.954545455,0.0412,0.748743719,0.294117647,0.017956281,-0.060817647,1,0,1,1.33557047,0.667785235,0.017956281,0,0,0.954545455,0.073
"2698",0,401760390,"Nevada","San Diego State",0.4475,0,0,0.2499,0,1,0.5801,1,6.5,42.5,7,2025,1,0,"Mountain West","Mountain West",200,-245,1,1.909090909,0.954545455,0.0525,0.333333333,0.710144928,-0.083433333,0.039955072,0,1,1,1.408163265,0.704081633,0.039955072,1,1.909090909,0.954545455,0.0801
"2699",0,401762481,"North Texas","South Florida",0.4861,0,0,0.6509,1,1,0.4655,0,-2.5,68.5,7,2025,1,0,"American Athletic","American Athletic",-135,114,1,1.909090909,0.954545455,0.0139,0.574468085,0.46728972,0.076431915,-0.11818972,1,0,0,0,1.07,0.076431915,0,0,0.954545455,0.0345
"2700",0,401752733,"Ole Miss","Washington State",0.4338,0,1,0.9134,1,0,0.4246,0,-33.5,58.5,7,2025,1,0,"SEC","Pac-12",NA,NA,1,1.909090909,0.954545455,0.0662,NA,NA,NA,NA,NA,NA,NA,NA,NA,NA,1,1.909090909,0.954545455,0.0754
"2701",0,401754563,"Oregon State","Wake Forest",0.4721,0,0,0.3996,0,1,0.57,1,1.5,47.5,7,2025,1,0,"Pac-12","ACC",100,-120,1,1.909090909,0.954545455,0.0279,0.5,0.545454545,-0.1004,0.054945455,0,1,1,1.833333333,0.916666667,0.054945455,1,1.909090909,0.954545455,0.07
"2702",1,401754561,"SMU","Stanford",0.5322,1,1,0.8815,1,0,0.5333,1,-19.5,55.5,7,2025,1,0,"ACC","ACC",-1050,675,1,1.909090909,0.954545455,0.0322,0.913043478,0.129032258,-0.031543478,-0.010532258,0,0,0,1,0.547619048,-0.010532258,0,0,0.954545455,0.0333
"2703",0,401761627,"Texas State","Troy",0.5039,1,0,0.75,1,1,0.5695,1,-7.5,53.5,7,2025,1,0,"Sun Belt","Sun Belt",-298,240,0,0,0.954545455,0.0039,0.748743719,0.294117647,0.001256281,-0.044117647,1,0,0,0,1.7,0.001256281,1,1.909090909,0.954545455,0.0695
"2704",1,401762838,"Ball State","Akron",0.4619,0,1,0.4312,0,1,0.7108,1,2.5,44.5,8,2025,1,0,"Mid-American","Mid-American",105,-125,0,0,0.954545455,0.0381,0.487804878,0.555555556,-0.056604878,0.013244444,0,1,0,0,1.025,0.013244444,1,1.909090909,0.954545455,0.2108
"2705",1,401756925,"Houston","Arizona",0.5768,1,1,0.6275,1,1,0.4777,0,1.5,47.5,8,2025,1,0,"Big 12","Big 12",100,-120,1,1.909090909,0.954545455,0.0768,0.5,0.545454545,0.1275,-0.172954545,1,0,1,2,1,0.1275,0,0,0.954545455,0.0223
"2706",0,401761628,"South Alabama","Arkansas State",0.6046,1,0,0.6865,1,0,0.6012,1,-8.5,57.5,8,2025,1,0,"Sun Belt","Sun Belt",-325,260,0,0,0.954545455,0.1046,0.764705882,0.277777778,-0.078205882,0.035722222,0,1,1,3.6,1.8,0.035722222,0,0,0.954545455,0.1012
"2707",0,401762488,"Tulane","Army",0.465,0,1,0.7521,1,0,0.6286,1,-10,44.5,8,2025,1,0,"American Athletic","American Athletic",-360,285,1,1.909090909,0.954545455,0.035,0.782608696,0.25974026,-0.030508696,-0.01184026,0,0,0,1,0.638888889,-0.01184026,0,0,0.954545455,0.1286
"2708",1,401756927,"TCU","Baylor",0.4899,0,1,0.6703,1,1,0.4445,0,-3.5,66.5,8,2025,1,0,"Big 12","Big 12",-162,136,0,0,0.954545455,0.0101,0.618320611,0.423728814,0.051979389,-0.094028814,1,0,1,1.617283951,0.808641975,0.051979389,0,0,0.954545455,0.0555
"2709",1,401762840,"Massachusetts","Buffalo",0.6108,1,0,0.1684,0,1,0.6399,1,16.5,47.5,8,2025,1,0,"Mid-American","Mid-American",550,-800,1,1.909090909,0.954545455,0.1108,0.153846154,0.888888889,0.014553846,-0.057288889,1,0,0,0,0.5625,0.014553846,1,1.909090909,0.954545455,0.1399
"2710",0,401756926,"Oklahoma State","Cincinnati",0.5657,1,0,0.0931,0,1,0.4063,0,23.5,57.5,8,2025,1,0,"Big 12","Big 12",1200,-2400,0,0,0.954545455,0.0657,0.076923077,0.96,0.016176923,-0.0531,1,0,0,0,0.520833333,0.016176923,0,0,0.954545455,0.0937
"2711",1,401757283,"Jacksonville State","Delaware",0.4533,0,1,0.3557,0,1,0.5066,1,3,55.5,8,2025,1,0,"Conference USA","Conference USA",130,-155,0,0,0.954545455,0.0467,0.434782609,0.607843137,-0.079082609,0.036456863,0,1,0,0,1.15,0.036456863,1,1.909090909,0.954545455,0.0066
"2712",1,401762841,"Miami (OH)","Eastern Michigan",0.448,0,1,0.7425,1,1,0.5652,1,-12.5,47.5,8,2025,1,0,"Mid-American","Mid-American",-470,360,0,0,0.954545455,0.052,0.824561404,0.217391304,-0.082061404,0.040108696,0,1,0,0,0.606382979,0.040108696,1,1.909090909,0.954545455,0.0652
"2713",1,401762490,"South Florida","Florida Atlantic",0.4819,0,1,0.8936,1,0,0.4194,0,-20.5,72.5,8,2025,1,0,"American Athletic","American Athletic",-1450,850,0,0,0.954545455,0.0181,0.935483871,0.105263158,-0.041883871,0.001136842,0,1,0,0,0.534482759,0.001136842,1,1.909090909,0.954545455,0.0806
"2714",0,401757281,"Western Kentucky","Florida International",0.4401,0,0,0.8848,1,0,0.5479,1,-10,55.5,8,2025,1,0,"Conference USA","Conference USA",-375,295,1,1.909090909,0.954545455,0.0599,0.789473684,0.253164557,0.095326316,-0.137964557,1,0,0,0,1.975,0.095326316,0,0,0.954545455,0.0479
"2715",1,401754567,"Stanford","Florida State",0.5428,1,1,0.1169,0,0,0.4583,0,17.5,55.5,8,2025,1,0,"ACC","ACC",575,-850,1,1.909090909,0.954545455,0.0428,0.148148148,0.894736842,-0.031248148,-0.011636842,0,0,0,1,3.375,-0.011636842,1,1.909090909,0.954545455,0.0417
"2716",1,401762842,"Toledo","Kent State",0.4602,0,1,0.8922,1,1,0.4648,0,-25.5,48.5,8,2025,1,0,"Mid-American","Mid-American",-4000,1600,0,0,0.954545455,0.0398,0.975609756,0.058823529,-0.083409756,0.048976471,0,1,0,0,0.5125,0.048976471,0,0,0.954545455,0.0352
"2717",1,401752745,"Vanderbilt","LSU",0.5068,1,1,0.5542,1,1,0.4829,0,-1.5,48.5,8,2025,1,0,"SEC","SEC",-122,102,1,1.909090909,0.954545455,0.0068,0.54954955,0.495049505,0.00465045,-0.049249505,1,0,1,1.819672131,0.909836066,0.00465045,0,0,0.954545455,0.0171
"2718",0,401754564,"Miami","Louisville",0.4168,0,0,0.7532,1,0,0.4561,0,-10.5,49.5,8,2025,1,0,"ACC","ACC",-440,340,1,1.909090909,0.954545455,0.0832,0.814814815,0.227272727,-0.061614815,0.019527273,0,1,1,4.4,2.2,0.019527273,1,1.909090909,0.954545455,0.0439
"2719",0,401752879,"UCLA","Maryland",0.4647,0,1,0.4517,0,0,0.5064,1,-4,52.5,8,2025,1,0,"Big Ten","Big Ten",-185,154,1,1.909090909,0.954545455,0.0353,0.649122807,0.393700787,-0.197422807,0.154599213,0,1,0,0,0.77027027,0.154599213,0,0,0.954545455,0.0064
"2720",1,401762487,"UAB","Memphis",0.4339,0,1,0.0907,0,0,0.4242,0,23.5,59.5,8,2025,1,0,"American Athletic","American Athletic",1100,-2100,0,0,0.954545455,0.0661,0.083333333,0.954545455,0.007366667,-0.045245455,1,0,1,12,6,0.007366667,1,1.909090909,0.954545455,0.0758
"2721",0,401760395,"New Mexico","Nevada",0.3748,0,1,0.8154,1,0,0.4828,0,-14,49.5,8,2025,1,0,"Mountain West","Mountain West",-550,410,1,1.909090909,0.954545455,0.1252,0.846153846,0.196078431,-0.030753846,-0.011478431,0,0,0,1,0.590909091,-0.011478431,1,1.909090909,0.954545455,0.0172
"2722",1,401762843,"Ohio","Northern Illinois",0.4333,0,1,0.6734,1,1,0.5656,1,-10.5,41.5,8,2025,1,0,"Mid-American","Mid-American",-425,330,0,0,0.954545455,0.0667,0.80952381,0.23255814,-0.13612381,0.09404186,0,1,0,0,0.617647059,0.09404186,1,1.909090909,0.954545455,0.0656
"2723",0,401752877,"Wisconsin","Ohio State",0.5374,1,0,0.1256,0,0,0.4834,0,24.5,41.5,8,2025,1,0,"Big Ten","Big Ten",1300,-2800,0,0,0.954545455,0.0374,0.071428571,0.965517241,0.054171429,-0.091117241,1,0,0,0,0.517857143,0.054171429,1,1.909090909,0.954545455,0.0166
"2724",0,401752744,"South Carolina","Oklahoma",0.5022,1,0,0.3361,0,0,0.6072,1,4.5,42.5,8,2025,1,0,"SEC","SEC",160,-192,0,0,0.954545455,0.0022,0.384615385,0.657534247,-0.048515385,0.006365753,0,1,1,1.520833333,0.760416667,0.006365753,0,0,0.954545455,0.1072
"2725",0,401752876,"Rutgers","Oregon",0.5629,1,0,0.1098,0,1,0.4587,0,17.5,62.5,8,2025,1,0,"Big Ten","Big Ten",650,-1000,0,0,0.954545455,0.0629,0.133333333,0.909090909,-0.023533333,-0.018890909,0,0,0,1,0.55,-0.018890909,0,0,0.954545455,0.0413
"2726",0,401754568,"Syracuse","Pittsburgh",0.5098,1,0,0.2392,0,0,0.5513,1,9.5,54.5,8,2025,1,0,"ACC","ACC",280,-355,0,0,0.954545455,0.0098,0.263157895,0.78021978,-0.023957895,-0.01941978,0,0,0,1,0.64084507,-0.01941978,0,0,0.954545455,0.0513
"2727",1,401757284,"UTEP","Sam Houston",0.4262,0,1,0.3904,0,1,0.6378,1,-3.5,46.5,8,2025,0,1,"Conference USA","Conference USA",-175,145,0,0,0.954545455,0.0738,0.636363636,0.408163265,-0.245963636,0.201436735,0,1,0,0,0.785714286,0.201436735,1,1.909090909,0.954545455,0.1378
"2728",1,401760396,"Utah State","San José State",0.472,0,1,0.6061,1,0,0.4481,0,-3,63.5,8,2025,1,0,"Mountain West","Mountain West",-155,130,0,0,0.954545455,0.028,0.607843137,0.434782609,-0.001743137,-0.040882609,0,0,0,1,0.822580645,-0.001743137,1,1.909090909,0.954545455,0.0519
"2729",0,401761633,"UL Monroe","Troy",0.5052,1,0,0.3965,0,1,0.4329,0,4.5,45.5,8,2025,1,0,"Sun Belt","Sun Belt",170,-205,0,0,0.954545455,0.0052,0.37037037,0.672131148,0.02612963,-0.068631148,1,0,0,0,0.743902439,0.02612963,0,0,0.954545455,0.0671
"2730",0,401760392,"Air Force","Wyoming",0.4023,0,1,0.4725,0,0,0.4759,0,-4,56.5,8,2025,1,0,"Mountain West","Mountain West",-180,150,1,1.909090909,0.954545455,0.0977,0.642857143,0.4,-0.170357143,0.1275,0,1,0,0,0.777777778,0.1275,1,1.909090909,0.954545455,0.0241
"2731",1,401752738,"Alabama","Tennessee",0.4514,0,1,0.7635,1,0,0.5046,1,-8.5,61.5,8,2025,1,0,"SEC","SEC",-340,270,0,0,0.954545455,0.0486,0.772727273,0.27027027,-0.009227273,-0.03377027,0,0,0,1,0.647058824,-0.009227273,0,0,0.954545455,0.0046
"2732",0,401761629,"App State","Coastal Carolina",0.5073,1,0,0.8038,1,1,0.5232,1,-10.5,48.5,8,2025,1,0,"Sun Belt","Sun Belt",-395,310,0,0,0.954545455,0.0073,0.797979798,0.243902439,0.005820202,-0.047702439,1,0,0,0,2.05,0.005820202,1,1.909090909,0.954545455,0.0232
"2733",1,401756923,"Arizona State","Texas Tech",0.5049,1,1,0.3107,0,0,0.4719,0,7.5,52.5,8,2025,1,0,"Big 12","Big 12",260,-325,1,1.909090909,0.954545455,0.0049,0.277777778,0.764705882,0.032922222,-0.075405882,1,0,1,3.6,1.8,0.032922222,1,1.909090909,0.954545455,0.0281
"2734",1,401752739,"Arkansas","Texas A&M",0.4593,0,0,0.2484,0,1,0.5062,1,7.5,57.5,8,2025,1,0,"SEC","SEC",230,-285,0,0,0.954545455,0.0407,0.303030303,0.74025974,-0.054630303,0.01134026,0,1,1,1.350877193,0.675438596,0.01134026,1,1.909090909,0.954545455,0.0062
"2735",0,401752740,"Auburn","Missouri",0.4719,0,0,0.4416,0,0,0.5396,1,1.5,43.5,8,2025,1,0,"SEC","SEC",-102,-118,1,1.909090909,0.954545455,0.0281,0.504950495,0.541284404,-0.063350495,0.017115596,0,1,1,1.847457627,0.923728814,0.017115596,0,0,0.954545455,0.0396
"2736",1,401756924,"BYU","Utah",0.4858,0,1,0.2835,0,0,0.5911,1,4,49.5,8,2025,1,0,"Big 12","Big 12",170,-205,0,0,0.954545455,0.0142,0.37037037,0.672131148,-0.08687037,0.044368852,0,1,0,0,1.35,0.044368852,0,0,0.954545455,0.0911
"2737",1,401760393,"Boise State","UNLV",0.4702,0,1,0.6224,1,1,0.4607,0,-12.5,60.5,8,2025,1,0,"Mountain West","Mountain West",-485,370,0,0,0.954545455,0.0298,0.829059829,0.212765957,-0.206659829,0.164834043,0,1,0,0,0.603092784,0.164834043,0,0,0.954545455,0.0393
"2738",0,401754569,"Boston College","UConn",0.5091,1,0,0.4527,0,1,0.4185,0,2.5,58.5,8,2025,1,0,"ACC","FBS Independents",110,-130,0,0,0.954545455,0.0091,0.476190476,0.565217391,-0.023490476,-0.017917391,0,0,0,1,0.884615385,-0.017917391,0,0,0.954545455,0.0815
"2739",0,401762839,"Bowling Green","Central Michigan",0.478,0,0,0.6117,1,0,0.5339,1,-3,43.5,8,2025,1,0,"Mid-American","Mid-American",-155,130,1,1.909090909,0.954545455,0.022,0.607843137,0.434782609,0.003856863,-0.046482609,1,0,0,0,1.15,0.003856863,0,0,0.954545455,0.0339
"2740",0,401754371,"California","North Carolina",0.4429,0,1,0.7337,1,0,0.5216,1,-7.5,45.5,8,2025,1,0,"ACC","ACC",-340,270,1,1.909090909,0.954545455,0.0571,0.772727273,0.27027027,-0.039027273,-0.00397027,0,0,0,1,0.647058824,-0.00397027,0,0,0.954545455,0.0216
"2741",0,401762489,"Charlotte","Temple",0.5775,1,0,0.3174,0,1,0.5913,1,10,47.5,8,2025,1,0,"American Athletic","American Athletic",310,-395,0,0,0.954545455,0.0775,0.243902439,0.797979798,0.073497561,-0.115379798,1,0,0,0,0.626582278,0.073497561,1,1.909090909,0.954545455,0.0913
"2742",0,401754565,"Clemson","SMU",0.4644,0,0,0.6239,1,1,0.4619,0,-3.5,49.5,8,2025,1,0,"ACC","ACC",-180,150,1,1.909090909,0.954545455,0.0356,0.642857143,0.4,-0.018957143,-0.0239,0,0,0,1,1.25,-0.018957143,0,0,0.954545455,0.0381
"2743",0,401760394,"Colorado State","Hawai'i",0.4533,0,0,0.4756,0,0,0.4958,0,-2.5,53.5,8,2025,1,0,"Mountain West","Mountain West",-135,114,1,1.909090909,0.954545455,0.0467,0.574468085,0.46728972,-0.098868085,0.05711028,0,1,1,2.14,1.07,0.05711028,1,1.909090909,0.954545455,0.0042
"2744",0,401754566,"Duke","Georgia Tech",0.5771,1,0,0.7214,1,0,0.4306,0,-3.5,60.5,8,2025,1,0,"ACC","ACC",-175,145,0,0,0.954545455,0.0771,0.636363636,0.408163265,0.085036364,-0.129563265,1,0,0,0,1.225,0.085036364,1,1.909090909,0.954545455,0.0694
"2745",0,401762486,"East Carolina","Tulsa",0.4471,0,1,0.8788,1,1,0.4963,0,-16.5,54.5,8,2025,1,0,"American Athletic","American Athletic",-750,525,1,1.909090909,0.954545455,0.0529,0.882352941,0.16,-0.003552941,-0.0388,0,0,0,1,0.566666667,-0.003552941,0,0,0.954545455,0.0037
"2746",0,401752741,"Florida","Mississippi State",0.4907,0,1,0.7365,1,0,0.5908,1,-9.5,50.5,8,2025,1,0,"SEC","SEC",-360,285,1,1.909090909,0.954545455,0.0093,0.782608696,0.25974026,-0.046108696,0.00375974,0,1,0,0,0.638888889,0.00375974,0,0,0.954545455,0.0908
"2747",1,401752742,"Georgia","Ole Miss",0.5231,1,1,0.8177,1,1,0.6093,1,-7.5,56.5,8,2025,1,0,"SEC","SEC",-285,230,1,1.909090909,0.954545455,0.0231,0.74025974,0.303030303,0.07744026,-0.120730303,1,0,1,1.350877193,0.675438596,0.07744026,1,1.909090909,0.954545455,0.1093
"2748",1,401761630,"Georgia Southern","Georgia State",0.4936,0,1,0.6202,1,1,0.4777,0,-6.5,58.5,8,2025,1,0,"Sun Belt","Sun Belt",-238,195,0,0,0.954545455,0.0064,0.704142012,0.338983051,-0.083942012,0.040816949,0,1,0,0,0.710084034,0.040816949,0,0,0.954545455,0.0223
"2749",0,401752878,"Indiana","Michigan State",0.5522,1,1,0.9058,1,1,0.5887,1,-26.5,49.5,8,2025,1,0,"Big Ten","Big Ten",-3600,1500,0,0,0.954545455,0.0522,0.972972973,0.0625,-0.067172973,0.0317,0,1,0,0,0.513888889,0.0317,1,1.909090909,0.954545455,0.0887
"2750",0,401752875,"Iowa","Penn State",0.4962,0,1,0.6556,1,1,0.5899,1,-3,41.5,8,2025,1,0,"Big Ten","Big Ten",-162,136,1,1.909090909,0.954545455,0.0038,0.618320611,0.423728814,0.037279389,-0.079328814,1,0,1,1.617283951,0.808641975,0.037279389,1,1.909090909,0.954545455,0.0899
"2751",1,401761631,"James Madison","Old Dominion",0.4344,0,1,0.5841,1,1,0.4719,0,-3,47.5,8,2025,1,0,"Sun Belt","Sun Belt",-155,130,0,0,0.954545455,0.0656,0.607843137,0.434782609,-0.023743137,-0.018882609,0,0,0,1,0.822580645,-0.018882609,0,0,0.954545455,0.0281
"2752",1,401752743,"Kentucky","Texas",0.5145,1,0,0.186,0,0,0.3833,0,12.5,45.5,8,2025,1,0,"SEC","SEC",360,-470,1,1.909090909,0.954545455,0.0145,0.217391304,0.824561404,-0.031391304,-0.010561404,0,0,0,1,0.606382979,-0.010561404,1,1.909090909,0.954545455,0.1167
"2753",0,401757282,"Liberty","New Mexico State",0.416,0,1,0.6903,1,1,0.5414,1,-10.5,48.5,8,2025,1,0,"Conference USA","Conference USA",-440,340,1,1.909090909,0.954545455,0.084,0.814814815,0.227272727,-0.124514815,0.082427273,0,1,0,0,0.613636364,0.082427273,1,1.909090909,0.954545455,0.0414
"2754",0,401761668,"Louisiana","Southern Miss",0.4657,0,0,0.3353,0,0,0.5126,1,4.5,54.5,8,2025,1,0,"Sun Belt","Sun Belt",164,-198,1,1.909090909,0.954545455,0.0343,0.378787879,0.66442953,-0.043487879,0.00027047,0,1,1,1.505050505,0.752525253,0.00027047,0,0,0.954545455,0.0126
"2755",1,401761632,"Marshall","Texas State",0.5005,1,1,0.4909,0,1,0.3317,0,3,65.5,8,2025,1,0,"Sun Belt","Sun Belt",130,-155,1,1.909090909,0.954545455,5e-04,0.434782609,0.607843137,0.056117391,-0.098743137,1,0,1,2.3,1.15,0.056117391,0,0,0.954545455,0.1683
"2756",1,401752873,"Michigan","Washington",0.5017,1,1,0.6446,1,0,0.6399,1,-4,50.5,8,2025,1,0,"Big Ten","Big Ten",-192,160,1,1.909090909,0.954545455,0.0017,0.657534247,0.384615385,-0.012934247,-0.029215385,0,0,0,1,0.760416667,-0.012934247,0,0,0.954545455,0.1399
"2757",1,401752872,"Minnesota","Nebraska",0.528,1,1,0.3947,0,0,0.5507,1,7,47.5,8,2025,1,0,"Big Ten","Big Ten",210,-258,1,1.909090909,0.954545455,0.028,0.322580645,0.720670391,0.072119355,-0.115370391,1,0,1,3.1,1.55,0.072119355,0,0,0.954545455,0.0507
"2758",1,401762491,"North Texas","UTSA",0.4466,0,1,0.6391,1,1,0.406,0,-4,64.5,8,2025,1,0,"American Athletic","American Athletic",-192,160,0,0,0.954545455,0.0534,0.657534247,0.384615385,-0.018434247,-0.023715385,0,0,0,1,0.760416667,-0.018434247,0,0,0.954545455,0.094
"2759",1,401752874,"Northwestern","Purdue",0.4891,0,1,0.5285,1,0,0.5002,1,-3,47.5,8,2025,1,0,"Big Ten","Big Ten",-162,136,0,0,0.954545455,0.0109,0.618320611,0.423728814,-0.089820611,0.047771186,0,1,0,0,0.808641975,0.047771186,0,0,0.954545455,2e-04
"2760",0,401752871,"Notre Dame","USC",0.4599,0,1,0.7249,1,0,0.4675,0,-10.5,60.5,8,2025,1,0,"FBS Independents","Big Ten",-395,310,1,1.909090909,0.954545455,0.0401,0.797979798,0.243902439,-0.073079798,0.031197561,0,1,0,0,0.626582278,0.031197561,1,1.909090909,0.954545455,0.0325
"2761",1,401756928,"UCF","West Virginia",0.3568,0,1,0.5651,1,1,0.52,1,-6.5,46.5,8,2025,1,0,"Big 12","Big 12",-238,195,0,0,0.954545455,0.1432,0.704142012,0.338983051,-0.139042012,0.095916949,0,1,0,0,0.710084034,0.095916949,1,1.909090909,0.954545455,0.02
"2762",0,401752951,"Virginia","Washington State",0.4782,0,1,0.8551,1,0,0.4678,0,-16.5,56.5,8,2025,1,0,"ACC","Pac-12",-800,550,1,1.909090909,0.954545455,0.0218,0.888888889,0.153846154,-0.033788889,-0.008946154,0,0,0,1,0.5625,-0.008946154,1,1.909090909,0.954545455,0.0322
"2763",0,401762844,"Buffalo","Akron",0.5226,1,0,0.7864,1,0,0.5643,1,-10,48.5,9,2025,1,0,"Mid-American","Mid-American",-395,310,0,0,0.954545455,0.0226,0.797979798,0.243902439,-0.011579798,-0.030302439,0,0,0,1,2.05,-0.011579798,0,0,0.954545455,0.0643
"2764",1,401752751,"South Carolina","Alabama",0.5901,1,0,0.2639,0,1,0.4944,0,11.5,47.5,9,2025,1,0,"SEC","SEC",350,-455,1,1.909090909,0.954545455,0.0901,0.222222222,0.81981982,0.041677778,-0.08371982,1,0,0,0,0.60989011,0.041677778,0,0,0.954545455,0.0056
"2765",0,401761635,"Old Dominion","App State",0.4295,0,1,0.793,1,0,0.2989,0,-13.5,62.5,9,2025,1,0,"Sun Belt","Sun Belt",-500,380,1,1.909090909,0.954545455,0.0705,0.833333333,0.208333333,-0.040333333,-0.001333333,0,0,0,1,0.6,-0.001333333,1,1.909090909,0.954545455,0.2011
"2766",0,401756931,"Iowa State","BYU",0.5449,1,0,0.7134,1,1,0.5402,1,-2.5,48.5,9,2025,1,0,"Big 12","Big 12",-142,120,0,0,0.954545455,0.0449,0.58677686,0.454545455,0.12662314,-0.167945455,1,0,0,0,1.1,0.12662314,1,1.909090909,0.954545455,0.0402
"2767",1,401762845,"Northern Illinois","Ball State",0.5545,1,1,0.6812,1,0,0.6029,1,-6.5,41.5,9,2025,1,0,"Mid-American","Mid-American",-250,205,1,1.909090909,0.954545455,0.0545,0.714285714,0.327868852,-0.033085714,-0.009068852,0,0,0,1,0.7,-0.009068852,0,0,0.954545455,0.1029
"2768",1,401756930,"Cincinnati","Baylor",0.5413,1,1,0.7736,1,0,0.4641,0,-3.5,68.5,9,2025,1,0,"Big 12","Big 12",-175,145,1,1.909090909,0.954545455,0.0413,0.636363636,0.408163265,0.137236364,-0.181763265,1,0,1,1.571428571,0.785714286,0.137236364,1,1.909090909,0.954545455,0.0359
"2769",0,401760397,"Nevada","Boise State",0.5807,1,0,0.1344,0,0,0.6302,1,21,50.5,9,2025,1,0,"Mountain West","Mountain West",850,-1450,0,1,0.954545455,0.0807,0.105263158,0.935483871,0.029136842,-0.069883871,1,0,0,0,0.534482759,0.029136842,0,0,0.954545455,0.1302
"2770",0,401754570,"Louisville","Boston College",0.5231,1,1,0.9105,1,1,0.5301,1,-25.5,54.5,9,2025,1,0,"ACC","ACC",-2800,1300,0,0,0.954545455,0.0231,0.965517241,0.071428571,-0.055017241,0.018071429,0,1,0,0,0.517857143,0.018071429,1,1.909090909,0.954545455,0.0301
"2771",1,401762846,"Kent State","Bowling Green",0.5588,1,1,0.2995,0,0,0.5091,1,7.5,47.5,9,2025,1,0,"Mid-American","Mid-American",250,-310,1,1.909090909,0.954545455,0.0588,0.285714286,0.756097561,0.013785714,-0.055597561,1,0,1,3.5,1.75,0.013785714,0,0,0.954545455,0.0091
"2772",1,401754372,"Virginia Tech","California",0.5407,1,1,0.6154,1,1,0.5339,1,-6,50.5,9,2025,1,0,"ACC","ACC",-225,185,1,1.909090909,0.954545455,0.0407,0.692307692,0.350877193,-0.076907692,0.033722807,0,1,0,0,0.722222222,0.033722807,1,1.909090909,0.954545455,0.0339
"2773",1,401756934,"Utah","Colorado",0.5499,1,1,0.8892,1,1,0.5316,1,-14,49.5,9,2025,1,0,"Big 12","Big 12",-625,455,1,1.909090909,0.954545455,0.0499,0.862068966,0.18018018,0.027131034,-0.06938018,1,0,1,1.16,0.58,0.027131034,1,1.909090909,0.954545455,0.0316
"2774",1,401760398,"Wyoming","Colorado State",0.5221,1,1,0.7402,1,0,0.5852,1,-5.5,46.5,9,2025,1,0,"Mountain West","Mountain West",-218,180,1,1.909090909,0.954545455,0.0221,0.685534591,0.357142857,0.054665409,-0.097342857,1,0,1,1.458715596,0.729357798,0.054665409,0,0,0.954545455,0.0852
"2775",0,401762493,"Navy","Florida Atlantic",0.5167,1,1,0.8501,1,1,0.5031,1,-14.5,63.5,9,2025,1,0,"American Athletic","American Athletic",-675,490,0,0,0.954545455,0.0167,0.870967742,0.169491525,-0.020867742,-0.019591525,0,0,0,1,0.574074074,-0.019591525,1,1.909090909,0.954545455,0.0031
"2776",1,401752880,"Washington","Illinois",0.4846,0,1,0.7063,1,1,0.4742,0,-3.5,54.5,9,2025,1,0,"Big Ten","Big Ten",-166,140,0,0,0.954545455,0.0154,0.62406015,0.416666667,0.08223985,-0.122966667,1,0,1,1.602409639,0.801204819,0.08223985,0,0,0.954545455,0.0258
"2777",1,401761638,"Troy","Louisiana",0.3361,0,1,0.6899,1,1,0.4326,0,-7,47.5,9,2025,1,0,"Sun Belt","Sun Belt",-290,235,0,0,0.954545455,0.1639,0.743589744,0.298507463,-0.053689744,0.011592537,0,1,0,0,0.672413793,0.011592537,0,0,0.954545455,0.0674
"2778",1,401752881,"Michigan State","Michigan",0.5198,1,0,0.1888,0,1,0.4987,0,13.5,47.5,9,2025,1,0,"Big Ten","Big Ten",390,-520,1,1.909090909,0.954545455,0.0198,0.204081633,0.838709677,-0.015281633,-0.027509677,0,0,0,1,0.596153846,-0.015281633,0,0,0.954545455,0.0013
"2779",1,401752752,"Vanderbilt","Missouri",0.5275,1,1,0.6058,1,0,0.5395,1,-3,52.5,9,2025,1,0,"SEC","SEC",-162,136,1,1.909090909,0.954545455,0.0275,0.618320611,0.423728814,-0.012520611,-0.029528814,0,0,0,1,0.808641975,-0.012520611,0,0,0.954545455,0.0395
"2780",0,401757288,"New Mexico State","Missouri State",0.5669,1,0,0.6932,1,0,0.3865,0,2.5,51.5,9,2025,1,0,"Conference USA","Conference USA",114,-135,0,0,0.954545455,0.0669,0.46728972,0.574468085,0.22591028,-0.267668085,1,0,0,0,0.87037037,0.22591028,1,1.909090909,0.954545455,0.1135
"2781",1,401754574,"Pittsburgh","NC State",0.5849,1,1,0.7984,1,1,0.4926,0,-4.5,52.5,9,2025,1,0,"ACC","ACC",-205,170,1,1.909090909,0.954545455,0.0849,0.672131148,0.37037037,0.126268852,-0.16877037,1,0,1,1.487804878,0.743902439,0.126268852,0,0,0.954545455,0.0074
"2782",1,401756933,"Texas Tech","Oklahoma State",0.4336,0,1,0.9269,1,0,0.511,1,-37.5,56.5,9,2025,1,0,"Big 12","Big 12",NA,NA,0,0,0.954545455,0.0664,NA,NA,NA,NA,NA,NA,NA,NA,NA,NA,0,0,0.954545455,0.011
"2783",1,401752942,"Wake Forest","SMU",0.5202,1,1,0.3474,0,0,0.5492,1,5.5,52.5,9,2025,1,0,"ACC","ACC",180,-218,1,1.909090909,0.954545455,0.0202,0.357142857,0.685534591,-0.009742857,-0.032934591,0,0,0,1,1.4,-0.009742857,0,0,0.954545455,0.0492
"2784",1,401756935,"West Virginia","TCU",0.6021,1,0,0.1846,0,0,0.5606,1,16.5,55.5,9,2025,1,0,"Big 12","Big 12",525,-750,1,1.909090909,0.954545455,0.1021,0.16,0.882352941,0.0246,-0.066952941,1,0,0,0,0.566666667,0.0246,0,0,0.954545455,0.0606
"2785",1,401762495,"Tulsa","Temple",0.553,1,0,0.3982,0,1,0.5448,1,4.5,52.5,9,2025,1,0,"American Athletic","American Athletic",164,-198,1,1.909090909,0.954545455,0.053,0.378787879,0.66442953,0.019412121,-0.06262953,1,0,0,0,0.752525253,0.019412121,1,1.909090909,0.954545455,0.0448
"2786",1,401752952,"Washington State","Toledo",0.5134,1,1,0.4127,0,0,0.5003,1,1.5,44.5,9,2025,1,0,"Pac-12","Mid-American",105,-125,1,1.909090909,0.954545455,0.0134,0.487804878,0.555555556,-0.075104878,0.031744444,0,1,0,0,1.025,0.031744444,0,0,0.954545455,3e-04
"2787",0,401756929,"Arizona State","Houston",0.4293,0,0,0.6793,1,0,0.4512,0,-7,46.5,9,2025,1,0,"Big 12","Big 12",-298,240,1,1.909090909,0.954545455,0.0707,0.748743719,0.294117647,-0.069443719,0.026582353,0,1,1,3.4,1.7,0.026582353,1,1.909090909,0.954545455,0.0488
"2788",0,401752746,"Arkansas","Auburn",0.462,0,0,0.5297,1,1,0.5242,1,-2.5,56.5,9,2025,1,0,"SEC","SEC",-135,114,1,1.909090909,0.954545455,0.038,0.574468085,0.46728972,-0.044768085,0.00301028,0,1,1,2.14,1.07,0.00301028,1,1.909090909,0.954545455,0.0242
"2789",1,401761636,"Arkansas State","Georgia Southern",0.5154,1,1,0.5719,1,0,0.466,0,1.5,59.5,9,2025,1,0,"Sun Belt","Sun Belt",-110,-110,1,1.909090909,0.954545455,0.0154,0.523809524,0.523809524,0.048090476,-0.095709524,1,0,1,1.909090909,0.954545455,0.048090476,1,1.909090909,0.954545455,0.034
"2790",1,401762847,"Central Michigan","Massachusetts",0.4009,0,1,0.8869,1,1,0.5162,1,-16.5,46.5,9,2025,1,0,"Mid-American","Mid-American",-800,550,0,0,0.954545455,0.0991,0.888888889,0.153846154,-0.001988889,-0.040746154,0,0,0,1,0.5625,-0.001988889,1,1.909090909,0.954545455,0.0162
"2791",0,401762492,"Charlotte","North Texas",0.5195,1,0,0.1274,0,1,0.487,0,25.5,60.5,9,2025,1,0,"American Athletic","American Athletic",1300,-2800,0,0,0.954545455,0.0195,0.071428571,0.965517241,0.055971429,-0.092917241,1,0,0,0,0.517857143,0.055971429,0,0,0.954545455,0.013
"2792",0,401757287,"Delaware","Middle Tennessee",0.3475,0,1,0.7356,1,1,0.537,1,-8.5,55.5,9,2025,1,0,"Conference USA","Conference USA",-345,275,1,1.909090909,0.954545455,0.1525,0.775280899,0.266666667,-0.039680899,-0.002266667,0,0,0,1,0.644927536,-0.002266667,1,1.909090909,0.954545455,0.037
"2793",1,401762848,"Eastern Michigan","Ohio",0.5192,1,0,0.217,0,0,0.4494,0,11.5,60.5,9,2025,1,0,"Mid-American","Mid-American",350,-455,1,1.909090909,0.954545455,0.0192,0.222222222,0.81981982,-0.005222222,-0.03681982,0,0,0,1,0.60989011,-0.005222222,1,1.909090909,0.954545455,0.0506
"2794",0,401757285,"Florida International","Kennesaw State",0.4697,0,0,0.4666,0,1,0.4092,0,3,48.5,9,2025,1,0,"Conference USA","Conference USA",130,-155,1,1.909090909,0.954545455,0.0303,0.434782609,0.607843137,0.031817391,-0.074443137,1,0,0,0,0.822580645,0.031817391,0,0,0.954545455,0.0908
"2795",0,401760399,"Fresno State","San Diego State",0.5924,1,0,0.4055,0,0,0.4824,0,3,46.5,9,2025,1,0,"Mountain West","Mountain West",130,-155,0,0,0.954545455,0.0924,0.434782609,0.607843137,-0.029282609,-0.013343137,0,0,0,1,0.822580645,-0.013343137,1,1.909090909,0.954545455,0.0176
"2796",0,401761634,"Georgia State","South Alabama",0.5128,1,0,0.3561,0,1,0.6356,1,6,53.5,9,2025,1,0,"Sun Belt","Sun Belt",185,-225,0,0,0.954545455,0.0128,0.350877193,0.692307692,0.005222807,-0.048407692,1,0,0,0,0.722222222,0.005222807,1,1.909090909,0.954545455,0.1356
"2797",1,401754571,"Georgia Tech","Syracuse",0.5073,1,1,0.875,1,1,0.5078,1,-17.5,52.5,9,2025,1,0,"ACC","ACC",-1000,650,1,1.909090909,0.954545455,0.0073,0.909090909,0.133333333,-0.034090909,-0.008333333,0,0,0,1,0.55,-0.008333333,1,1.909090909,0.954545455,0.0078
"2798",1,401752885,"Indiana","UCLA",0.5534,1,1,0.9,1,1,0.5485,1,-26.5,53.5,9,2025,1,0,"Big Ten","Big Ten",-4000,1600,1,1.909090909,0.954545455,0.0534,0.975609756,0.058823529,-0.075609756,0.041176471,0,1,0,0,0.5125,0.041176471,1,1.909090909,0.954545455,0.0485
"2799",1,401752882,"Iowa","Minnesota",0.4887,0,1,0.7032,1,1,0.5873,1,-7.5,39.5,9,2025,1,0,"Big Ten","Big Ten",-285,230,0,0,0.954545455,0.0113,0.74025974,0.303030303,-0.03705974,-0.006230303,0,0,0,1,0.675438596,-0.006230303,1,1.909090909,0.954545455,0.0873
"2800",0,401756932,"Kansas","Kansas State",0.4692,0,0,0.7232,1,1,0.4926,0,-3.5,55.5,9,2025,1,0,"Big 12","Big 12",-180,150,1,1.909090909,0.954545455,0.0308,0.642857143,0.4,0.080342857,-0.1232,1,0,0,0,1.25,0.080342857,0,0,0.954545455,0.0074
"2801",0,401752747,"Kentucky","Tennessee",0.4502,0,0,0.256,0,1,0.5544,1,7.5,55.5,9,2025,1,0,"SEC","SEC",235,-290,1,1.909090909,0.954545455,0.0498,0.298507463,0.743589744,-0.042507463,0.000410256,0,1,1,1.344827586,0.672413793,0.000410256,1,1.909090909,0.954545455,0.0544
"2802",0,401752748,"LSU","Texas A&M",0.5272,1,0,0.5535,1,1,0.5117,1,1.5,50.5,9,2025,1,0,"SEC","SEC",102,-122,0,0,0.954545455,0.0272,0.495049505,0.54954955,0.058450495,-0.10304955,1,0,0,0,0.909836066,0.058450495,1,1.909090909,0.954545455,0.0117
"2803",0,401757286,"Louisiana Tech","Western Kentucky",0.4962,0,0,0.5441,1,1,0.6054,1,-5.5,49.5,9,2025,1,0,"Conference USA","Conference USA",-238,195,1,1.909090909,0.954545455,0.0038,0.704142012,0.338983051,-0.160042012,0.116916949,0,1,1,2.95,1.475,0.116916949,1,1.909090909,0.954545455,0.1054
"2804",1,401762494,"Memphis","South Florida",0.5964,1,1,0.4611,0,1,0.3959,0,3.5,58.5,9,2025,1,0,"American Athletic","American Athletic",145,-175,1,1.909090909,0.954545455,0.0964,0.408163265,0.636363636,0.052936735,-0.097463636,1,0,1,2.45,1.225,0.052936735,0,0,0.954545455,0.1041
"2805",1,401754572,"Miami","Stanford",0.4154,0,1,0.8955,1,1,0.5321,1,-28.5,45.5,9,2025,1,0,"ACC","ACC",NA,NA,0,0,0.954545455,0.0846,NA,NA,NA,NA,NA,NA,NA,NA,NA,NA,1,1.909090909,0.954545455,0.0321
"2806",1,401762874,"Miami (OH)","Western Michigan",0.4179,0,1,0.45,0,1,0.3144,0,-2.5,40.5,9,2025,1,0,"Mid-American","Mid-American",-125,105,0,0,0.954545455,0.0821,0.555555556,0.487804878,-0.105555556,0.062195122,0,1,0,0,0.9,0.062195122,0,0,0.954545455,0.1856
"2807",1,401752749,"Mississippi State","Texas",0.4183,0,0,0.2675,0,1,0.5064,1,8.5,48.5,9,2025,1,0,"SEC","SEC",260,-325,0,0,0.954545455,0.0817,0.277777778,0.764705882,-0.010277778,-0.032205882,0,0,0,1,0.653846154,-0.010277778,1,1.909090909,0.954545455,0.0064
"2808",1,401752883,"Nebraska","Northwestern",0.4403,0,1,0.6258,1,1,0.5403,1,-7,44.5,9,2025,1,0,"Big Ten","Big Ten",-278,225,0,1,0.954545455,0.0597,0.735449735,0.307692308,-0.109649735,0.066507692,0,1,0,0,0.679856115,0.066507692,1,1.909090909,0.954545455,0.0403
"2809",1,401760400,"New Mexico","Utah State",0.5253,1,1,0.6372,1,0,0.4967,0,-3,61.5,9,2025,1,0,"Mountain West","Mountain West",-155,130,1,1.909090909,0.954545455,0.0253,0.607843137,0.434782609,0.029356863,-0.071982609,1,0,1,1.64516129,0.822580645,0.029356863,1,1.909090909,0.954545455,0.0033
"2810",1,401754573,"North Carolina","Virginia",0.4741,0,0,0.1965,0,0,0.5248,1,11.5,50.5,9,2025,1,0,"ACC","ACC",340,-440,0,0,0.954545455,0.0259,0.227272727,0.814814815,-0.030772727,-0.011314815,0,0,0,1,0.613636364,-0.011314815,0,0,0.954545455,0.0248
"2811",0,401752750,"Oklahoma","Ole Miss",0.5392,1,0,0.7949,1,1,0.5305,1,-5.5,52.5,9,2025,1,0,"SEC","SEC",-198,164,0,0,0.954545455,0.0392,0.66442953,0.378787879,0.13047047,-0.173687879,1,0,0,0,1.32,0.13047047,1,1.909090909,0.954545455,0.0305
"2812",0,401752886,"Oregon","Wisconsin",0.4559,0,1,0.8712,1,0,0.5495,1,-31.5,44.5,9,2025,1,0,"Big Ten","Big Ten",NA,NA,1,1.909090909,0.954545455,0.0441,NA,NA,NA,NA,NA,NA,NA,NA,NA,NA,0,0,0.954545455,0.0495
"2813",0,401752884,"Purdue","Rutgers",0.4181,0,0,0.6337,1,0,0.4648,0,-2.5,60.5,9,2025,1,0,"Big Ten","Big Ten",-142,120,1,1.909090909,0.954545455,0.0819,0.58677686,0.454545455,0.04692314,-0.088245455,1,0,0,0,1.1,0.04692314,1,1.909090909,0.954545455,0.0352
"2814",1,401757172,"Rice","UConn",0.5947,1,1,0.3116,0,1,0.5604,1,10.5,48.5,9,2025,1,0,"American Athletic","FBS Independents",295,-375,1,1.909090909,0.954545455,0.0947,0.253164557,0.789473684,0.058435443,-0.101073684,1,0,1,3.95,1.975,0.058435443,1,1.909090909,0.954545455,0.0604
"2815",1,401761637,"Southern Miss","UL Monroe",0.5485,1,1,0.8579,1,1,0.6027,1,-14,48.5,9,2025,1,0,"Sun Belt","Sun Belt",-600,440,1,1.909090909,0.954545455,0.0485,0.857142857,0.185185185,0.000757143,-0.043085185,1,0,1,1.166666667,0.583333333,0.000757143,1,1.909090909,0.954545455,0.1027
"2816",0,401756937,"Colorado","Arizona",0.5438,1,0,0.3684,0,1,0.6249,1,4,52.5,10,2025,1,0,"Big 12","Big 12",154,-185,0,0,0.954545455,0.0438,0.393700787,0.649122807,-0.025300787,-0.017522807,0,0,0,1,0.77027027,-0.017522807,1,1.909090909,0.954545455,0.1249
"2817",0,401756939,"Iowa State","Arizona State",0.4887,0,0,0.78,1,0,0.563,1,-7.5,48.5,10,2025,1,0,"Big 12","Big 12",-290,235,1,1.909090909,0.954545455,0.0113,0.743589744,0.298507463,0.036410256,-0.078507463,1,0,0,0,1.675,0.036410256,0,0,0.954545455,0.063
"2818",0,401761643,"Troy","Arkansas State",0.5091,1,0,0.7528,1,0,0.4147,0,-7.5,52.5,10,2025,1,0,"Sun Belt","Sun Belt",-310,250,0,0,0.954545455,0.0091,0.756097561,0.285714286,-0.003297561,-0.038514286,0,0,0,1,1.75,-0.003297561,1,1.909090909,0.954545455,0.0853
"2819",0,401762850,"Western Michigan","Central Michigan",0.4164,0,1,0.5978,1,1,0.5506,1,-6,43.5,10,2025,1,0,"Mid-American","Mid-American",-205,170,1,1.909090909,0.954545455,0.0836,0.672131148,0.37037037,-0.074331148,0.03182963,0,1,0,0,0.743902439,0.03182963,1,1.909090909,0.954545455,0.0506
"2820",1,401756942,"Utah","Cincinnati",0.5126,1,1,0.8,1,1,0.6324,1,-11.5,57.5,10,2025,1,0,"Big 12","Big 12",-410,320,1,1.909090909,0.954545455,0.0126,0.803921569,0.238095238,-0.003921569,-0.038095238,0,0,0,1,0.62195122,-0.003921569,1,1.909090909,0.954545455,0.1324
"2821",1,401757293,"Liberty","Delaware",0.4836,0,1,0.641,1,1,0.6417,1,-3.5,52.5,10,2025,1,0,"Conference USA","Conference USA",-170,142,0,0,0.954545455,0.0164,0.62962963,0.41322314,0.01137037,-0.05422314,1,0,1,1.588235294,0.794117647,0.01137037,1,1.909090909,0.954545455,0.1417
"2822",0,401762498,"Temple","East Carolina",0.4613,0,0,0.2513,0,1,0.5191,1,5.5,58.5,10,2025,1,0,"American Athletic","American Athletic",185,-225,1,1.909090909,0.954545455,0.0387,0.350877193,0.692307692,-0.099577193,0.056392308,0,1,1,1.444444444,0.722222222,0.056392308,1,1.909090909,0.954545455,0.0191
"2823",0,401752755,"Georgia","Florida",0.5562,1,1,0.7743,1,0,0.5629,1,-7,50.5,10,2025,0,1,"SEC","SEC",-278,225,0,0,0.954545455,0.0562,0.735449735,0.307692308,0.038850265,-0.081992308,1,0,1,1.35971223,0.679856115,0.038850265,0,0,0.954545455,0.0629
"2824",1,401757291,"Missouri State","Florida International",0.4796,0,1,0.601,1,0,0.4832,0,-3,49.5,10,2025,1,0,"Conference USA","Conference USA",-148,124,0,0,0.954545455,0.0204,0.596774194,0.446428571,0.004225806,-0.047428571,1,0,1,1.675675676,0.837837838,0.004225806,1,1.909090909,0.954545455,0.0168
"2825",1,401754579,"NC State","Georgia Tech",0.4325,0,1,0.2987,0,1,0.5442,1,4.5,58.5,10,2025,1,0,"ACC","ACC",164,-198,0,0,0.954545455,0.0675,0.378787879,0.66442953,-0.080087879,0.03687047,0,1,0,0,1.32,0.03687047,1,1.909090909,0.954545455,0.0442
"2826",1,401760403,"San José State","Hawai'i",0.4784,0,1,0.4521,0,1,0.4501,0,-2.5,55.5,10,2025,1,0,"Mountain West","Mountain West",-130,110,0,0,0.954545455,0.0216,0.565217391,0.476190476,-0.113117391,0.071709524,0,1,0,0,0.884615385,0.071709524,0,0,0.954545455,0.0499
"2827",0,401752887,"Maryland","Indiana",0.4589,0,0,0.0966,0,1,0.581,1,21,50.5,10,2025,1,0,"Big Ten","Big Ten",1100,-2100,1,1.909090909,0.954545455,0.0411,0.083333333,0.954545455,0.013266667,-0.051145455,1,0,0,0,0.523809524,0.013266667,1,1.909090909,0.954545455,0.081
"2828",1,401757292,"Middle Tennessee","Jacksonville State",0.5841,1,0,0.3992,0,0,0.517,1,4,53.5,10,2025,1,0,"Conference USA","Conference USA",164,-198,1,1.909090909,0.954545455,0.0841,0.378787879,0.66442953,0.020412121,-0.06362953,1,0,0,0,0.752525253,0.020412121,0,0,0.954545455,0.017
"2829",0,401761639,"Texas State","James Madison",0.4625,0,0,0.2756,0,1,0.553,1,7,55.5,10,2025,1,0,"Sun Belt","Sun Belt",235,-290,1,1.909090909,0.954545455,0.0375,0.298507463,0.743589744,-0.022907463,-0.019189744,0,0,0,1,0.672413793,-0.019189744,1,1.909090909,0.954545455,0.053
"2830",0,401761642,"South Alabama","Louisiana",0.4312,0,0,0.5931,1,1,0.5837,1,-3.5,52.5,10,2025,1,0,"Sun Belt","Sun Belt",-180,150,1,1.909090909,0.954545455,0.0688,0.642857143,0.4,-0.049757143,0.0069,0,1,1,2.5,1.25,0.0069,1,1.909090909,0.954545455,0.0837
"2831",0,401754580,"Virginia Tech","Louisville",0.5294,1,0,0.1805,0,0,0.4893,0,10.5,52.5,10,2025,1,0,"ACC","ACC",310,-395,0,0,0.954545455,0.0294,0.243902439,0.797979798,-0.063402439,0.021520202,0,1,1,1.253164557,0.626582278,0.021520202,1,1.909090909,0.954545455,0.0107
"2832",0,401762497,"Rice","Memphis",0.5387,1,0,0.1436,0,1,0.4978,0,14,48.5,10,2025,1,0,"American Athletic","American Athletic",490,-675,0,0,0.954545455,0.0387,0.169491525,0.870967742,-0.025891525,-0.014567742,0,0,0,1,0.574074074,-0.014567742,0,0,0.954545455,0.0022
"2833",1,401754581,"SMU","Miami",0.5512,1,1,0.2799,0,0,0.5578,1,8.5,50.5,10,2025,1,0,"ACC","ACC",260,-325,1,1.909090909,0.954545455,0.0512,0.277777778,0.764705882,0.002122222,-0.044605882,1,0,1,3.6,1.8,0.002122222,0,0,0.954545455,0.0578
"2834",0,401752888,"Minnesota","Michigan State",0.5776,1,1,0.7167,1,0,0.5193,1,-4.5,44.5,10,2025,1,0,"Big Ten","Big Ten",-198,164,0,0,0.954545455,0.0776,0.66442953,0.378787879,0.05227047,-0.095487879,1,0,1,1.505050505,0.752525253,0.05227047,0,0,0.954545455,0.0193
"2835",1,401762499,"North Texas","Navy",0.5277,1,1,0.664,1,0,0.5215,1,-6.5,68.5,10,2025,1,0,"American Athletic","American Athletic",-245,200,1,1.909090909,0.954545455,0.0277,0.710144928,0.333333333,-0.046144928,0.002666667,0,1,0,0,0.704081633,0.002666667,0,0,0.954545455,0.0215
"2836",0,401760404,"UNLV","New Mexico",0.4876,0,0,0.6866,1,1,0.5374,1,-3.5,61.5,10,2025,1,0,"Mountain West","Mountain West",-180,150,1,1.909090909,0.954545455,0.0124,0.642857143,0.4,0.043742857,-0.0866,1,0,0,0,1.25,0.043742857,1,1.909090909,0.954545455,0.0374
"2837",1,401757294,"Western Kentucky","New Mexico State",0.4928,0,1,0.8498,1,0,0.4821,0,-7.5,53.5,10,2025,1,0,"Conference USA","Conference USA",-298,240,0,0,0.954545455,0.0072,0.748743719,0.294117647,0.101056281,-0.143917647,1,0,1,1.33557047,0.667785235,0.101056281,1,1.909090909,0.954545455,0.0179
"2838",0,401754575,"Syracuse","North Carolina",0.5777,1,0,0.6491,1,0,0.5834,1,-1.5,45.5,10,2025,1,0,"ACC","ACC",-115,-105,0,0,0.954545455,0.0777,0.534883721,0.512195122,0.114216279,-0.161295122,1,0,0,0,0.976190476,0.114216279,0,0,0.954545455,0.0834
"2839",0,401752757,"Tennessee","Oklahoma",0.5899,1,0,0.6605,1,1,0.5724,1,-3,55.5,10,2025,1,0,"SEC","SEC",-155,130,0,0,0.954545455,0.0899,0.607843137,0.434782609,0.052656863,-0.095282609,1,0,0,0,1.15,0.052656863,1,1.909090909,0.954545455,0.0724
"2840",0,401761641,"UL Monroe","Old Dominion",0.6363,1,0,0.1782,0,0,0.6009,1,16.5,55.5,10,2025,1,0,"Sun Belt","Sun Belt",575,-850,0,0,0.954545455,0.1363,0.148148148,0.894736842,0.030051852,-0.072936842,1,0,0,0,0.558823529,0.030051852,0,0,0.954545455,0.1009
"2841",0,401754582,"Stanford","Pittsburgh",0.4596,0,0,0.1604,0,1,0.5618,1,13.5,51.5,10,2025,1,0,"ACC","ACC",425,-575,1,1.909090909,0.954545455,0.0404,0.19047619,0.851851852,-0.03007619,-0.012251852,0,0,0,1,0.586956522,-0.012251852,1,1.909090909,0.954545455,0.0618
"2842",1,401762443,"UTSA","Tulane",0.5104,1,1,0.3063,0,1,0.553,1,6,54.5,10,2025,1,0,"American Athletic","American Athletic",195,-238,1,1.909090909,0.954545455,0.0104,0.338983051,0.704142012,-0.032683051,-0.010442012,0,0,0,1,1.475,-0.010442012,1,1.909090909,0.954545455,0.053
"2843",1,401757173,"UConn","UAB",0.5114,1,1,0.826,1,0,0.5768,1,-10,61.5,10,2025,1,0,"FBS Independents","American Athletic",-375,295,1,1.909090909,0.954545455,0.0114,0.789473684,0.253164557,0.036526316,-0.079164557,1,0,1,1.266666667,0.633333333,0.036526316,0,0,0.954545455,0.0768
"2844",0,401760401,"Air Force","Army",0.4348,0,0,0.2873,0,0,0.4725,0,1.5,48.5,10,2025,1,0,"Mountain West","American Athletic",-110,-110,1,1.909090909,0.954545455,0.0652,0.523809524,0.523809524,-0.236509524,0.188890476,0,1,1,1.909090909,0.954545455,0.188890476,1,1.909090909,0.954545455,0.0275
"2845",0,401752753,"Arkansas","Mississippi State",0.5245,1,0,0.722,1,1,0.4752,0,-5.5,66.5,10,2025,1,0,"SEC","SEC",-205,170,0,0,0.954545455,0.0245,0.672131148,0.37037037,0.049868852,-0.09237037,1,0,0,0,1.35,0.049868852,0,0,0.954545455,0.0248
"2846",0,401752754,"Auburn","Kentucky",0.4795,0,0,0.8141,1,0,0.4521,0,-11.5,44.5,10,2025,1,0,"SEC","SEC",-470,360,1,1.909090909,0.954545455,0.0205,0.824561404,0.217391304,-0.010461404,-0.031491304,0,0,0,1,2.3,-0.010461404,1,1.909090909,0.954545455,0.0479
"2847",1,401756936,"Baylor","UCF",0.4894,0,1,0.5206,1,0,0.6423,1,-3,58.5,10,2025,1,0,"Big 12","Big 12",-155,130,0,0,0.954545455,0.0106,0.607843137,0.434782609,-0.087243137,0.044617391,0,1,0,0,0.822580645,0.044617391,0,0,0.954545455,0.1423
"2848",0,401760402,"Boise State","Fresno State",0.4012,0,0,0.9147,1,0,0.527,1,-17.5,47.5,10,2025,1,0,"Mountain West","Mountain West",-1000,650,1,1.909090909,0.954545455,0.0988,0.909090909,0.133333333,0.005609091,-0.048033333,1,0,0,0,3.75,0.005609091,0,0,0.954545455,0.027
"2849",1,401754583,"Boston College","Notre Dame",0.4654,0,0,0.0926,0,0,0.493,0,31.5,55.5,10,2025,1,0,"ACC","FBS Independents",2000,-6500,0,0,0.954545455,0.0346,0.047619048,0.984848485,0.044980952,-0.077448485,1,0,0,0,0.507692308,0.044980952,1,1.909090909,0.954545455,0.007
"2850",0,401762849,"Bowling Green","Buffalo",0.5717,1,0,0.6833,1,0,0.4683,0,-2.5,44.5,10,2025,1,0,"Mid-American","Mid-American",-130,110,0,0,0.954545455,0.0717,0.565217391,0.476190476,0.118082609,-0.159490476,1,0,0,0,1.05,0.118082609,1,1.909090909,0.954545455,0.0317
"2851",0,401754576,"California","Virginia",0.4782,0,0,0.3348,0,0,0.6318,1,6.5,52.5,10,2025,1,0,"ACC","ACC",190,-230,1,1.909090909,0.954545455,0.0218,0.344827586,0.696969697,-0.010027586,-0.031769697,0,0,0,1,0.717391304,-0.010027586,0,0,0.954545455,0.1318
"2852",0,401754577,"Clemson","Duke",0.4176,0,0,0.5699,1,1,0.537,1,-4,54.5,10,2025,1,0,"ACC","ACC",-180,150,1,1.909090909,0.954545455,0.0824,0.642857143,0.4,-0.072957143,0.0301,0,1,1,2.5,1.25,0.0301,1,1.909090909,0.954545455,0.037
"2853",1,401761640,"Coastal Carolina","Marshall",0.569,1,1,0.2887,0,1,0.5046,1,7,55.5,10,2025,1,0,"Sun Belt","Sun Belt",220,-270,1,1.909090909,0.954545455,0.069,0.3125,0.72972973,-0.0238,-0.01842973,0,0,0,1,1.6,-0.01842973,1,1.909090909,0.954545455,0.0046
"2854",1,401754578,"Florida State","Wake Forest",0.3694,0,1,0.7359,1,0,0.5764,1,-12.5,50.5,10,2025,1,0,"ACC","ACC",-440,340,0,0,0.954545455,0.1306,0.814814815,0.227272727,-0.078914815,0.036827273,0,1,0,0,0.613636364,0.036827273,0,0,0.954545455,0.0764
"2855",0,401756938,"Houston","West Virginia",0.5059,1,0,0.8558,1,1,0.5148,1,-13.5,48.5,10,2025,1,0,"Big 12","Big 12",-575,425,0,0,0.954545455,0.0059,0.851851852,0.19047619,0.003948148,-0.04627619,1,0,0,0,2.625,0.003948148,1,1.909090909,0.954545455,0.0148
"2856",1,401752891,"Illinois","Rutgers",0.4412,0,1,0.771,1,0,0.3851,0,-13.5,63.5,10,2025,1,0,"Big Ten","Big Ten",-500,380,0,0,0.954545455,0.0588,0.833333333,0.208333333,-0.062333333,0.020666667,0,1,0,0,0.6,0.020666667,1,1.909090909,0.954545455,0.1149
"2857",0,401756940,"Kansas","Oklahoma State",0.5528,1,1,0.9197,1,1,0.5331,1,-24.5,54.5,10,2025,1,0,"Big 12","Big 12",-2800,1300,0,0,0.954545455,0.0528,0.965517241,0.071428571,-0.045817241,0.008871429,0,1,0,0,0.517857143,0.008871429,1,1.909090909,0.954545455,0.0331
"2858",0,401756941,"Kansas State","Texas Tech",0.5536,1,0,0.2973,0,1,0.5094,1,7.5,51.5,10,2025,1,0,"Big 12","Big 12",225,-278,0,0,0.954545455,0.0536,0.307692308,0.735449735,-0.010392308,-0.032749735,0,0,0,1,0.679856115,-0.010392308,1,1.909090909,0.954545455,0.0094
"2859",1,401757289,"Kennesaw State","UTEP",0.4866,0,1,0.8208,1,1,0.548,1,-12.5,52.5,10,2025,1,0,"Conference USA","Conference USA",-440,340,0,0,0.954545455,0.0134,0.814814815,0.227272727,0.005985185,-0.048072727,1,0,1,1.227272727,0.613636364,0.005985185,1,1.909090909,0.954545455,0.048
"2860",1,401757290,"Louisiana Tech","Sam Houston",0.3275,0,1,0.8132,1,1,0.5064,1,-16.5,47.5,10,2025,1,0,"Conference USA","Conference USA",-850,575,0,0,0.954545455,0.1725,0.894736842,0.148148148,-0.081536842,0.038651852,0,1,0,0,0.558823529,0.038651852,1,1.909090909,0.954545455,0.0064
"2861",0,401752890,"Michigan","Purdue",0.4405,0,1,0.8899,1,0,0.6565,1,-21,48.5,10,2025,1,0,"Big Ten","Big Ten",-1800,1000,1,1.909090909,0.954545455,0.0595,0.947368421,0.090909091,-0.057468421,0.019190909,0,1,0,0,0.527777778,0.019190909,0,0,0.954545455,0.1565
"2862",1,401752892,"Nebraska","USC",0.4291,0,0,0.3035,0,0,0.5966,1,4.5,59.5,10,2025,1,0,"Big Ten","Big Ten",154,-185,0,0,0.954545455,0.0709,0.393700787,0.649122807,-0.090200787,0.047377193,0,1,1,1.540540541,0.77027027,0.047377193,0,0,0.954545455,0.0966
"2863",1,401752889,"Ohio State","Penn State",0.5143,1,1,0.9214,1,1,0.5274,1,-17.5,45.5,10,2025,1,0,"Big Ten","Big Ten",-1050,675,1,1.909090909,0.954545455,0.0143,0.913043478,0.129032258,0.008356522,-0.050432258,1,0,1,1.095238095,0.547619048,0.008356522,1,1.909090909,0.954545455,0.0274
"2864",1,401752756,"Ole Miss","South Carolina",0.4736,0,1,0.7984,1,0,0.4239,0,-12.5,55.5,10,2025,1,0,"SEC","SEC",-500,380,0,0,0.954545455,0.0264,0.833333333,0.208333333,-0.034933333,-0.006733333,0,0,0,1,0.6,-0.006733333,1,1.909090909,0.954545455,0.0761
"2865",1,401752943,"Oregon State","Washington State",0.5389,1,1,0.3519,0,0,0.5766,1,3.5,47.5,10,2025,1,0,"Pac-12","Pac-12",142,-170,1,1.909090909,0.954545455,0.0389,0.41322314,0.62962963,-0.06132314,0.01847037,0,1,0,0,1.21,0.01847037,0,0,0.954545455,0.0766
"2866",1,401760405,"San Diego State","Wyoming",0.6165,1,1,0.7927,1,0,0.5098,1,-10,42.5,10,2025,1,0,"Mountain West","Mountain West",-375,295,1,1.909090909,0.954545455,0.1165,0.789473684,0.253164557,0.003226316,-0.045864557,1,0,1,1.266666667,0.633333333,0.003226316,0,0,0.954545455,0.0098
"2867",0,401752758,"Texas","Vanderbilt",0.5123,1,1,0.6244,1,1,0.5485,1,-3.5,48.5,10,2025,1,0,"SEC","SEC",-175,145,0,0,0.954545455,0.0123,0.636363636,0.408163265,-0.011963636,-0.032563265,0,0,0,1,0.785714286,-0.011963636,1,1.909090909,0.954545455,0.0485
"2868",0,401760406,"San José State","Air Force",0.5168,1,0,0.6701,1,0,0.3854,0,-6,67.5,11,2025,1,0,"Mountain West","Mountain West",-250,205,0,0,0.954545455,0.0168,0.714285714,0.327868852,-0.044185714,0.002031148,0,1,1,3.05,1.525,0.002031148,1,1.909090909,0.954545455,0.1146
"2869",1,401752764,"Vanderbilt","Auburn",0.4471,0,1,0.656,1,1,0.4623,0,-6,46.5,11,2025,1,0,"SEC","SEC",-230,190,0,0,0.954545455,0.0529,0.696969697,0.344827586,-0.040969697,-0.000827586,0,0,0,1,0.717391304,-0.000827586,0,0,0.954545455,0.0377
"2870",1,401756945,"Texas Tech","BYU",0.5787,1,1,0.8204,1,0,0.5104,1,-13.5,50.5,11,2025,1,0,"Big 12","Big 12",-500,380,1,1.909090909,0.954545455,0.0787,0.833333333,0.208333333,-0.012933333,-0.028733333,0,0,0,1,0.6,-0.012933333,0,0,0.954545455,0.0104
"2871",1,401762855,"Eastern Michigan","Bowling Green",0.5288,1,1,0.4422,0,0,0.3835,0,-3,49.5,11,2025,1,0,"Mid-American","Mid-American",-162,136,1,1.909090909,0.954545455,0.0288,0.618320611,0.423728814,-0.176120611,0.134071186,0,1,0,0,0.808641975,0.134071186,1,1.909090909,0.954545455,0.1165
"2872",0,401754585,"Louisville","California",0.622,1,0,0.9109,1,1,0.4899,0,-18.5,48.5,11,2025,1,0,"ACC","ACC",-1100,700,0,0,0.954545455,0.122,0.916666667,0.125,-0.005766667,-0.0359,0,0,0,1,4,-0.005766667,0,0,0.954545455,0.0101
"2873",0,401762504,"East Carolina","Charlotte",0.4881,0,1,0.9029,1,1,0.5413,1,-27.5,56.5,11,2025,1,0,"American Athletic","American Athletic",-4000,1600,1,1.909090909,0.954545455,0.0119,0.975609756,0.058823529,-0.072709756,0.038276471,0,1,0,0,0.5125,0.038276471,1,1.909090909,0.954545455,0.0413
"2874",1,401756947,"West Virginia","Colorado",0.6096,1,1,0.7371,1,0,0.3432,0,-6.5,51.5,11,2025,1,0,"Big 12","Big 12",-245,200,1,1.909090909,0.954545455,0.1096,0.710144928,0.333333333,0.026955072,-0.070433333,1,0,1,1.408163265,0.704081633,0.026955072,1,1.909090909,0.954545455,0.1568
"2875",1,401754590,"UConn","Duke",0.4943,0,1,0.361,0,1,0.4538,0,7.5,63.5,11,2025,1,0,"FBS Independents","ACC",250,-310,0,0,0.954545455,0.0057,0.285714286,0.756097561,0.075285714,-0.117097561,1,0,1,3.5,1.75,0.075285714,0,0,0.954545455,0.0462
"2876",1,401752760,"Kentucky","Florida",0.5393,1,1,0.4137,0,1,0.5186,1,4.5,44.5,11,2025,1,0,"SEC","SEC",170,-205,1,1.909090909,0.954545455,0.0393,0.37037037,0.672131148,0.04332963,-0.085831148,1,0,1,2.7,1.35,0.04332963,1,1.909090909,0.954545455,0.0186
"2877",0,401757296,"Middle Tennessee","Florida International",0.5401,1,0,0.513,1,1,0.5561,1,-1.5,50.5,11,2025,1,0,"Conference USA","Conference USA",-118,-102,0,0,0.954545455,0.0401,0.541284404,0.504950495,-0.028284404,-0.017950495,0,0,0,1,0.990196078,-0.017950495,1,1.909090909,0.954545455,0.0561
"2878",0,401752762,"Mississippi State","Georgia",0.5485,1,0,0.219,0,1,0.4354,0,9.5,56.5,11,2025,1,0,"SEC","SEC",275,-345,0,0,0.954545455,0.0485,0.266666667,0.775280899,-0.047666667,0.005719101,0,1,1,1.289855072,0.644927536,0.005719101,0,0,0.954545455,0.0646
"2879",0,401756946,"UCF","Houston",0.4361,0,0,0.4054,0,1,0.4076,0,-1.5,47.5,11,2025,1,0,"Big 12","Big 12",-118,-102,1,1.909090909,0.954545455,0.0639,0.541284404,0.504950495,-0.135884404,0.089649505,0,1,1,1.980392157,0.990196078,0.089649505,0,0,0.954545455,0.0924
"2880",1,401752893,"Penn State","Indiana",0.4753,0,0,0.1116,0,1,0.4343,0,14.5,49.5,11,2025,1,0,"Big Ten","Big Ten",440,-600,0,0,0.954545455,0.0247,0.185185185,0.857142857,-0.073585185,0.031257143,0,1,1,1.166666667,0.583333333,0.031257143,0,0,0.954545455,0.0657
"2881",0,401756944,"TCU","Iowa State",0.6184,1,0,0.6655,1,0,0.5363,1,-7.5,58.5,11,2025,1,0,"Big 12","Big 12",-298,240,0,0,0.954545455,0.1184,0.748743719,0.294117647,-0.083243719,0.040382353,0,1,1,3.4,1.7,0.040382353,0,0,0.954545455,0.0363
"2882",0,401757297,"UTEP","Jacksonville State",0.4843,0,0,0.4541,0,1,0.4537,0,1.5,46.5,11,2025,1,0,"Conference USA","Conference USA",-105,-115,1,1.909090909,0.954545455,0.0157,0.512195122,0.534883721,-0.058095122,0.011016279,0,1,1,1.869565217,0.934782609,0.011016279,0,0,0.954545455,0.0463
"2883",1,401761646,"Marshall","James Madison",0.5751,1,0,0.2133,0,1,0.5309,1,13.5,53.5,11,2025,1,0,"Sun Belt","Sun Belt",425,-575,1,1.909090909,0.954545455,0.0751,0.19047619,0.851851852,0.02282381,-0.065151852,1,0,0,0,0.586956522,0.02282381,1,1.909090909,0.954545455,0.0309
"2884",1,401757298,"New Mexico State","Kennesaw State",0.5266,1,0,0.2699,0,0,0.4294,0,11.5,52.5,11,2025,1,0,"Conference USA","Conference USA",330,-425,1,1.909090909,0.954545455,0.0266,0.23255814,0.80952381,0.03734186,-0.07942381,1,0,0,0,0.617647059,0.03734186,1,1.909090909,0.954545455,0.0706
"2885",1,401752894,"Rutgers","Maryland",0.4445,0,1,0.4596,0,0,0.5555,1,-1.5,56.5,11,2025,1,0,"Big Ten","Big Ten",-122,102,0,0,0.954545455,0.0555,0.54954955,0.495049505,-0.08994955,0.045350495,0,1,0,0,0.909836066,0.045350495,0,0,0.954545455,0.0555
"2886",1,401762852,"Ohio","Miami (OH)",0.4694,0,1,0.5032,1,0,0.4192,0,-2.5,50.5,11,2025,1,0,"Mid-American","Mid-American",-148,124,0,0,0.954545455,0.0306,0.596774194,0.446428571,-0.093574194,0.050371429,0,1,0,0,0.837837838,0.050371429,1,1.909090909,0.954545455,0.0808
"2887",1,401757166,"Notre Dame","Navy",0.4279,0,1,0.9167,1,1,0.4795,0,-30.5,54.5,11,2025,1,0,"FBS Independents","American Athletic",-6500,2000,0,0,0.954545455,0.0721,0.984848485,0.047619048,-0.068148485,0.035680952,0,1,0,0,0.507692308,0.035680952,0,0,0.954545455,0.0205
"2888",0,401752895,"UCLA","Nebraska",0.4557,0,0,0.396,0,1,0.5534,1,-1.5,45.5,11,2025,1,0,"Big Ten","Big Ten",-125,105,1,1.909090909,0.954545455,0.0443,0.555555556,0.487804878,-0.159555556,0.116195122,0,1,1,2.05,1.025,0.116195122,1,1.909090909,0.954545455,0.0534
"2889",1,401760409,"Utah State","Nevada",0.5312,1,1,0.7789,1,1,0.4655,0,-10,52.5,11,2025,1,0,"Mountain West","Mountain West",-380,300,1,1.909090909,0.954545455,0.0312,0.791666667,0.25,-0.012766667,-0.0289,0,0,0,1,0.631578947,-0.012766667,0,0,0.954545455,0.0345
"2890",1,401762854,"Toledo","Northern Illinois",0.4356,0,1,0.8374,1,1,0.5868,1,-14.5,42.5,11,2025,1,0,"Mid-American","Mid-American",-650,470,0,0,0.954545455,0.0644,0.866666667,0.175438596,-0.029266667,-0.012838596,0,0,0,1,0.576923077,-0.012838596,1,1.909090909,0.954545455,0.0868
"2891",1,401752896,"USC","Northwestern",0.4612,0,1,0.8772,1,1,0.496,0,-14.5,54.5,11,2025,1,0,"Big Ten","Big Ten",-650,470,0,0,0.954545455,0.0388,0.866666667,0.175438596,0.010533333,-0.052638596,1,0,1,1.153846154,0.576923077,0.010533333,0,0,0.954545455,0.004
"2892",1,401752897,"Purdue","Ohio State",0.5349,1,0,0.1062,0,0,0.5445,1,29.5,49.5,11,2025,1,0,"Big Ten","Big Ten",1700,-4500,1,1.909090909,0.954545455,0.0349,0.055555556,0.97826087,0.050644444,-0.08446087,1,0,0,0,0.511111111,0.050644444,0,0,0.954545455,0.0445
"2893",1,401752899,"Wisconsin","Washington",0.4483,0,1,0.259,0,0,0.5132,1,10.5,44.5,11,2025,1,0,"Big Ten","Big Ten",320,-410,0,0,0.954545455,0.0517,0.238095238,0.803921569,0.020904762,-0.062921569,1,0,1,4.2,2.1,0.020904762,0,0,0.954545455,0.0132
"2894",1,401762851,"Akron","Massachusetts",0.3668,0,1,0.7587,1,1,0.4835,0,-12.5,51.5,11,2025,1,0,"Mid-American","Mid-American",-485,370,0,0,0.954545455,0.1332,0.829059829,0.212765957,-0.070359829,0.028534043,0,1,0,0,0.603092784,0.028534043,0,0,0.954545455,0.0165
"2895",1,401752759,"Alabama","LSU",0.4872,0,1,0.792,1,0,0.5538,1,-10,49.5,11,2025,1,0,"SEC","SEC",-380,300,0,0,0.954545455,0.0128,0.791666667,0.25,0.000333333,-0.042,1,0,1,1.263157895,0.631578947,0.000333333,0,0,0.954545455,0.0538
"2896",0,401761644,"App State","Georgia Southern",0.4785,0,0,0.6891,1,0,0.3477,0,-4.5,62.5,11,2025,1,0,"Sun Belt","Sun Belt",-198,164,1,1.909090909,0.954545455,0.0215,0.66442953,0.378787879,0.02467047,-0.067887879,1,0,0,0,1.32,0.02467047,1,1.909090909,0.954545455,0.1523
"2897",0,401756943,"Arizona","Kansas",0.3679,0,1,0.6798,1,0,0.5384,1,-5.5,56.5,11,2025,1,0,"Big 12","Big 12",-218,180,1,1.909090909,0.954545455,0.1321,0.685534591,0.357142857,-0.005734591,-0.036942857,0,0,0,1,0.729357798,-0.005734591,0,0,0.954545455,0.0384
"2898",1,401761647,"Arkansas State","Southern Miss",0.3914,0,0,0.2925,0,0,0.5667,1,6.5,54.5,11,2025,1,0,"Sun Belt","Sun Belt",195,-238,0,0,0.954545455,0.1086,0.338983051,0.704142012,-0.046483051,0.003357988,0,1,1,1.420168067,0.710084034,0.003357988,0,0,0.954545455,0.0667
"2899",0,401762503,"Army","Temple",0.58,1,1,0.6458,1,0,0.5427,1,-7,45.5,11,2025,1,0,"American Athletic","American Athletic",-290,235,0,0,0.954545455,0.08,0.743589744,0.298507463,-0.097789744,0.055692537,0,1,0,0,0.672413793,0.055692537,0,0,0.954545455,0.0427
"2900",1,401762853,"Ball State","Kent State",0.4389,0,1,0.6033,1,0,0.4959,0,-3,48.5,11,2025,1,0,"Mid-American","Mid-American",-155,130,0,0,0.954545455,0.0611,0.607843137,0.434782609,-0.004543137,-0.038082609,0,0,0,1,0.822580645,-0.004543137,1,1.909090909,0.954545455,0.0041
"2901",0,401754584,"Boston College","SMU",0.5203,1,0,0.2887,0,1,0.3914,0,10.5,54.5,11,2025,1,0,"ACC","ACC",330,-425,0,0,0.954545455,0.0203,0.23255814,0.80952381,0.05614186,-0.09822381,1,0,0,0,0.617647059,0.05614186,0,0,0.954545455,0.1086
"2902",1,401754586,"Clemson","Florida State",0.4629,0,1,0.5627,1,0,0.4918,0,-1.5,56.5,11,2025,1,0,"ACC","ACC",-118,-102,0,0,0.954545455,0.0371,0.541284404,0.504950495,0.021415596,-0.067650495,1,0,1,1.847457627,0.923728814,0.021415596,1,1.909090909,0.954545455,0.0082
"2903",1,401761645,"Coastal Carolina","Georgia State",0.4595,0,1,0.705,1,1,0.4343,0,-7,56.5,11,2025,1,0,"Sun Belt","Sun Belt",-285,230,0,0,0.954545455,0.0405,0.74025974,0.303030303,-0.03525974,-0.008030303,0,0,0,1,0.675438596,-0.008030303,0,0,0.954545455,0.0657
"2904",0,401760407,"Colorado State","UNLV",0.5901,1,0,0.3341,0,0,0.3397,0,5.5,60.5,11,2025,1,0,"Mountain West","Mountain West",180,-218,0,0,0.954545455,0.0901,0.357142857,0.685534591,-0.023042857,-0.019634591,0,0,0,1,0.729357798,-0.019634591,1,1.909090909,0.954545455,0.1603
"2905",1,401757295,"Delaware","Louisiana Tech",0.4948,0,1,0.3248,0,0,0.3968,0,5.5,56.5,11,2025,1,0,"Conference USA","Conference USA",180,-218,0,0,0.954545455,0.0052,0.357142857,0.685534591,-0.032342857,-0.010334591,0,0,0,1,1.4,-0.010334591,1,1.909090909,0.954545455,0.1032
"2906",1,401762505,"Florida Atlantic","Tulsa",0.4752,0,1,0.5953,1,1,0.5608,1,-4.5,60.5,11,2025,1,0,"American Athletic","American Athletic",-198,164,0,0,0.954545455,0.0248,0.66442953,0.378787879,-0.06912953,0.025912121,0,1,0,0,0.752525253,0.025912121,1,1.909090909,0.954545455,0.0608
"2907",1,401760408,"Hawai'i","San Diego State",0.4563,0,1,0.3161,0,0,0.4362,0,6.5,48.5,11,2025,1,0,"Mountain West","Mountain West",210,-258,0,0,0.954545455,0.0437,0.322580645,0.720670391,-0.006480645,-0.036770391,0,0,0,1,1.55,-0.006480645,1,1.909090909,0.954545455,0.0638
"2908",1,401752898,"Iowa","Oregon",0.4582,0,0,0.376,0,0,0.5994,1,4.5,41.5,11,2025,1,0,"Big Ten","Big Ten",164,-198,0,0,0.954545455,0.0418,0.378787879,0.66442953,-0.002787879,-0.04042953,0,0,0,1,0.752525253,-0.002787879,0,0,0.954545455,0.0994
"2909",0,401757299,"Liberty","Missouri State",0.4731,0,0,0.7091,1,0,0.3318,0,-7.5,51.5,11,2025,1,0,"Conference USA","Conference USA",-290,235,1,1.909090909,0.954545455,0.0269,0.743589744,0.298507463,-0.034489744,-0.007607463,0,0,0,1,1.675,-0.007607463,1,1.909090909,0.954545455,0.1682
"2910",1,401761648,"Louisiana","Texas State",0.6146,1,1,0.4793,0,1,0.4553,0,3.5,62.5,11,2025,1,0,"Sun Belt","Sun Belt",145,-175,1,1.909090909,0.954545455,0.1146,0.408163265,0.636363636,0.071136735,-0.115663636,1,0,1,2.45,1.225,0.071136735,0,0,0.954545455,0.0447
"2911",0,401762501,"Memphis","Tulane",0.4294,0,0,0.6461,1,1,0.4894,0,-3,53.5,11,2025,1,0,"American Athletic","American Athletic",-155,130,1,1.909090909,0.954545455,0.0706,0.607843137,0.434782609,0.038256863,-0.080882609,1,0,0,0,1.15,0.038256863,0,0,0.954545455,0.0106
"2912",0,401754587,"Miami","Syracuse",0.4061,0,1,0.9084,1,1,0.4392,0,-28.5,46.5,11,2025,1,0,"ACC","ACC",-5000,1800,1,1.909090909,0.954545455,0.0939,0.980392157,0.052631579,-0.071992157,0.038968421,0,1,0,0,0.51,0.038968421,0,0,0.954545455,0.0608
"2913",0,401752763,"Missouri","Texas A&M",0.4097,0,0,0.3202,0,1,0.4665,0,7,48.5,11,2025,1,0,"SEC","SEC",215,-265,1,1.909090909,0.954545455,0.0903,0.317460317,0.726027397,0.002739683,-0.046227397,1,0,0,0,0.688679245,0.002739683,0,0,0.954545455,0.0335
"2914",0,401754588,"North Carolina","Stanford",0.513,1,1,0.7029,1,0,0.5642,1,-8.5,41.5,11,2025,1,0,"ACC","ACC",-325,260,0,0,0.954545455,0.013,0.764705882,0.277777778,-0.061805882,0.019322222,0,1,0,0,0.653846154,0.019322222,0,0,0.954545455,0.0642
"2915",0,401752944,"Oregon State","Sam Houston",0.3159,0,0,0.835,1,0,0.4847,0,-21,52.5,11,2025,1,0,"Pac-12","Conference USA",-1450,850,1,1.909090909,0.954545455,0.1841,0.935483871,0.105263158,-0.100483871,0.059736842,0,1,1,9.5,4.75,0.059736842,1,1.909090909,0.954545455,0.0153
"2916",1,401762502,"Rice","UAB",0.441,0,1,0.3676,0,0,0.4715,0,1.5,51.5,11,2025,1,0,"American Athletic","American Athletic",-108,-112,0,0,0.954545455,0.059,0.519230769,0.528301887,-0.151630769,0.104098113,0,1,0,0,0.962962963,0.104098113,1,1.909090909,0.954545455,0.0285
"2917",1,401762500,"South Florida","UTSA",0.5174,1,1,0.8831,1,1,0.4945,0,-14,66.5,11,2025,1,0,"American Athletic","American Athletic",-600,440,1,1.909090909,0.954545455,0.0174,0.857142857,0.185185185,0.025957143,-0.068285185,1,0,1,1.166666667,0.583333333,0.025957143,0,0,0.954545455,0.0055
"2918",0,401754589,"Virginia","Wake Forest",0.4389,0,0,0.6895,1,0,0.6293,1,-7,48.5,11,2025,1,0,"ACC","ACC",-258,210,1,1.909090909,0.954545455,0.0611,0.720670391,0.322580645,-0.031170391,-0.012080645,0,0,0,1,1.55,-0.012080645,0,0,0.954545455,0.1293
"2919",1,401757174,"UConn","Air Force",0.4107,0,1,0.7057,1,0,0.3908,0,-7.5,64.5,12,2025,1,0,"FBS Independents","Mountain West",-305,245,0,0,0.954545454545455,0.0893,0.753086419753086,0.289855072463768,-0.0473864197530864,0.00444492753623188,0,1,0,0,0.663934426229508,0.00444492753623188,1,1.90909090909091,0.954545454545455,0.1092
"2920",1,401761652,"James Madison","App State",0.4188,0,1,0.9286,1,1,0.4417,0,-21,53.5,12,2025,1,0,"Sun Belt","Sun Belt",-1800,1000,0,0,0.954545454545455,0.0812,0.947368421052632,0.0909090909090909,-0.0187684210526315,-0.0195090909090909,0,0,0,1,0.527777777777778,-0.0187684210526315,0,0,0.954545454545455,0.0583
"2921",0,401756951,"Cincinnati","Arizona",0.5201,1,0,0.6732,1,0,0.4515,0,-5.5,56.5,12,2025,1,0,"Big 12","Big 12",-205,170,0,0,0.954545454545455,0.0201,0.672131147540984,0.37037037037037,0.00106885245901644,-0.0435703703703704,1,0,0,0,1.35,0.00106885245901644,1,1.90909090909091,0.954545454545455,0.0485
"2922",0,401752768,"LSU","Arkansas",0.4935,0,1,0.7519,1,0,0.5371,1,-4,58.5,12,2025,1,0,"SEC","SEC",-185,154,1,1.90909090909091,0.954545454545455,0.00650000000000001,0.649122807017544,0.393700787401575,0.102777192982456,-0.145600787401575,1,0,1,1.54054054054054,0.77027027027027,0.102777192982456,0,0,0.954545454545455,0.0371
"2923",1,401760410,"San Diego State","Boise State",0.654,1,1,0.63,1,0,0.4667,0,-1.5,41.5,12,2025,1,0,"Mountain West","Mountain West",-125,105,1,1.90909090909091,0.954545454545455,0.154,0.555555555555556,0.48780487804878,0.0744444444444444,-0.11780487804878,1,0,1,1.8,0.9,0.0744444444444444,1,1.90909090909091,0.954545454545455,0.0333
"2924",1,401762858,"Central Michigan","Buffalo",0.5582,1,1,0.5742,1,1,0.5211,1,-2.5,44.5,12,2025,1,0,"Mid-American","Mid-American",-135,114,1,1.90909090909091,0.954545454545455,0.0582,0.574468085106383,0.467289719626168,-0.000268085106382987,-0.0414897196261683,0,0,0,1,0.87037037037037,-0.000268085106382987,1,1.90909090909091,0.954545454545455,0.0211
"2925",0,401754591,"Louisville","Clemson",0.6121,1,0,0.6363,1,0,0.4826,0,-1.5,50.5,12,2025,1,0,"ACC","ACC",-122,102,0,0,0.954545454545455,0.1121,0.54954954954955,0.495049504950495,0.0867504504504504,-0.131349504950495,1,0,0,0,1.01,0.0867504504504504,1,1.90909090909091,0.954545454545455,0.0174
"2926",1,401761650,"Georgia Southern","Coastal Carolina",0.4749,0,1,0.5608,1,1,0.4196,0,-3,59.5,12,2025,1,0,"Sun Belt","Sun Belt",-155,130,0,0,0.954545454545455,0.0251,0.607843137254902,0.434782608695652,-0.0470431372549019,0.00441739130434787,0,1,0,0,0.82258064516129,0.00441739130434787,0,0,0.954545454545455,0.0804
"2927",0,401760411,"New Mexico","Colorado State",0.5463,1,1,0.9042,1,0,0.5105,1,-15.5,53.5,12,2025,1,0,"Mountain West","Mountain West",-700,500,0,0,0.954545454545455,0.0463,0.875,0.166666666666667,0.0292,-0.0708666666666667,1,0,1,1.14285714285714,0.571428571428571,0.0292,0,0,0.954545454545455,0.0105
"2928",1,401757300,"Sam Houston","Delaware",0.6241,1,1,0.3206,0,0,0.3702,0,11.5,56.5,12,2025,0,1,"Conference USA","Conference USA",350,-455,1,1.90909090909091,0.954545454545455,0.1241,0.222222222222222,0.81981981981982,0.0983777777777778,-0.14041981981982,1,0,1,4.5,2.25,0.0983777777777778,1,1.90909090909091,0.954545454545455,0.1298
"2929",0,401752769,"Ole Miss","Florida",0.409,0,1,0.7635,1,1,0.4456,0,-10.5,53.5,12,2025,1,0,"SEC","SEC",-440,340,1,1.90909090909091,0.954545454545455,0.091,0.814814814814815,0.227272727272727,-0.0513148148148148,0.00922727272727278,0,1,0,0,0.613636363636364,0.00922727272727278,0,0,0.954545454545455,0.0544
"2930",0,401762509,"Tulane","Florida Atlantic",0.5421,1,1,0.8798,1,0,0.5169,1,-16.5,60.5,12,2025,1,0,"American Athletic","American Athletic",-800,550,0,0,0.954545454545455,0.0421,0.888888888888889,0.153846153846154,-0.00908888888888881,-0.0336461538461539,0,0,0,1,0.5625,-0.00908888888888881,0,0,0.954545454545455,0.0169
"2931",0,401752907,"USC","Iowa",0.4944,0,1,0.6802,1,0,0.4501,0,-6.5,48.5,12,2025,1,0,"Big Ten","Big Ten",-230,190,1,1.90909090909091,0.954545454545455,0.00559999999999999,0.696969696969697,0.344827586206897,-0.016769696969697,-0.0250275862068966,0,0,0,1,0.717391304347826,-0.016769696969697,1,1.90909090909091,0.954545454545455,0.0499
"2932",1,401756952,"Oklahoma State","Kansas State",0.5171,1,0,0.1152,0,0,0.4624,0,19.5,50.5,12,2025,1,0,"Big 12","Big 12",800,-1350,1,1.90909090909091,0.954545454545455,0.0171,0.111111111111111,0.931034482758621,0.00408888888888889,-0.0462344827586206,1,0,0,0,0.537037037037037,0.00408888888888889,1,1.90909090909091,0.954545454545455,0.0376
"2933",1,401752953,"Washington State","Louisiana Tech",0.4339,0,1,0.7006,1,0,0.419,0,-10,43.5,12,2025,1,0,"Pac-12","Conference USA",-410,320,0,0,0.954545454545455,0.0661,0.803921568627451,0.238095238095238,-0.103321568627451,0.0613047619047619,0,1,0,0,0.621951219512195,0.0613047619047619,1,1.90909090909091,0.954545454545455,0.081
"2934",1,401752905,"Northwestern","Michigan",0.5204,1,0,0.2552,0,1,0.4423,0,10,41.5,12,2025,0,1,"Big Ten","Big Ten",320,-410,1,1.90909090909091,0.954545454545455,0.0204,0.238095238095238,0.803921568627451,0.0171047619047619,-0.059121568627451,1,0,0,0,0.621951219512195,0.0171047619047619,0,0,0.954545454545455,0.0577
"2935",1,401757303,"Western Kentucky","Middle Tennessee",0.5038,1,1,0.8667,1,1,0.517,1,-13.5,51.5,12,2025,1,0,"Conference USA","Conference USA",-550,410,1,1.90909090909091,0.954545454545455,0.00380000000000003,0.846153846153846,0.196078431372549,0.0205461538461539,-0.062778431372549,1,0,1,1.18181818181818,0.590909090909091,0.0205461538461539,1,1.90909090909091,0.954545454545455,0.017
"2936",1,401752904,"Oregon","Minnesota",0.5386,1,1,0.912,1,1,0.6127,1,-26.5,46.5,12,2025,1,0,"Big Ten","Big Ten",-3600,1500,1,1.90909090909091,0.954545454545455,0.0386,0.972972972972973,0.0625,-0.060972972972973,0.0255,0,1,0,0,0.513888888888889,0.0255,1,1.90909090909091,0.954545454545455,0.1127
"2937",1,401752770,"Missouri","Mississippi State",0.4234,0,1,0.736,1,1,0.4687,0,-7.5,50.5,12,2025,1,0,"SEC","SEC",-278,225,0,0,0.954545454545455,0.0766,0.735449735449735,0.307692307692308,0.000550264550264523,-0.0436923076923077,1,0,1,1.35971223021583,0.679856115107914,0.000550264550264523,0,0,0.954545454545455,0.0313
"2938",0,401752771,"Tennessee","New Mexico State",0.3983,0,1,0.8903,1,0,0.5124,1,-41.5,59.5,12,2025,1,0,"SEC","Conference USA",NA,NA,1,1.90909090909091,0.954545454545455,0.1017,NA,NA,NA,NA,NA,NA,NA,NA,NA,NA,0,0,0.954545454545455,0.0124
"2939",1,401754596,"Wake Forest","North Carolina",0.5915,1,1,0.7448,1,1,0.4987,0,-3.5,37.5,12,2025,1,0,"ACC","ACC",-175,145,1,1.90909090909091,0.954545454545455,0.0915,0.636363636363636,0.408163265306122,0.108436363636364,-0.152963265306122,1,0,1,1.57142857142857,0.785714285714286,0.108436363636364,0,0,0.954545454545455,0.00130000000000002
"2940",0,401762506,"UAB","North Texas",0.5628,1,0,0.145,0,1,0.3784,0,17.5,68.5,12,2025,1,0,"American Athletic","American Athletic",650,-1000,0,0,0.954545454545455,0.0628,0.133333333333333,0.909090909090909,0.0116666666666667,-0.0540909090909091,1,0,0,0,0.55,0.0116666666666667,0,0,0.954545454545455,0.1216
"2941",0,401754597,"Pittsburgh","Notre Dame",0.578,1,0,0.2394,0,0,0.4807,0,12.5,55.5,12,2025,1,0,"ACC","FBS Independents",370,-485,0,0,0.954545454545455,0.078,0.212765957446809,0.829059829059829,0.0266340425531915,-0.0684598290598292,1,0,0,0,0.603092783505155,0.0266340425531915,1,1.90909090909091,0.954545454545455,0.0193
"2942",1,401762857,"Western Michigan","Ohio",0.5945,1,1,0.6263,1,0,0.389,0,-1.5,47.5,12,2025,1,0,"Mid-American","Mid-American",-120,100,1,1.90909090909091,0.954545454545455,0.0945,0.545454545454545,0.5,0.0808454545454546,-0.1263,1,0,1,1.83333333333333,0.916666666666667,0.0808454545454546,1,1.90909090909091,0.954545454545455,0.111
"2943",1,401752945,"Tulsa","Oregon State",0.552,1,1,0.6443,1,0,0.518,1,-1.5,50.5,12,2025,1,0,"American Athletic","Pac-12",-115,-105,1,1.90909090909091,0.954545454545455,0.052,0.534883720930233,0.51219512195122,0.109416279069767,-0.15649512195122,1,0,1,1.8695652173913,0.934782608695652,0.109416279069767,0,0,0.954545454545455,0.018
"2944",1,401752902,"Washington","Purdue",0.4499,0,1,0.879,1,1,0.4254,0,-14.5,51.5,12,2025,1,0,"Big Ten","Big Ten",-750,525,0,0,0.954545454545455,0.0501,0.882352941176471,0.16,-0.00335294117647056,-0.039,0,0,0,1,0.566666666666667,-0.00335294117647056,0,0,0.954545454545455,0.0746
"2945",0,401761653,"UL Monroe","South Alabama",0.406,0,0,0.4199,0,0,0.4828,0,4,49.5,12,2025,1,0,"Sun Belt","Sun Belt",154,-185,1,1.90909090909091,0.954545454545455,0.094,0.393700787401575,0.649122807017544,0.0261992125984252,-0.0690228070175438,1,0,0,0,0.77027027027027,0.0261992125984252,1,1.90909090909091,0.954545454545455,0.0172
"2946",0,401752772,"Texas A&M","South Carolina",0.5001,1,1,0.9132,1,1,0.4797,0,-16.5,49.5,12,2025,1,0,"SEC","SEC",-900,600,0,0,0.954545454545455,9.9999999999989e-05,0.9,0.142857142857143,0.0132,-0.0560571428571429,1,0,1,1.11111111111111,0.555555555555556,0.0132,0,0,0.954545454545455,0.0203
"2947",0,401762856,"Akron","Kent State",0.4314,0,0,0.6946,1,1,0.5031,1,-7.5,49.5,12,2025,1,0,"Mid-American","Mid-American",-310,250,1,1.90909090909091,0.954545454545455,0.0686,0.75609756097561,0.285714285714286,-0.0614975609756098,0.0196857142857143,0,1,1,3.5,1.75,0.0196857142857143,1,1.90909090909091,0.954545454545455,0.00309999999999999
"2948",0,401752765,"Alabama","Oklahoma",0.4259,0,0,0.6874,1,0,0.4714,0,-6.5,45.5,12,2025,1,0,"SEC","SEC",-250,205,1,1.90909090909091,0.954545454545455,0.0741000000000001,0.714285714285714,0.327868852459016,-0.0268857142857143,-0.0152688524590164,0,0,0,1,1.525,-0.0152688524590164,1,1.90909090909091,0.954545454545455,0.0286
"2949",0,401756948,"Arizona State","West Virginia",0.3977,0,1,0.722,1,1,0.4051,0,-10,46.5,12,2025,1,0,"Big 12","Big 12",-380,300,1,1.90909090909091,0.954545454545455,0.1023,0.791666666666667,0.25,-0.0696666666666667,0.028,0,1,0,0,0.631578947368421,0.028,0,0,0.954545454545455,0.0949
"2950",1,401756950,"BYU","TCU",0.4547,0,1,0.5885,1,1,0.4208,0,-3,51.5,12,2025,1,0,"Big 12","Big 12",-155,130,0,0,0.954545454545455,0.0453,0.607843137254902,0.434782608695652,-0.0193431372549019,-0.0232826086956522,0,0,0,1,0.82258064516129,-0.0193431372549019,0,0,0.954545454545455,0.0792
"2951",0,401762861,"Ball State","Eastern Michigan",0.4966,0,0,0.4901,0,0,0.3692,0,2.5,48.5,12,2025,1,0,"Mid-American","Mid-American",120,-142,1,1.90909090909091,0.954545454545455,0.00339999999999996,0.454545454545455,0.586776859504132,0.0355545454545454,-0.0768768595041323,1,0,0,0,0.852112676056338,0.0355545454545454,1,1.90909090909091,0.954545454545455,0.1308
"2952",0,401756949,"Baylor","Utah",0.4589,0,0,0.2676,0,1,0.4631,0,9.5,60.5,12,2025,1,0,"Big 12","Big 12",285,-360,1,1.90909090909091,0.954545454545455,0.0411,0.25974025974026,0.782608695652174,0.00785974025974023,-0.0502086956521739,1,0,0,0,0.638888888888889,0.00785974025974023,0,0,0.954545454545455,0.0369
"2953",1,401754592,"Boston College","Georgia Tech",0.5359,1,0,0.1951,0,1,0.4241,0,16.5,61.5,12,2025,1,0,"ACC","ACC",575,-850,1,1.90909090909091,0.954545454545455,0.0359,0.148148148148148,0.894736842105263,0.0469518518518519,-0.0898368421052632,1,0,0,0,0.558823529411765,0.0469518518518519,0,0,0.954545454545455,0.0759
"2954",0,401762507,"Charlotte","UTSA",0.5932,1,0,0.1583,0,0,0.2832,0,16.5,57.5,12,2025,1,0,"American Athletic","American Athletic",525,-750,0,0,0.954545454545455,0.0931999999999999,0.16,0.882352941176471,-0.00170000000000001,-0.0406529411764706,0,0,0,1,0.566666666666667,-0.00170000000000001,1,1.90909090909091,0.954545454545455,0.2168
"2955",0,401754593,"Duke","Virginia",0.5378,1,0,0.6829,1,0,0.448,0,-5.5,59.5,12,2025,1,0,"ACC","ACC",-218,180,0,0,0.954545454545455,0.0378000000000001,0.685534591194969,0.357142857142857,-0.00263459119496845,-0.0400428571428572,0,0,0,1,1.4,-0.00263459119496845,1,1.90909090909091,0.954545454545455,0.052
"2956",1,401762508,"East Carolina","Memphis",0.5118,1,1,0.5579,1,1,0.4266,0,-3,56.5,12,2025,1,0,"American Athletic","American Athletic",-148,124,1,1.90909090909091,0.954545454545455,0.0118,0.596774193548387,0.446428571428571,-0.0388741935483871,-0.00432857142857151,0,0,0,1,0.837837837837838,-0.00432857142857151,0,0,0.954545454545455,0.0734
"2957",1,401757301,"Florida International","Liberty",0.5102,1,1,0.4007,0,1,0.4212,0,2.5,51.5,12,2025,1,0,"Conference USA","Conference USA",110,-130,1,1.90909090909091,0.954545454545455,0.0102,0.476190476190476,0.565217391304348,-0.0754904761904762,0.0340826086956523,0,1,0,0,1.05,0.0340826086956523,0,0,0.954545454545455,0.0788
"2958",1,401754594,"Florida State","Virginia Tech",0.4799,0,1,0.8472,1,0,0.4057,0,-14.5,55.5,12,2025,1,0,"ACC","ACC",-575,425,0,0,0.954545454545455,0.0201,0.851851851851852,0.19047619047619,-0.00465185185185191,-0.0376761904761904,0,0,0,1,0.58695652173913,-0.00465185185185191,1,1.90909090909091,0.954545454545455,0.0943
"2959",1,401760412,"Fresno State","Wyoming",0.4037,0,1,0.5319,1,0,0.3916,0,-3,40.5,12,2025,1,0,"Mountain West","Mountain West",-148,124,0,0,0.954545454545455,0.0963000000000001,0.596774193548387,0.446428571428571,-0.0648741935483871,0.0216714285714285,0,1,0,0,0.837837837837838,0.0216714285714285,1,1.90909090909091,0.954545454545455,0.1084
"2960",1,401752766,"Georgia","Texas",0.5142,1,1,0.7239,1,0,0.4945,0,-3.5,50.5,12,2025,1,0,"SEC","SEC",-180,150,1,1.90909090909091,0.954545454545455,0.0142,0.642857142857143,0.4,0.0810428571428571,-0.1239,1,0,1,1.55555555555556,0.777777777777778,0.0810428571428571,1,1.90909090909091,0.954545454545455,0.0055
"2961",0,401761651,"Georgia State","Marshall",0.5557,1,0,0.3125,0,0,0.4748,0,9.5,59.5,12,2025,1,0,"Sun Belt","Sun Belt",270,-340,0,0,0.954545454545455,0.0557000000000001,0.27027027027027,0.772727272727273,0.0422297297297297,-0.0852272727272727,1,0,0,0,0.647058823529412,0.0422297297297297,1,1.90909090909091,0.954545454545455,0.0252
"2962",1,401752906,"Illinois","Maryland",0.3386,0,1,0.8343,1,0,0.4395,0,-16.5,51.5,12,2025,1,0,"Big Ten","Big Ten",-750,525,0,0,0.954545454545455,0.1614,0.882352941176471,0.16,-0.0480529411764705,0.00569999999999996,0,1,0,0,0.566666666666667,0.00569999999999996,1,1.90909090909091,0.954545454545455,0.0605
"2963",0,401752901,"Indiana","Wisconsin",0.5482,1,1,0.918,1,0,0.4584,0,-28.5,43.5,12,2025,1,0,"Big Ten","Big Ten",-4500,1700,0,0,0.954545454545455,0.0482,0.978260869565217,0.0555555555555556,-0.0602608695652174,0.0264444444444444,0,1,0,0,0.511111111111111,0.0264444444444444,1,1.90909090909091,0.954545454545455,0.0416
"2964",1,401757302,"Jacksonville State","Kennesaw State",0.3852,0,1,0.3618,0,1,0.4541,0,3.5,56.5,12,2025,1,0,"Conference USA","Conference USA",160,-192,0,0,0.954545454545455,0.1148,0.384615384615385,0.657534246575342,-0.0228153846153846,-0.0193342465753424,0,0,0,1,1.3,-0.0193342465753424,0,0,0.954545454545455,0.0459
"2965",0,401762859,"Massachusetts","Northern Illinois",0.5513,1,0,0.2728,0,1,0.4502,0,9.5,43.5,12,2025,1,0,"Mid-American","Mid-American",285,-360,0,0,0.954545454545455,0.0513,0.25974025974026,0.782608695652174,0.0130597402597403,-0.055408695652174,1,0,0,0,0.638888888888889,0.0130597402597403,0,0,0.954545454545455,0.0498
"2966",1,401754595,"Miami","NC State",0.5498,1,1,0.9153,1,0,0.5359,1,-16.5,54.5,12,2025,1,0,"ACC","ACC",-700,500,1,1.90909090909091,0.954545454545455,0.0498000000000001,0.875,0.166666666666667,0.0403,-0.0819666666666667,1,0,1,1.14285714285714,0.571428571428571,0.0403,0,0,0.954545454545455,0.0359
"2967",0,401762860,"Miami (OH)","Toledo",0.579,1,0,0.4568,0,0,0.4851,0,5.5,44.5,12,2025,1,0,"Mid-American","Mid-American",190,-230,0,0,0.954545454545455,0.079,0.344827586206897,0.696969696969697,0.111972413793103,-0.153769696969697,1,0,0,0,0.717391304347826,0.111972413793103,1,1.90909090909091,0.954545454545455,0.0149
"2968",0,401752903,"Michigan State","Penn State",0.4704,0,0,0.305,0,0,0.4474,0,7,48.5,12,2025,1,0,"Big Ten","Big Ten",210,-258,1,1.90909090909091,0.954545454545455,0.0296,0.32258064516129,0.720670391061452,-0.0175806451612903,-0.0256703910614525,0,0,0,1,0.693798449612403,-0.0175806451612903,1,1.90909090909091,0.954545454545455,0.0526
"2969",1,401757304,"Missouri State","UTEP",0.4144,0,1,0.6675,1,1,0.4175,0,-6.5,47.5,12,2025,1,0,"Conference USA","Conference USA",-258,210,0,0,0.954545454545455,0.0856,0.720670391061452,0.32258064516129,-0.0531703910614525,0.0099193548387097,0,1,0,0,0.693798449612403,0.0099193548387097,0,0,0.954545454545455,0.0825
"2970",1,401762510,"Navy","South Florida",0.4852,0,1,0.3203,0,1,0.4289,0,9.5,62.5,12,2025,1,0,"American Athletic","American Athletic",270,-340,0,0,0.954545454545455,0.0148,0.27027027027027,0.772727272727273,0.0500297297297297,-0.0930272727272727,1,0,1,3.7,1.85,0.0500297297297297,0,0,0.954545454545455,0.0711
"2971",1,401760413,"Nevada","San José State",0.5703,1,1,0.3746,0,1,0.4442,0,10,49.5,12,2025,1,0,"Mountain West","Mountain West",295,-375,1,1.90909090909091,0.954545454545455,0.0703,0.253164556962025,0.789473684210526,0.121435443037975,-0.164073684210526,1,0,1,3.95,1.975,0.121435443037975,0,0,0.954545454545455,0.0558
"2972",1,401752900,"Ohio State","UCLA",0.4727,0,1,0.9211,1,1,0.546,1,-33.5,46.5,12,2025,1,0,"Big Ten","Big Ten",-6500,2000,0,0,0.954545454545455,0.0273,0.984848484848485,0.0476190476190476,-0.0637484848484848,0.0312809523809524,0,1,0,0,0.507692307692308,0.0312809523809524,1,1.90909090909091,0.954545454545455,0.046
"2973",1,401761649,"Old Dominion","Troy",0.4979,0,1,0.6895,1,0,0.495,0,-9.5,53.5,12,2025,1,0,"Sun Belt","Sun Belt",-355,280,0,0,0.954545454545455,0.00209999999999999,0.78021978021978,0.263157894736842,-0.0907197802197802,0.0473421052631579,0,1,0,0,0.640845070422535,0.0473421052631579,1,1.90909090909091,0.954545454545455,0.005
"2974",0,401761654,"Southern Miss","Texas State",0.5691,1,0,0.7008,1,0,0.6325,1,-3,65.5,12,2025,1,0,"Sun Belt","Sun Belt",-162,136,0,0,0.954545454545455,0.0690999999999999,0.618320610687023,0.423728813559322,0.082479389312977,-0.124528813559322,1,0,0,0,1.18,0.082479389312977,0,0,0.954545454545455,0.1325
"2975",1,401756953,"Texas Tech","UCF",0.6436,1,1,0.9154,1,1,0.4905,0,-24.5,48.5,12,2025,1,0,"Big 12","Big 12",-2800,1300,1,1.90909090909091,0.954545454545455,0.1436,0.96551724137931,0.0714285714285714,-0.0501172413793104,0.0131714285714286,0,1,0,0,0.517857142857143,0.0131714285714286,0,0,0.954545454545455,0.00950000000000001
"2976",0,401760414,"UNLV","Utah State",0.4422,0,1,0.6621,1,0,0.417,0,-4.5,68.5,12,2025,1,0,"Mountain West","Mountain West",-198,164,1,1.90909090909091,0.954545454545455,0.0578,0.664429530201342,0.378787878787879,-0.0023295302013423,-0.0408878787878788,0,0,0,1,0.752525252525253,-0.0023295302013423,1,1.90909090909091,0.954545454545455,0.083
